id,transaction_reference,sender_id,receiver_id,agent_id,amount,fee,transaction_type,status,category,description,is_flagged_fraud,created_at,hour_of_day,is_night_time,amount_zscore,velocity_10m
b78f873236b39b6c2649f4f705334016,TXN-ML-101,016214150e97fb9ec49141665b32485f,995a897619c18fbb346657bdfc41c6f7,,45000.0,15.0,SEND_MONEY,COMPLETED,PeerTransfer,Suspicious account takeover burst,True,2026-09-28T15:20:27.718686+00:00,2,1,4.2,1
64534a8e6159a42398f74d63a43d6f77,TXN-ML-102,995a897619c18fbb346657bdfc41c6f7,d491f477c542d1707119e8c77ba730c8,,14500.0,10.0,SEND_MONEY,COMPLETED,Fan-Out,Rapid syndicate fan-out split,True,2026-09-28T15:23:27.718686+00:00,2,1,3.8,4
e4956ba892f57099219d494a6f9d62e2,TXN-ML-1C1,d491f477c542d1707119e8c77ba730c8,9f29423a96953422c38499fabad1f7e2,9f29423a96953422c38499fabad1f7e2,14450.0,25.0,CASH_OUT,COMPLETED,Cash-Out,Convergence liquidation cash-out,True,2026-09-28T15:38:27.718686+00:00,3,1,3.1,2
2f5bdd186452b08699d09cadd25b0761,TXN-ML-103,995a897619c18fbb346657bdfc41c6f7,c72d75458cab25be0e2c630a41129bf2,,14500.0,10.0,SEND_MONEY,COMPLETED,Fan-Out,Rapid syndicate fan-out split,True,2026-09-28T15:26:27.718686+00:00,2,1,3.8,4
82ec30c4c0345d97f8548132d6008eb3,TXN-ML-1C2,c72d75458cab25be0e2c630a41129bf2,9f29423a96953422c38499fabad1f7e2,9f29423a96953422c38499fabad1f7e2,14450.0,25.0,CASH_OUT,COMPLETED,Cash-Out,Convergence liquidation cash-out,True,2026-09-28T15:41:27.718686+00:00,3,1,3.1,2
457202aba10975db2b357b42f83d0b82,TXN-ML-104,995a897619c18fbb346657bdfc41c6f7,39495bec7941dda30d5ffb10dc7835a0,,14500.0,10.0,SEND_MONEY,COMPLETED,Fan-Out,Rapid syndicate fan-out split,True,2026-09-28T15:29:27.718686+00:00,2,1,3.8,4
6a6f04b219a0a72e37fafbed6495ecec,TXN-ML-1C3,39495bec7941dda30d5ffb10dc7835a0,9f29423a96953422c38499fabad1f7e2,9f29423a96953422c38499fabad1f7e2,14450.0,25.0,CASH_OUT,COMPLETED,Cash-Out,Convergence liquidation cash-out,True,2026-09-28T15:44:27.718686+00:00,3,1,3.1,2
6141eef2263f600aba339731e9bb8b2f,TXN-ML-201,7bfa12e52337128e6a95dc4ae4de2ee1,b9376a572eeedc5c8dfd978d9d452846,,45000.0,15.0,SEND_MONEY,COMPLETED,PeerTransfer,Suspicious account takeover burst,True,2026-09-23T15:20:27.718686+00:00,2,1,4.2,1
93f1941f3540fdba0f43d44dbf2c62a9,TXN-ML-202,b9376a572eeedc5c8dfd978d9d452846,b59d7cf42c5bfc03b00fa5ae8417f581,,14500.0,10.0,SEND_MONEY,COMPLETED,Fan-Out,Rapid syndicate fan-out split,True,2026-09-23T15:23:27.718686+00:00,2,1,3.8,4
e8089f5692a1d5d165b570f820af53af,TXN-ML-2C1,b59d7cf42c5bfc03b00fa5ae8417f581,56d3630d48a7c5213076e6c42c8e9cc3,56d3630d48a7c5213076e6c42c8e9cc3,14450.0,25.0,CASH_OUT,COMPLETED,Cash-Out,Convergence liquidation cash-out,True,2026-09-23T15:38:27.718686+00:00,3,1,3.1,2
32546ea8c80a0654818daa1f45799e88,TXN-ML-203,b9376a572eeedc5c8dfd978d9d452846,f6b5bf942ce96cc22eedc473be850090,,14500.0,10.0,SEND_MONEY,COMPLETED,Fan-Out,Rapid syndicate fan-out split,True,2026-09-23T15:26:27.718686+00:00,2,1,3.8,4
950e899826aa839644f375e1b966fab6,TXN-ML-2C2,f6b5bf942ce96cc22eedc473be850090,56d3630d48a7c5213076e6c42c8e9cc3,56d3630d48a7c5213076e6c42c8e9cc3,14450.0,25.0,CASH_OUT,COMPLETED,Cash-Out,Convergence liquidation cash-out,True,2026-09-23T15:41:27.718686+00:00,3,1,3.1,2
782bf410a3ea74f2935d10b15588d46f,TXN-ML-204,b9376a572eeedc5c8dfd978d9d452846,955ec133542f6e80c30f4952fee80d33,,14500.0,10.0,SEND_MONEY,COMPLETED,Fan-Out,Rapid syndicate fan-out split,True,2026-09-23T15:29:27.718686+00:00,2,1,3.8,4
13d1c78fecd1406fb5a40636de44789b,TXN-ML-2C3,955ec133542f6e80c30f4952fee80d33,56d3630d48a7c5213076e6c42c8e9cc3,56d3630d48a7c5213076e6c42c8e9cc3,14450.0,25.0,CASH_OUT,COMPLETED,Cash-Out,Convergence liquidation cash-out,True,2026-09-23T15:44:27.718686+00:00,3,1,3.1,2
3dd2a85925107d383c3d323665ca6090,TXN-ML-301,9e7e17b731d68635812244997dbab941,2560a9c45b7f736ff2833acf0ba23b3e,,45000.0,15.0,SEND_MONEY,COMPLETED,PeerTransfer,Suspicious account takeover burst,True,2026-09-18T15:20:27.718686+00:00,2,1,4.2,1
06cee12325ccb7c73364fb475879896d,TXN-ML-302,2560a9c45b7f736ff2833acf0ba23b3e,67108e809ac0c87e3f3f926a9e8a9569,,14500.0,10.0,SEND_MONEY,COMPLETED,Fan-Out,Rapid syndicate fan-out split,True,2026-09-18T15:23:27.718686+00:00,2,1,3.8,4
22cf09ce603518bae264b56f1b6dbef6,TXN-ML-3C1,67108e809ac0c87e3f3f926a9e8a9569,56d3630d48a7c5213076e6c42c8e9cc3,56d3630d48a7c5213076e6c42c8e9cc3,14450.0,25.0,CASH_OUT,COMPLETED,Cash-Out,Convergence liquidation cash-out,True,2026-09-18T15:38:27.718686+00:00,3,1,3.1,2
a4f8663b4b1379c9ff75913a22f602e8,TXN-ML-303,2560a9c45b7f736ff2833acf0ba23b3e,d529ec7c7730634f441257c91dad22c0,,14500.0,10.0,SEND_MONEY,COMPLETED,Fan-Out,Rapid syndicate fan-out split,True,2026-09-18T15:26:27.718686+00:00,2,1,3.8,4
9c445608143518d8016f5368d4c88e08,TXN-ML-3C2,d529ec7c7730634f441257c91dad22c0,56d3630d48a7c5213076e6c42c8e9cc3,56d3630d48a7c5213076e6c42c8e9cc3,14450.0,25.0,CASH_OUT,COMPLETED,Cash-Out,Convergence liquidation cash-out,True,2026-09-18T15:41:27.718686+00:00,3,1,3.1,2
2697fe9926227d1549fb26135cbfcba2,TXN-ML-304,2560a9c45b7f736ff2833acf0ba23b3e,5fde7da627ef89562f5d2e5138fcc716,,14500.0,10.0,SEND_MONEY,COMPLETED,Fan-Out,Rapid syndicate fan-out split,True,2026-09-18T15:29:27.718686+00:00,2,1,3.8,4
ab98a870ea47cc8bfd6e2c36f34d1dfe,TXN-ML-3C3,5fde7da627ef89562f5d2e5138fcc716,56d3630d48a7c5213076e6c42c8e9cc3,56d3630d48a7c5213076e6c42c8e9cc3,14450.0,25.0,CASH_OUT,COMPLETED,Cash-Out,Convergence liquidation cash-out,True,2026-09-18T15:44:27.718686+00:00,3,1,3.1,2
c49942c6d405c5c54356a79ac8b5d620,TXN-ML-401,b780a4cf9f6267374ca9ca7c3042586f,d9df0dce0fdbee946099d135178b0651,,45000.0,15.0,SEND_MONEY,COMPLETED,PeerTransfer,Suspicious account takeover burst,True,2026-09-13T15:20:27.718686+00:00,2,1,4.2,1
e0090469e197227b796effec01bb2bf5,TXN-ML-402,d9df0dce0fdbee946099d135178b0651,36abffacfee81ff100accb009afd7377,,14500.0,10.0,SEND_MONEY,COMPLETED,Fan-Out,Rapid syndicate fan-out split,True,2026-09-13T15:23:27.718686+00:00,2,1,3.8,4
cfce75df07f9ede06df0e320d03145c2,TXN-ML-4C1,36abffacfee81ff100accb009afd7377,92768e2a43ab36f88cb4b3850d783b04,92768e2a43ab36f88cb4b3850d783b04,14450.0,25.0,CASH_OUT,COMPLETED,Cash-Out,Convergence liquidation cash-out,True,2026-09-13T15:38:27.718686+00:00,3,1,3.1,2
44d3efced3e5d02074645249b65c2da4,TXN-ML-403,d9df0dce0fdbee946099d135178b0651,a87506818a081f5835a17049b1ca9b41,,14500.0,10.0,SEND_MONEY,COMPLETED,Fan-Out,Rapid syndicate fan-out split,True,2026-09-13T15:26:27.718686+00:00,2,1,3.8,4
d255c8b41ee7829914d398c2be30cc2c,TXN-ML-4C2,a87506818a081f5835a17049b1ca9b41,92768e2a43ab36f88cb4b3850d783b04,92768e2a43ab36f88cb4b3850d783b04,14450.0,25.0,CASH_OUT,COMPLETED,Cash-Out,Convergence liquidation cash-out,True,2026-09-13T15:41:27.718686+00:00,3,1,3.1,2
4d6f544788dd2d1c020c16626bf77dd4,TXN-ML-404,d9df0dce0fdbee946099d135178b0651,d6b3bdced8ec51ba8bfd3d4c8c1cf865,,14500.0,10.0,SEND_MONEY,COMPLETED,Fan-Out,Rapid syndicate fan-out split,True,2026-09-13T15:29:27.718686+00:00,2,1,3.8,4
da3766ae51f116971bf6475d8dd8626c,TXN-ML-4C3,d6b3bdced8ec51ba8bfd3d4c8c1cf865,92768e2a43ab36f88cb4b3850d783b04,92768e2a43ab36f88cb4b3850d783b04,14450.0,25.0,CASH_OUT,COMPLETED,Cash-Out,Convergence liquidation cash-out,True,2026-09-13T15:44:27.718686+00:00,3,1,3.1,2
a137a66dacc4a05c48855850dac18ad2,TXN-ML-501,b56e04675e530859a4cde7562b4786e5,22c8bad4d62b01cf4e1270d7be143d90,,45000.0,15.0,SEND_MONEY,COMPLETED,PeerTransfer,Suspicious account takeover burst,True,2026-09-08T15:20:27.718686+00:00,2,1,4.2,1
a3fa0acd854d6a150f85c85f9cbb642e,TXN-ML-502,22c8bad4d62b01cf4e1270d7be143d90,f24ec36fe902d9fc366bf6c5c42558c0,,14500.0,10.0,SEND_MONEY,COMPLETED,Fan-Out,Rapid syndicate fan-out split,True,2026-09-08T15:23:27.718686+00:00,2,1,3.8,4
3bd42c275d1dd4a1953985e63752b806,TXN-ML-5C1,f24ec36fe902d9fc366bf6c5c42558c0,91636429900048d39a6a81c76e775fe7,91636429900048d39a6a81c76e775fe7,14450.0,25.0,CASH_OUT,COMPLETED,Cash-Out,Convergence liquidation cash-out,True,2026-09-08T15:38:27.718686+00:00,3,1,3.1,2
b6f89f5c8c23e4cafd34534aedbe9aee,TXN-ML-503,22c8bad4d62b01cf4e1270d7be143d90,92d9cb140eda53d5046b82d656354805,,14500.0,10.0,SEND_MONEY,COMPLETED,Fan-Out,Rapid syndicate fan-out split,True,2026-09-08T15:26:27.718686+00:00,2,1,3.8,4
42f87e49f7b3e56a369781d8061e7471,TXN-ML-5C2,92d9cb140eda53d5046b82d656354805,91636429900048d39a6a81c76e775fe7,91636429900048d39a6a81c76e775fe7,14450.0,25.0,CASH_OUT,COMPLETED,Cash-Out,Convergence liquidation cash-out,True,2026-09-08T15:41:27.718686+00:00,3,1,3.1,2
b0340b9f7047ed2f695ba9574ab9444e,TXN-ML-504,22c8bad4d62b01cf4e1270d7be143d90,8d188907e63291714835adb689e38229,,14500.0,10.0,SEND_MONEY,COMPLETED,Fan-Out,Rapid syndicate fan-out split,True,2026-09-08T15:29:27.718686+00:00,2,1,3.8,4
012bfa138f6ebf9db85b878972b9fb55,TXN-ML-5C3,8d188907e63291714835adb689e38229,91636429900048d39a6a81c76e775fe7,91636429900048d39a6a81c76e775fe7,14450.0,25.0,CASH_OUT,COMPLETED,Cash-Out,Convergence liquidation cash-out,True,2026-09-08T15:44:27.718686+00:00,3,1,3.1,2
0dbaa47cbaf15150c23acb1402f63fbd,TXN-ML-601,5702a1644e9aebb91bb00367c4c52710,019eb181a60b72600fe1522fabe4cd00,,45000.0,15.0,SEND_MONEY,COMPLETED,PeerTransfer,Suspicious account takeover burst,True,2026-09-03T15:20:27.718686+00:00,2,1,4.2,1
0ba05a84310d45e478c3cc76c159d6d8,TXN-ML-602,019eb181a60b72600fe1522fabe4cd00,8d188907e63291714835adb689e38229,,14500.0,10.0,SEND_MONEY,COMPLETED,Fan-Out,Rapid syndicate fan-out split,True,2026-09-03T15:23:27.718686+00:00,2,1,3.8,4
90199e1362e6301dfab36dc61cf6b92d,TXN-ML-6C1,8d188907e63291714835adb689e38229,ff0283fc6d6fcb75b58eb34c73cfeaeb,ff0283fc6d6fcb75b58eb34c73cfeaeb,14450.0,25.0,CASH_OUT,COMPLETED,Cash-Out,Convergence liquidation cash-out,True,2026-09-03T15:38:27.718686+00:00,3,1,3.1,2
f5adfc3ff5109adf8e0dcaf89ac2fb7d,TXN-ML-603,019eb181a60b72600fe1522fabe4cd00,b62a999cc4eeb9376b4dda8f15f3b983,,14500.0,10.0,SEND_MONEY,COMPLETED,Fan-Out,Rapid syndicate fan-out split,True,2026-09-03T15:26:27.718686+00:00,2,1,3.8,4
37b36a1a81331ad7f79061f40f9b5f1d,TXN-ML-6C2,b62a999cc4eeb9376b4dda8f15f3b983,ff0283fc6d6fcb75b58eb34c73cfeaeb,ff0283fc6d6fcb75b58eb34c73cfeaeb,14450.0,25.0,CASH_OUT,COMPLETED,Cash-Out,Convergence liquidation cash-out,True,2026-09-03T15:41:27.718686+00:00,3,1,3.1,2
2b37bbcfcd718f581461b39b390aed72,TXN-ML-604,019eb181a60b72600fe1522fabe4cd00,2560a9c45b7f736ff2833acf0ba23b3e,,14500.0,10.0,SEND_MONEY,COMPLETED,Fan-Out,Rapid syndicate fan-out split,True,2026-09-03T15:29:27.718686+00:00,2,1,3.8,4
3380fcfb21124a03d6bfcd5b9c777f53,TXN-ML-6C3,2560a9c45b7f736ff2833acf0ba23b3e,ff0283fc6d6fcb75b58eb34c73cfeaeb,ff0283fc6d6fcb75b58eb34c73cfeaeb,14450.0,25.0,CASH_OUT,COMPLETED,Cash-Out,Convergence liquidation cash-out,True,2026-09-03T15:44:27.718686+00:00,3,1,3.1,2
4fbce7c311029edd53f1b069dc3da82e,TXN-63929C8D,774b058b32fa45e881e3520560698426,d9df0dce0fdbee946099d135178b0651,,104.09,0.0,RECHARGE,COMPLETED,Recharge,Simulated RECHARGE,False,2026-09-16T19:03:20.718686+00:00,19,0,-1.33,1
3ee16bdab91dd569b610639ce9be088b,TXN-F98F552E,28bad9c9332ec0e5025efc44e6a7a54f,9708ab5e440dc80ab8deaa5aa649c2a6,,1873.52,0.0,BILL_PAY,COMPLETED,Bill Pay,Simulated BILL_PAY,False,2026-09-18T09:27:39.718686+00:00,9,0,-0.35,1
ce550c62be2b6714f7ff1dc4446436e0,TXN-41711443,88763c3e84f0d3eb136c4d4e1aeecdaf,b9376a572eeedc5c8dfd978d9d452846,88763c3e84f0d3eb136c4d4e1aeecdaf,5617.25,0.0,CASH_IN,COMPLETED,Cash In,Simulated CASH_IN,False,2026-09-28T21:23:57.718686+00:00,21,0,1.73,1
44123108986825e8942da374b8328c79,TXN-30058774,09f548833bd96f4cda1bac60ea3bdfe9,d6b3bdced8ec51ba8bfd3d4c8c1cf865,,6506.98,5.0,SEND_MONEY,COMPLETED,Send Money,Simulated SEND_MONEY,False,2026-09-01T20:47:49.718686+00:00,20,0,2.23,1
9e638bf52736b544ef723fd523371e95,TXN-FFE344CD,a87506818a081f5835a17049b1ca9b41,ec39bb7cabcf592c12d346c409defd7e,,550.2,0.0,MERCHANT_PAY,COMPLETED,Merchant Pay,Simulated MERCHANT_PAY,False,2026-09-13T10:24:39.718686+00:00,10,0,-1.08,1
56734f55ea8817c4a7c09a79527c614b,TXN-E386F02E,a9d8772b2a6882090ec5f80427432dbd,afcf8f047d02a8cefb9e5053b9802e7a,,1775.8,0.0,MERCHANT_PAY,COMPLETED,Merchant Pay,Simulated MERCHANT_PAY,False,2026-08-01T03:18:50.718686+00:00,3,1,-0.4,1
8a6b991b1638e97f511dc083da466455,TXN-3A08CE3F,f611ce5213887ad5e4699085f1c73845,21432700fffec608e4fd2fb0ddb36d82,,4230.82,5.0,SEND_MONEY,COMPLETED,Send Money,Simulated SEND_MONEY,False,2026-07-07T13:41:51.718686+00:00,13,0,0.96,1
d438d3785dbbf258c8da93a93adfc09a,TXN-957E2216,5ea78e239a56f60e7a73667f804942f5,b1a66b3f63e51e2a843b9028fcb6ded2,b1a66b3f63e51e2a843b9028fcb6ded2,2688.96,15.0,CASH_OUT,COMPLETED,Cash Out,Simulated CASH_OUT,False,2026-07-25T11:44:10.718686+00:00,11,0,0.1,1
ccee7790a28d37e3ddce16b22c6c3848,TXN-F6DDBF05,76d2086982f4a9e6bed9b3147eed7cbc,5d4470618fa83366c874eea88d34d4d1,,2312.48,0.0,MERCHANT_PAY,COMPLETED,Merchant Pay,Simulated MERCHANT_PAY,False,2026-09-13T22:51:25.718686+00:00,22,0,-0.1,1
c7d519ebfa15679ed66d72191a3809f8,TXN-A1281EFD,920d641d4f1838031412092365b508f9,0dd188fb9dd3735e1ba71bddcf9b5680,,2069.32,0.0,MERCHANT_PAY,COMPLETED,Merchant Pay,Simulated MERCHANT_PAY,False,2026-08-28T05:57:55.718686+00:00,5,1,-0.24,2
720600ff3e033b4fe0db7f8a574c3f1c,TXN-8584EAFB,d2c0e952054db218612de01b8b401e3d,f24ec36fe902d9fc366bf6c5c42558c0,,10919.48,5.0,SEND_MONEY,COMPLETED,Send Money,Simulated SEND_MONEY,False,2026-09-05T06:09:23.718686+00:00,6,0,4.68,1
74ad2f5e63edf0d055594c1eb5e7bd06,TXN-2E973131,6d9b4fa238dde07f567f7dbd00b23fd7,0f2255d256be218b494e0e4b1a7f5e1c,,863.62,0.0,MERCHANT_PAY,COMPLETED,Merchant Pay,Simulated MERCHANT_PAY,False,2026-08-24T02:05:40.718686+00:00,2,1,-0.91,2
f7e9bc001d57b11512e0c611845a6b90,TXN-587680F3,4475a6a8efb7ee576f44e9a1cf97e616,687322ba46ad7d1a6dcdcbed6b3c57d9,,188.85,0.0,MERCHANT_PAY,COMPLETED,Merchant Pay,Simulated MERCHANT_PAY,False,2026-09-26T23:07:43.718686+00:00,23,0,-1.28,1
9c697282c7381c08f0b38bceca84ed3c,TXN-A544164A,7bfa12e52337128e6a95dc4ae4de2ee1,6fa7dee9d506c590d0adc559242b754b,,1196.63,0.0,MERCHANT_PAY,COMPLETED,Merchant Pay,Simulated MERCHANT_PAY,False,2026-08-30T21:13:16.718686+00:00,21,0,-0.72,1
a29da1b2a6799d4e08d66d4a2a70aebd,TXN-6FC3260C,67108e809ac0c87e3f3f926a9e8a9569,db05a31aa77a8230c08e634a3795fe26,,147.21,0.0,RECHARGE,COMPLETED,Recharge,Simulated RECHARGE,False,2026-07-15T10:41:04.718686+00:00,10,0,-1.31,1
aa6bab23e25e8f587b600eacfc1089e5,TXN-1F7434ED,74a9e2d1020eb53493a1eb482d915981,b9ee744cc6893b8e4e16d19dfafb9284,b9ee744cc6893b8e4e16d19dfafb9284,5200.99,15.0,CASH_OUT,COMPLETED,Cash Out,Simulated CASH_OUT,False,2026-09-12T07:25:35.718686+00:00,7,0,1.5,1
60b50e6485c3b410d5fabb42df111252,TXN-10C9D5A6,9e7e17b731d68635812244997dbab941,d9df0dce0fdbee946099d135178b0651,,336.26,0.0,MERCHANT_PAY,COMPLETED,Merchant Pay,Simulated MERCHANT_PAY,False,2026-10-01T04:03:14.718686+00:00,4,1,-1.2,1
374f34e240d736f92d3f41e914304aec,TXN-851F9819,9ca2c035804c1751d9bb84108e46b24b,b7602bda5c16c93cd75c0dbcdd2f6d6c,,1967.98,5.0,SEND_MONEY,COMPLETED,Send Money,Simulated SEND_MONEY,False,2026-07-11T05:24:03.718686+00:00,5,1,-0.3,2
b629226d24356a5515c3acb499a9d833,TXN-CB274498,fc9c1388504a06a82f25be52c4a6f5a5,ec39bb7cabcf592c12d346c409defd7e,,4373.57,5.0,SEND_MONEY,COMPLETED,Send Money,Simulated SEND_MONEY,False,2026-07-26T23:57:53.718686+00:00,23,0,1.04,1
487a096dcfd1cf7ccac292c6bdf4c7a3,TXN-B3597896,65934a85ba1c9c2d039acb02a4e9f5a7,b9376a572eeedc5c8dfd978d9d452846,,13668.93,5.0,SEND_MONEY,COMPLETED,Send Money,Simulated SEND_MONEY,False,2026-09-03T16:48:58.718686+00:00,16,0,6.2,1
1c814a8d046448afc4682534415d2009,TXN-F6AD9B2D,947ad30ee89e026f62bb39e7b8666c6e,92768e2a43ab36f88cb4b3850d783b04,92768e2a43ab36f88cb4b3850d783b04,2743.66,15.0,CASH_OUT,COMPLETED,Cash Out,Simulated CASH_OUT,False,2026-08-31T06:10:20.718686+00:00,6,0,0.14,1
ba6dafc64073264b4c5526772d0d3148,TXN-209E0AF9,c85db54ea070ffe0c9c2c638737e31ca,2fe489dc20c1708cfa581d796a164a05,,1999.62,5.0,SEND_MONEY,COMPLETED,Send Money,Simulated SEND_MONEY,False,2026-08-24T11:11:02.718686+00:00,11,0,-0.28,1
f4169bce48dc47fbbccbfb3dddc3bf77,TXN-FC17B159,bdd1bcc71ed6717c4a5f4df6a382d2c0,ec39bb7cabcf592c12d346c409defd7e,,119.44,0.0,MERCHANT_PAY,COMPLETED,Merchant Pay,Simulated MERCHANT_PAY,False,2026-07-08T17:33:22.718686+00:00,17,0,-1.32,1
a2e353a1bf4c5766d681474184d4552e,TXN-BBE42FFE,1e002e71e6b9a839b69d43969374e33e,641575d590fb761036ec5b80cdf1203a,,1072.14,5.0,SEND_MONEY,COMPLETED,Send Money,Simulated SEND_MONEY,False,2026-08-04T15:41:36.718686+00:00,15,0,-0.79,1
4e79034d07b7bfdf11c30f11bd2955cf,TXN-CD55E13A,8370e53dac1eee251fae5e9d3383e82d,b59d7cf42c5bfc03b00fa5ae8417f581,,2287.99,5.0,SEND_MONEY,COMPLETED,Send Money,Simulated SEND_MONEY,False,2026-09-25T19:01:34.718686+00:00,19,0,-0.12,1
2eeee2e66f414275ceadc3ef6cd59fbf,TXN-E9877D47,39495bec7941dda30d5ffb10dc7835a0,b59d7cf42c5bfc03b00fa5ae8417f581,,790.98,5.0,SEND_MONEY,COMPLETED,Send Money,Simulated SEND_MONEY,False,2026-08-12T05:29:10.718686+00:00,5,1,-0.95,2
be66c5f2192ff07e7c1ca03a412e76ee,TXN-089B965F,ac9fb77bcbd378402146779c00a5ffff,7bfa12e52337128e6a95dc4ae4de2ee1,,40.73,0.0,RECHARGE,COMPLETED,Recharge,Simulated RECHARGE,False,2026-09-05T04:20:11.718686+00:00,4,1,-1.37,1
1b68d8a109b91fb4d8fbeb635817bed5,TXN-2FE0D8D8,56e8207d13bee145b0139e9bb3a77636,e2b37ac0f1e35aae80becc0986504993,,1997.64,0.0,MERCHANT_PAY,COMPLETED,Merchant Pay,Simulated MERCHANT_PAY,False,2026-08-25T13:52:55.718686+00:00,13,0,-0.28,1
7d968fc154fac2d7817c3593cb7148d7,TXN-460B50AF,44441b337855f3507cd7f3f529f9ed9b,2f12019338fde08f7f9d2612b6f5b02b,,168.04,0.0,RECHARGE,COMPLETED,Recharge,Simulated RECHARGE,False,2026-09-30T03:08:09.718686+00:00,3,1,-1.3,1
1f8162079f4f7e2711750ce06b96da0a,TXN-2A0CD635,21432700fffec608e4fd2fb0ddb36d82,5c65507c2e3b7c0043daa0a1ffae75d3,,456.6,5.0,SEND_MONEY,COMPLETED,Send Money,Simulated SEND_MONEY,False,2026-09-15T05:31:59.718686+00:00,5,1,-1.14,2
4e470a0fbf21a05a73b3fce01781f012,TXN-7810E270,cf34c4e00ac75bb140c3d733b7d0acdf,5d4470618fa83366c874eea88d34d4d1,,1288.78,5.0,SEND_MONEY,COMPLETED,Send Money,Simulated SEND_MONEY,False,2026-07-10T04:40:20.718686+00:00,4,1,-0.67,2
776217d8bdda0e63b330842f3863237c,TXN-57548758,d529ec7c7730634f441257c91dad22c0,9e7e17b731d68635812244997dbab941,,94.17,0.0,RECHARGE,COMPLETED,Recharge,Simulated RECHARGE,False,2026-10-03T13:15:31.718686+00:00,13,0,-1.34,1
e90b4910c0768cd931d8135d0db56903,TXN-F1BAC2E4,d9df0dce0fdbee946099d135178b0651,d0b4cd2df32ef122a0c71b82035e6dc3,,995.26,0.0,BILL_PAY,COMPLETED,Bill Pay,Simulated BILL_PAY,False,2026-08-09T18:46:55.718686+00:00,18,0,-0.84,1
c9146283099e7fafd255c5d16e091e88,TXN-74F09B7C,67108e809ac0c87e3f3f926a9e8a9569,59b4db4760e9c7b71f89662b46b5744d,59b4db4760e9c7b71f89662b46b5744d,3190.05,15.0,CASH_OUT,COMPLETED,Cash Out,Simulated CASH_OUT,False,2026-10-01T06:57:54.718686+00:00,6,0,0.38,1
b9b0e5ef24f09da90632214926924296,TXN-994B265B,b780a4cf9f6267374ca9ca7c3042586f,bdd1bcc71ed6717c4a5f4df6a382d2c0,,2210.87,0.0,BILL_PAY,COMPLETED,Bill Pay,Simulated BILL_PAY,False,2026-09-01T20:55:42.718686+00:00,20,0,-0.16,1
38bfc16f2dbe3f5d75a4fe08ea79dd9d,TXN-A1329BAA,c93486184196482ee09eeb5394eb3284,b13eb846b74a47cc34cd153c313fc9b4,,4174.62,5.0,SEND_MONEY,COMPLETED,Send Money,Simulated SEND_MONEY,False,2026-07-22T14:08:47.718686+00:00,14,0,0.93,1
f731f0c5740dfbf224fff037d5d67a5e,TXN-0732766B,9ca2c035804c1751d9bb84108e46b24b,5c110f190a3951baa533cec59ffb6aa1,,1187.28,0.0,BILL_PAY,COMPLETED,Bill Pay,Simulated BILL_PAY,False,2026-08-04T05:33:11.718686+00:00,5,1,-0.73,2
5f3b4361e2e1e2cca527eca6913be694,TXN-44660569,d0b4cd2df32ef122a0c71b82035e6dc3,d2c0e952054db218612de01b8b401e3d,,3981.43,5.0,SEND_MONEY,COMPLETED,Send Money,Simulated SEND_MONEY,False,2026-07-08T22:23:22.718686+00:00,22,0,0.82,1
ad149692ccac609cf719c729f89dfb1b,TXN-A7DC2E48,6d9b4fa238dde07f567f7dbd00b23fd7,0fc954a8903d8d3906c6f655090a2772,,1889.6,0.0,MERCHANT_PAY,COMPLETED,Merchant Pay,Simulated MERCHANT_PAY,False,2026-07-22T08:55:03.718686+00:00,8,0,-0.34,1
c117d9bc4fc06d866f998b83bb962720,TXN-C98A7B83,dfcc900c6dbec41542ed1b6650d9edf5,65fc47ce4974867b6829d72772afdcf1,,2369.0,0.0,MERCHANT_PAY,COMPLETED,Merchant Pay,Simulated MERCHANT_PAY,False,2026-07-19T10:02:52.718686+00:00,10,0,-0.07,1
20e5827a9c512b144ed386e34f4a50b3,TXN-25470781,ec6e284035e6331bdc37fe8d94a47b09,b1a66b3f63e51e2a843b9028fcb6ded2,b1a66b3f63e51e2a843b9028fcb6ded2,6854.74,15.0,CASH_OUT,COMPLETED,Cash Out,Simulated CASH_OUT,False,2026-07-08T19:48:19.718686+00:00,19,0,2.42,1
3ff1736ef9b77ba4c674ad43feb0f6a1,TXN-10E4BCBC,a9471c06d90eef52295526c0ef9c12bf,5aeb81f0b34f243855d547a027205162,,31.82,0.0,RECHARGE,COMPLETED,Recharge,Simulated RECHARGE,False,2026-07-16T05:19:06.718686+00:00,5,1,-1.37,2
276bdb73083a162468006935a46a9b34,TXN-764199E8,f611ce5213887ad5e4699085f1c73845,c93486184196482ee09eeb5394eb3284,,1132.48,0.0,MERCHANT_PAY,COMPLETED,Merchant Pay,Simulated MERCHANT_PAY,False,2026-08-12T10:06:36.718686+00:00,10,0,-0.76,1
775c2eba8757ac47c5d04313069d554b,TXN-BE4E57FE,7646bcb6920612b5e359b12633365514,ec6e284035e6331bdc37fe8d94a47b09,,1851.07,0.0,MERCHANT_PAY,COMPLETED,Merchant Pay,Simulated MERCHANT_PAY,False,2026-09-01T01:54:36.718686+00:00,1,1,-0.36,2
cdcd7778c733e2c60720decf7b505eed,TXN-ADC744D2,28bad9c9332ec0e5025efc44e6a7a54f,fe650fe8f7f1b92ef09c9e9930e4af3f,,4184.09,5.0,SEND_MONEY,COMPLETED,Send Money,Simulated SEND_MONEY,False,2026-07-25T10:51:30.718686+00:00,10,0,0.94,1
1afe0bab178311c77f3b456e02d0a74e,TXN-D8F29869,45b882f3960f148988c5b8fe01addac1,687322ba46ad7d1a6dcdcbed6b3c57d9,,4789.63,5.0,SEND_MONEY,COMPLETED,Send Money,Simulated SEND_MONEY,False,2026-07-22T13:50:51.718686+00:00,13,0,1.27,1
dd8a625ae9a10a479bd1922ec5b9370e,TXN-3761358D,0e65de46311e9c847c499c11aa845484,f60a322e38c9343ece39f96df2f9dd6e,0e65de46311e9c847c499c11aa845484,11094.85,0.0,CASH_IN,COMPLETED,Cash In,Simulated CASH_IN,False,2026-09-29T08:59:22.718686+00:00,8,0,4.77,1
3e8f40a2f64d5dc256abfbebe2383ff6,TXN-7295CA04,8dec199f53c51c5628944251dda68691,b62a999cc4eeb9376b4dda8f15f3b983,,2133.46,0.0,MERCHANT_PAY,COMPLETED,Merchant Pay,Simulated MERCHANT_PAY,False,2026-07-25T17:30:06.718686+00:00,17,0,-0.2,1
0a12ae8ae23fe4d0baf53f64195eb208,TXN-02145892,b62a999cc4eeb9376b4dda8f15f3b983,91c41a04edd64e4c32a0af71604f336a,,487.78,0.0,RECHARGE,COMPLETED,Recharge,Simulated RECHARGE,False,2026-09-17T01:49:30.718686+00:00,1,1,-1.12,2
d626fa2ab3ed9c40d09dca7d9309c3b1,TXN-A6E0B62C,7bfa12e52337128e6a95dc4ae4de2ee1,b105797ce7097a9d7175762f71c33e73,,52.65,0.0,RECHARGE,COMPLETED,Recharge,Simulated RECHARGE,False,2026-08-14T05:57:48.718686+00:00,5,1,-1.36,2
b0515b99c2cd4802234bbe525df8df55,TXN-B397CE18,fd47a55fd1e7be8b66eb4061f0a37bc1,1cd31cec7165b0f999e22f35ea0f297b,,123.26,0.0,RECHARGE,COMPLETED,Recharge,Simulated RECHARGE,False,2026-07-08T20:55:53.718686+00:00,20,0,-1.32,1
36826bfff9f81382d8ab53884e8716dd,TXN-4369BC15,4c64ccf00086f53c7786ee74543a024a,22c8bad4d62b01cf4e1270d7be143d90,,3126.69,0.0,BILL_PAY,COMPLETED,Bill Pay,Simulated BILL_PAY,False,2026-08-16T14:15:22.718686+00:00,14,0,0.35,1
defb4a94895324bc272bd7d09316a168,TXN-652535BC,d9df0dce0fdbee946099d135178b0651,d529ec7c7730634f441257c91dad22c0,,96.32,0.0,RECHARGE,COMPLETED,Recharge,Simulated RECHARGE,False,2026-07-16T03:29:52.718686+00:00,3,1,-1.34,2
1c208a57ee56f27ba0e471a3d30f87b0,TXN-5087C195,74a9e2d1020eb53493a1eb482d915981,019eb181a60b72600fe1522fabe4cd00,,3439.36,5.0,SEND_MONEY,COMPLETED,Send Money,Simulated SEND_MONEY,False,2026-08-19T09:14:36.718686+00:00,9,0,0.52,1
d488a51ab9c53059ddc25363e5eabaac,TXN-77F9E9A8,ba43d28df7fba6619bbe4dc11c06298b,641575d590fb761036ec5b80cdf1203a,,1141.45,5.0,SEND_MONEY,COMPLETED,Send Money,Simulated SEND_MONEY,False,2026-08-25T15:24:41.718686+00:00,15,0,-0.75,1
77bc7b04dbd80142f6aa0c75a1fec311,TXN-671405DC,5c110f190a3951baa533cec59ffb6aa1,0f2255d256be218b494e0e4b1a7f5e1c,,1133.57,0.0,MERCHANT_PAY,COMPLETED,Merchant Pay,Simulated MERCHANT_PAY,False,2026-07-20T17:52:20.718686+00:00,17,0,-0.76,1
16046e5239122c212c022a01e03e1b73,TXN-0154CB41,fadf4e0aa4e6db699191d450e3cfca90,f89e0aa9ae8d55dcb43d0315270b2238,,4329.56,5.0,SEND_MONEY,COMPLETED,Send Money,Simulated SEND_MONEY,False,2026-09-15T06:29:08.718686+00:00,6,0,1.02,1
2b7537b3e898577a7d571886bcba2d41,TXN-67536E4B,d529ec7c7730634f441257c91dad22c0,79a30ec2ffa4cd645fd6ad37bf5a2a92,,1070.61,0.0,MERCHANT_PAY,COMPLETED,Merchant Pay,Simulated MERCHANT_PAY,False,2026-08-15T14:33:12.718686+00:00,14,0,-0.79,1
dc6587630f313a913178e0f797850e8e,TXN-9092D011,a87506818a081f5835a17049b1ca9b41,d3c308a1208710510c3bcb610dc42d08,,316.7,0.0,RECHARGE,COMPLETED,Recharge,Simulated RECHARGE,False,2026-08-15T23:50:54.718686+00:00,23,0,-1.21,1
3a5d1f225edf50ef0952a9a605a339a5,TXN-4FB667B9,f60a322e38c9343ece39f96df2f9dd6e,ab033cdcb66402849ab1b6df20d638bb,,288.75,0.0,MERCHANT_PAY,COMPLETED,Merchant Pay,Simulated MERCHANT_PAY,False,2026-08-30T15:01:51.718686+00:00,15,0,-1.23,1
cd0fce13ecf3322ff946e865f8558736,TXN-D9B8D8AB,3b07bdc1c386d1c7a5047c4d4a4a0ea7,8dec199f53c51c5628944251dda68691,,1997.94,0.0,BILL_PAY,COMPLETED,Bill Pay,Simulated BILL_PAY,False,2026-07-15T12:10:37.718686+00:00,12,0,-0.28,1
ec579ebe4c518c4bd900092cdc82abb5,TXN-ADA3F598,ba62a89e273f83051020288c4d221f17,d491f477c542d1707119e8c77ba730c8,,860.25,5.0,SEND_MONEY,COMPLETED,Send Money,Simulated SEND_MONEY,False,2026-09-25T22:58:05.718686+00:00,22,0,-0.91,1
852d76720d0c40bb52bf9b5440c26926,TXN-03FA09E2,cd014c6c636613884125f62c886cd09e,21432700fffec608e4fd2fb0ddb36d82,,3898.31,5.0,SEND_MONEY,COMPLETED,Send Money,Simulated SEND_MONEY,False,2026-09-26T20:20:03.718686+00:00,20,0,0.78,1
c5eae8a9a34bb9b004b1eab4fbde41c0,TXN-75D6C0DC,7646bcb6920612b5e359b12633365514,92768e2a43ab36f88cb4b3850d783b04,92768e2a43ab36f88cb4b3850d783b04,2924.06,15.0,CASH_OUT,COMPLETED,Cash Out,Simulated CASH_OUT,False,2026-09-01T14:08:36.718686+00:00,14,0,0.24,1
2ba82bf485f694137176089f24413a0f,TXN-DA298B2F,035c936add07d70d3d44b37710f68d9b,f60a322e38c9343ece39f96df2f9dd6e,,83.35,0.0,RECHARGE,COMPLETED,Recharge,Simulated RECHARGE,False,2026-08-13T03:35:29.718686+00:00,3,1,-1.34,2
b911b9f04ecf691d8e36eaa11a65cf24,TXN-0A45D7C9,28bad9c9332ec0e5025efc44e6a7a54f,f63764957f52e118034140e73b764fd8,,3427.58,0.0,BILL_PAY,COMPLETED,Bill Pay,Simulated BILL_PAY,False,2026-08-10T20:23:04.718686+00:00,20,0,0.52,1
4016637acac0d4d1e8cacf9195a907fe,TXN-5C151173,cce557b7c5670116283705cc1e96e85a,d2c0e952054db218612de01b8b401e3d,cce557b7c5670116283705cc1e96e85a,9003.19,0.0,CASH_IN,COMPLETED,Cash In,Simulated CASH_IN,False,2026-07-11T09:57:54.718686+00:00,9,0,3.61,1
722666005335dc4803f68ca3b961c8a4,TXN-22873253,93ed20f7af298133b5d5c110715e43f5,8cefe33bc85b06476d4145b5395ea644,,4510.77,5.0,SEND_MONEY,COMPLETED,Send Money,Simulated SEND_MONEY,False,2026-07-13T09:59:37.718686+00:00,9,0,1.12,1
803472da4c0c95e02f28f067c94d552f,TXN-796C448A,b59d7cf42c5bfc03b00fa5ae8417f581,44441b337855f3507cd7f3f529f9ed9b,,1563.53,0.0,MERCHANT_PAY,COMPLETED,Merchant Pay,Simulated MERCHANT_PAY,False,2026-08-06T09:31:44.718686+00:00,9,0,-0.52,1
93ddfded4cc408957446f6b782af8ce6,TXN-4EA4F3E7,f073b58ca6bf5f68a77b501b3e16b8fa,b56e04675e530859a4cde7562b4786e5,,3209.8,5.0,SEND_MONEY,COMPLETED,Send Money,Simulated SEND_MONEY,False,2026-08-18T15:21:33.718686+00:00,15,0,0.39,1
977a206ad05c9a9881be6b12127658d5,TXN-A1D7BB36,942a55200af93c74d921d93f2beb656e,f073b58ca6bf5f68a77b501b3e16b8fa,,173.28,0.0,RECHARGE,COMPLETED,Recharge,Simulated RECHARGE,False,2026-08-24T03:56:10.718686+00:00,3,1,-1.29,1
cc4ae758c7afec32bef8d92689e8d746,TXN-BF4FFEB5,8cefe33bc85b06476d4145b5395ea644,f60a322e38c9343ece39f96df2f9dd6e,,1554.27,0.0,BILL_PAY,COMPLETED,Bill Pay,Simulated BILL_PAY,False,2026-08-19T04:53:09.718686+00:00,4,1,-0.53,2
4a9dd2d343522407cdef5ab0abfed6b0,TXN-0C8805D1,76d2086982f4a9e6bed9b3147eed7cbc,a87506818a081f5835a17049b1ca9b41,,3401.71,5.0,SEND_MONEY,COMPLETED,Send Money,Simulated SEND_MONEY,False,2026-07-22T12:45:22.718686+00:00,12,0,0.5,1
3aac01b8a32e7f50dc01c09f92ce721e,TXN-985B94D5,641575d590fb761036ec5b80cdf1203a,4c64ccf00086f53c7786ee74543a024a,,643.7,0.0,MERCHANT_PAY,COMPLETED,Merchant Pay,Simulated MERCHANT_PAY,False,2026-08-02T06:01:58.718686+00:00,6,0,-1.03,1
0fcb6fb9ad93f817dc67b599f6763936,TXN-E9D3B79F,019eb181a60b72600fe1522fabe4cd00,016214150e97fb9ec49141665b32485f,,420.86,0.0,RECHARGE,COMPLETED,Recharge,Simulated RECHARGE,False,2026-07-18T12:04:30.718686+00:00,12,0,-1.16,1
6c47a2bb01cdf22a26828fdd5cea48b4,TXN-B9323741,995a897619c18fbb346657bdfc41c6f7,36abffacfee81ff100accb009afd7377,,793.61,0.0,BILL_PAY,COMPLETED,Bill Pay,Simulated BILL_PAY,False,2026-09-22T22:21:43.718686+00:00,22,0,-0.95,1
9693bb66617f8fcba3eb5cc7fd571603,TXN-55A45AE8,0fc954a8903d8d3906c6f655090a2772,d604f2ebd984a759fc53f682396031cd,,2707.65,0.0,BILL_PAY,COMPLETED,Bill Pay,Simulated BILL_PAY,False,2026-08-21T02:14:20.718686+00:00,2,1,0.12,1
c7be88b4ab82fde56d2327a6fcdaa67a,TXN-96666FAC,920d641d4f1838031412092365b508f9,0f2255d256be218b494e0e4b1a7f5e1c,,11001.84,5.0,SEND_MONEY,COMPLETED,Send Money,Simulated SEND_MONEY,False,2026-09-04T00:39:17.718686+00:00,0,0,4.72,1
e400431f7ef320173000db74bcbcafb0,TXN-C557AB48,1e002e71e6b9a839b69d43969374e33e,887489e7c99502841ba83eec893afe1d,,86.43,0.0,RECHARGE,COMPLETED,Recharge,Simulated RECHARGE,False,2026-07-26T00:51:41.718686+00:00,0,0,-1.34,1
eb8f0519d0582ba8eb9cceb069e90014,TXN-9284A33B,a9d8772b2a6882090ec5f80427432dbd,920d641d4f1838031412092365b508f9,,267.64,0.0,RECHARGE,COMPLETED,Recharge,Simulated RECHARGE,False,2026-09-13T21:19:33.718686+00:00,21,0,-1.24,1
b5b6c6bcaf82016456700f6615e92dfa,TXN-77365D12,61874613550dc5121fdaaac0737a643d,0d3fa09ecaba91e19a1f466e6ed0ab3d,,6192.28,5.0,SEND_MONEY,COMPLETED,Send Money,Simulated SEND_MONEY,False,2026-09-01T12:16:53.718686+00:00,12,0,2.05,1
b744b7bc69a32232ad6fe1fc3c57cddb,TXN-53562F7F,2e83ddfe2c55078090a49c56b71a1ae2,db05a31aa77a8230c08e634a3795fe26,,997.51,0.0,MERCHANT_PAY,COMPLETED,Merchant Pay,Simulated MERCHANT_PAY,False,2026-08-27T19:31:47.718686+00:00,19,0,-0.83,1
98c08fce3f448e06d6cf6b5f3b7f582d,TXN-D1046597,016214150e97fb9ec49141665b32485f,b9376a572eeedc5c8dfd978d9d452846,,858.34,5.0,SEND_MONEY,COMPLETED,Send Money,Simulated SEND_MONEY,False,2026-07-18T17:15:18.718686+00:00,17,0,-0.91,1
5e112189a176e89d0292a2a5615b51c8,TXN-1E285E52,db05a31aa77a8230c08e634a3795fe26,ba3acf686a1a0d53a2f66a6207dcd795,,112.6,0.0,MERCHANT_PAY,COMPLETED,Merchant Pay,Simulated MERCHANT_PAY,False,2026-07-23T10:40:14.718686+00:00,10,0,-1.33,1
526c888eb40c59561f47eb389548755c,TXN-46DF320A,b9376a572eeedc5c8dfd978d9d452846,d0b4cd2df32ef122a0c71b82035e6dc3,,366.85,0.0,MERCHANT_PAY,COMPLETED,Merchant Pay,Simulated MERCHANT_PAY,False,2026-09-14T15:45:34.718686+00:00,15,0,-1.19,1
94d5b3d823897da1bbfe0995c5bc6c6c,TXN-C2C0D62C,57707b18e970117a25c5297be1006ebb,ec39bb7cabcf592c12d346c409defd7e,,239.41,0.0,RECHARGE,COMPLETED,Recharge,Simulated RECHARGE,False,2026-08-28T16:51:15.718686+00:00,16,0,-1.26,1
142ba74003412d8b5e677bcfeb121130,TXN-8F5B6C1A,ec6e284035e6331bdc37fe8d94a47b09,48788294ece10d689d0579adc948163a,,846.35,5.0,SEND_MONEY,COMPLETED,Send Money,Simulated SEND_MONEY,False,2026-09-09T14:31:39.718686+00:00,14,0,-0.92,1
9a1749d0c1c25980b34f771c6af46fe9,TXN-B1EC33BD,a87506818a081f5835a17049b1ca9b41,aab296b6ecffd40138e9dd787dd7c62f,,573.96,0.0,BILL_PAY,COMPLETED,Bill Pay,Simulated BILL_PAY,False,2026-08-28T00:24:38.718686+00:00,0,0,-1.07,1
010aeb5e51fe97fb6bc07881c3abad66,TXN-5B43F5E5,dfcc900c6dbec41542ed1b6650d9edf5,1b99ddafaa28f74dc164af9e24830bad,,4385.66,5.0,SEND_MONEY,COMPLETED,Send Money,Simulated SEND_MONEY,False,2026-09-08T13:46:00.718686+00:00,13,0,1.05,1
69774cf5f20a25e7e365736364a42014,TXN-2AA82985,914ea800aac501972796ea5d55d04ec0,8370e53dac1eee251fae5e9d3383e82d,,185.51,0.0,RECHARGE,COMPLETED,Recharge,Simulated RECHARGE,False,2026-07-08T06:35:32.718686+00:00,6,0,-1.29,1
5a13eed773bc06daf1b0ac0d6e589c92,TXN-B61A12FB,d491f477c542d1707119e8c77ba730c8,21432700fffec608e4fd2fb0ddb36d82,,2052.42,0.0,MERCHANT_PAY,COMPLETED,Merchant Pay,Simulated MERCHANT_PAY,False,2026-07-11T06:25:03.718686+00:00,6,0,-0.25,1
af79fc9a15845d9c170438c4e6a6d040,TXN-EB3BFA09,a789b4fc165147cd64a864ea50e2f99b,016214150e97fb9ec49141665b32485f,,3914.52,5.0,SEND_MONEY,COMPLETED,Send Money,Simulated SEND_MONEY,False,2026-07-28T22:30:02.718686+00:00,22,0,0.79,1
557c96cb0c42fdd0b35e238fc966fc14,TXN-83CEB6E4,67108e809ac0c87e3f3f926a9e8a9569,24854d7b3ae8bedc178ece65566f1a29,,1653.87,5.0,SEND_MONEY,COMPLETED,Send Money,Simulated SEND_MONEY,False,2026-07-30T19:06:59.718686+00:00,19,0,-0.47,1
d1da26c211f5f7b20fe99539ca9b0896,TXN-03E3FA9D,bdd1bcc71ed6717c4a5f4df6a382d2c0,687322ba46ad7d1a6dcdcbed6b3c57d9,,4331.37,5.0,SEND_MONEY,COMPLETED,Send Money,Simulated SEND_MONEY,False,2026-09-26T00:32:55.718686+00:00,0,0,1.02,1
9f6f3b65a7947de1dd29feaa824c7295,TXN-DA58B384,2e83ddfe2c55078090a49c56b71a1ae2,ab033cdcb66402849ab1b6df20d638bb,,449.43,0.0,RECHARGE,COMPLETED,Recharge,Simulated RECHARGE,False,2026-08-30T08:09:18.718686+00:00,8,0,-1.14,1
5bf20459ee1f942a6a1e740ff4a416b7,TXN-61196624,947ad30ee89e026f62bb39e7b8666c6e,db05a31aa77a8230c08e634a3795fe26,,2022.76,0.0,MERCHANT_PAY,COMPLETED,Merchant Pay,Simulated MERCHANT_PAY,False,2026-09-07T06:57:55.718686+00:00,6,0,-0.27,1
28d4b5377ff228e001fbac34d94c09d4,TXN-6F597425,de5424d71169e0b98a120957644e7040,85f0ded8f46c29dac6e1885bc1cd8cb0,,647.6,5.0,SEND_MONEY,COMPLETED,Send Money,Simulated SEND_MONEY,False,2026-07-29T13:27:03.718686+00:00,13,0,-1.03,1
91dcfc0bbcb8c71732c40685e7ea1298,TXN-D1E9310F,fadf4e0aa4e6db699191d450e3cfca90,f1d3d9ce7cc465b1935b28bd8972bcdf,,1424.95,0.0,BILL_PAY,COMPLETED,Bill Pay,Simulated BILL_PAY,False,2026-08-28T23:39:29.718686+00:00,23,0,-0.6,1
429d55cfd08bc0f64d5b17782e9e4a34,TXN-DA7195CB,b59d7cf42c5bfc03b00fa5ae8417f581,d6b3bdced8ec51ba8bfd3d4c8c1cf865,,3241.94,5.0,SEND_MONEY,COMPLETED,Send Money,Simulated SEND_MONEY,False,2026-09-24T19:40:45.718686+00:00,19,0,0.41,1
7dda2709abb0d37aeeba3b8122857b11,TXN-9EA4E6AD,163b7bf9da2842a111d4d8c94377f29f,e2725c5bff2b6162cf06fb1afa9b4940,,345.48,0.0,RECHARGE,COMPLETED,Recharge,Simulated RECHARGE,False,2026-07-08T22:47:21.718686+00:00,22,0,-1.2,1
8b2b8e89fec724061370cae2f50c1700,TXN-ACBE93AB,e2725c5bff2b6162cf06fb1afa9b4940,4c64ccf00086f53c7786ee74543a024a,,2378.72,0.0,MERCHANT_PAY,COMPLETED,Merchant Pay,Simulated MERCHANT_PAY,False,2026-09-26T06:55:42.718686+00:00,6,0,-0.07,1
91d59c9388c01778f2c811a7c16798e8,TXN-FD34B647,d1e7a9987d0f9ba4aae3ede8a912f4e5,b59d7cf42c5bfc03b00fa5ae8417f581,,295.48,0.0,RECHARGE,COMPLETED,Recharge,Simulated RECHARGE,False,2026-08-22T09:45:15.718686+00:00,9,0,-1.22,1
ffd2721b13a36b3f4bdefa99d3be0813,TXN-9BADA277,1b99ddafaa28f74dc164af9e24830bad,97732b7d2a0cf42e45df8e38eede305b,97732b7d2a0cf42e45df8e38eede305b,11487.57,15.0,CASH_OUT,COMPLETED,Cash Out,Simulated CASH_OUT,False,2026-08-05T21:43:16.718686+00:00,21,0,4.99,1
7cda46fd58d8998950891d2ab31347ee,TXN-196C339C,94c1c7dc8088ba9666392ead9b770797,137a8acc36e33a1b4682c358e6592082,,184.97,0.0,RECHARGE,COMPLETED,Recharge,Simulated RECHARGE,False,2026-09-01T01:24:11.718686+00:00,1,1,-1.29,1
2d1a4d01a6dc555f8d307a83094305f6,TXN-875D5807,f1fd93ab956002b687a10b08b5d72967,a0a78b533b925cc977153bb8cccf195f,a0a78b533b925cc977153bb8cccf195f,6578.85,15.0,CASH_OUT,COMPLETED,Cash Out,Simulated CASH_OUT,False,2026-07-28T09:47:48.718686+00:00,9,0,2.27,1
2f1c589e3929720e41c3f76834742c29,TXN-CDA0EE25,d491f477c542d1707119e8c77ba730c8,a87506818a081f5835a17049b1ca9b41,,465.12,0.0,RECHARGE,COMPLETED,Recharge,Simulated RECHARGE,False,2026-08-12T23:19:31.718686+00:00,23,0,-1.13,1
c1bba1f1321c16a96a8f76c93c950259,TXN-04AD2493,a87506818a081f5835a17049b1ca9b41,c93486184196482ee09eeb5394eb3284,,2546.01,5.0,SEND_MONEY,COMPLETED,Send Money,Simulated SEND_MONEY,False,2026-07-30T22:38:49.718686+00:00,22,0,0.03,1
3b5092c1ca3fe138cca103694ca5c792,TXN-D5D8B57F,f60a322e38c9343ece39f96df2f9dd6e,67108e809ac0c87e3f3f926a9e8a9569,,575.89,0.0,BILL_PAY,COMPLETED,Bill Pay,Simulated BILL_PAY,False,2026-09-13T22:18:56.718686+00:00,22,0,-1.07,1
2415af5deb386b5d5f91039e5f4950bb,TXN-4E449561,035c936add07d70d3d44b37710f68d9b,6574d17462a87d1730068b859da056f2,,415.2,0.0,RECHARGE,COMPLETED,Recharge,Simulated RECHARGE,False,2026-09-11T08:32:50.718686+00:00,8,0,-1.16,1
9e953b9ea2da3feef9581ed5a6bcc5d6,TXN-34EA6F13,c93486184196482ee09eeb5394eb3284,995a897619c18fbb346657bdfc41c6f7,,4408.11,5.0,SEND_MONEY,COMPLETED,Send Money,Simulated SEND_MONEY,False,2026-09-01T10:33:04.718686+00:00,10,0,1.06,1
a8117f067fcb4318f1d44aa25b77c4c3,TXN-9CD30144,10331bea5f8789681791495ed9517fe2,d2c0e952054db218612de01b8b401e3d,,829.9,0.0,MERCHANT_PAY,COMPLETED,Merchant Pay,Simulated MERCHANT_PAY,False,2026-09-07T19:36:30.718686+00:00,19,0,-0.93,1
5a244fa4cf0f7aaf136f3f8f03706df0,TXN-8744B182,c93486184196482ee09eeb5394eb3284,a9471c06d90eef52295526c0ef9c12bf,,3230.03,5.0,SEND_MONEY,COMPLETED,Send Money,Simulated SEND_MONEY,False,2026-09-10T03:55:57.718686+00:00,3,1,0.41,1
2fc956bae4d7106240c3495f5c5d8568,TXN-135E768D,8370e53dac1eee251fae5e9d3383e82d,4c64ccf00086f53c7786ee74543a024a,,2193.79,0.0,BILL_PAY,COMPLETED,Bill Pay,Simulated BILL_PAY,False,2026-07-17T11:53:20.718686+00:00,11,0,-0.17,1
6189c570226ae53232a1e7e26b2b67a1,TXN-BA12FD97,afcf8f047d02a8cefb9e5053b9802e7a,db05a31aa77a8230c08e634a3795fe26,,2940.76,0.0,BILL_PAY,COMPLETED,Bill Pay,Simulated BILL_PAY,False,2026-09-21T05:52:59.718686+00:00,5,1,0.24,1
51fed5b7fc7e0c4a9bd5563184bd02ef,TXN-60A03843,afcf8f047d02a8cefb9e5053b9802e7a,ec39bb7cabcf592c12d346c409defd7e,,2924.87,5.0,SEND_MONEY,COMPLETED,Send Money,Simulated SEND_MONEY,False,2026-08-08T17:17:51.718686+00:00,17,0,0.24,1
d8abe91bdcf5870afc2b7908f65a19ec,TXN-E6A82091,09f548833bd96f4cda1bac60ea3bdfe9,0dd188fb9dd3735e1ba71bddcf9b5680,,164.84,0.0,RECHARGE,COMPLETED,Recharge,Simulated RECHARGE,False,2026-09-26T04:35:23.718686+00:00,4,1,-1.3,2
e3e3d6c5f5cfd0787cb4bf8ee7824765,TXN-5394955F,7bfa12e52337128e6a95dc4ae4de2ee1,7646bcb6920612b5e359b12633365514,,589.66,0.0,MERCHANT_PAY,COMPLETED,Merchant Pay,Simulated MERCHANT_PAY,False,2026-08-31T08:43:23.718686+00:00,8,0,-1.06,1
cdacf236c95350fba81ff04d6690b3aa,TXN-83032366,45b882f3960f148988c5b8fe01addac1,2f12019338fde08f7f9d2612b6f5b02b,,1947.12,5.0,SEND_MONEY,COMPLETED,Send Money,Simulated SEND_MONEY,False,2026-08-19T08:06:27.718686+00:00,8,0,-0.31,1
7d228044a8bd014190081a5dfdfd2de7,TXN-E988B91A,79a30ec2ffa4cd645fd6ad37bf5a2a92,2e83ddfe2c55078090a49c56b71a1ae2,,619.54,5.0,SEND_MONEY,COMPLETED,Send Money,Simulated SEND_MONEY,False,2026-08-09T09:57:36.718686+00:00,9,0,-1.04,1
fc5a26eca3e77dbce080ca0c28deeeea,TXN-C8664243,22c8bad4d62b01cf4e1270d7be143d90,ec39bb7cabcf592c12d346c409defd7e,,111.12,0.0,RECHARGE,COMPLETED,Recharge,Simulated RECHARGE,False,2026-07-26T05:30:44.718686+00:00,5,1,-1.33,2
9a7364b4e203cd007372615a1bafbc10,TXN-B0DAB25E,6a060089e6f56f9afb27d9b83a2b7c9f,5aeb81f0b34f243855d547a027205162,,2420.05,0.0,MERCHANT_PAY,COMPLETED,Merchant Pay,Simulated MERCHANT_PAY,False,2026-07-07T20:52:09.718686+00:00,20,0,-0.04,1
0eb50495e9e3f0df2e40462c3d328509,TXN-97AABC5B,cf34c4e00ac75bb140c3d733b7d0acdf,4c78b5ebb63af8ec922f3fa771763324,,1805.88,0.0,BILL_PAY,COMPLETED,Bill Pay,Simulated BILL_PAY,False,2026-09-07T15:20:44.718686+00:00,15,0,-0.39,1
265e5606abfd921abecca78474597e69,TXN-A5810372,4c576c0ae86216b6f6e0065855ef4b55,887489e7c99502841ba83eec893afe1d,,195.65,0.0,RECHARGE,COMPLETED,Recharge,Simulated RECHARGE,False,2026-08-08T06:54:30.718686+00:00,6,0,-1.28,1
2fae63eb6bf3ba3c16f7e0e2eabe3f2e,TXN-789BC5A7,e11d3919fbbacb05b53b3da8bde233d6,2560a9c45b7f736ff2833acf0ba23b3e,,110.77,0.0,RECHARGE,COMPLETED,Recharge,Simulated RECHARGE,False,2026-09-14T04:05:54.718686+00:00,4,1,-1.33,1
df411fa422ad737cb18e95bb104618fe,TXN-9B7CB663,7bfa12e52337128e6a95dc4ae4de2ee1,ba62a89e273f83051020288c4d221f17,,85.81,0.0,RECHARGE,COMPLETED,Recharge,Simulated RECHARGE,False,2026-08-22T05:56:11.718686+00:00,5,1,-1.34,2
8517880e14e83d0cecfeb8011fe092e4,TXN-F913074B,d6b3bdced8ec51ba8bfd3d4c8c1cf865,641575d590fb761036ec5b80cdf1203a,,457.46,0.0,MERCHANT_PAY,COMPLETED,Merchant Pay,Simulated MERCHANT_PAY,False,2026-07-23T05:42:59.718686+00:00,5,1,-1.13,2
23cbbe65b9b4bf375367f4d7f22818b6,TXN-02F13DDD,ab033cdcb66402849ab1b6df20d638bb,f63764957f52e118034140e73b764fd8,,163.63,0.0,RECHARGE,COMPLETED,Recharge,Simulated RECHARGE,False,2026-08-25T16:02:12.718686+00:00,16,0,-1.3,1
dc764cef35e1ff49bc644bdaf4e7bb9a,TXN-19648AA6,687322ba46ad7d1a6dcdcbed6b3c57d9,57707b18e970117a25c5297be1006ebb,,22.99,0.0,RECHARGE,COMPLETED,Recharge,Simulated RECHARGE,False,2026-09-16T04:30:21.718686+00:00,4,1,-1.38,2
2ad4045bb368b17de36e4507d4d373ed,TXN-C6356984,8370e53dac1eee251fae5e9d3383e82d,2fe489dc20c1708cfa581d796a164a05,,8451.9,5.0,SEND_MONEY,COMPLETED,Send Money,Simulated SEND_MONEY,False,2026-10-02T16:30:05.718686+00:00,16,0,3.31,1
57c73cd23321d78cd3053ea17d35c8e3,TXN-2AD89D71,0f2255d256be218b494e0e4b1a7f5e1c,9ca2c035804c1751d9bb84108e46b24b,,391.81,0.0,RECHARGE,COMPLETED,Recharge,Simulated RECHARGE,False,2026-09-04T23:47:56.718686+00:00,23,0,-1.17,1
d2fa8962a5a05cb78599f44eb8ba310a,TXN-302361FF,fd47a55fd1e7be8b66eb4061f0a37bc1,942a55200af93c74d921d93f2beb656e,,2289.04,5.0,SEND_MONEY,COMPLETED,Send Money,Simulated SEND_MONEY,False,2026-09-16T21:35:31.718686+00:00,21,0,-0.12,1
ff57cb1f26a7d7e9e5452cc16216a69f,TXN-D7A2B196,7b43b48cc2385f8eb14372d3a02b76eb,641575d590fb761036ec5b80cdf1203a,7b43b48cc2385f8eb14372d3a02b76eb,13219.45,0.0,CASH_IN,COMPLETED,Cash In,Simulated CASH_IN,False,2026-09-08T15:51:14.718686+00:00,15,0,5.96,1
772c9d6ceda968b50fa438680fe2da56,TXN-B9BD6E69,d491f477c542d1707119e8c77ba730c8,a789b4fc165147cd64a864ea50e2f99b,,853.01,0.0,MERCHANT_PAY,COMPLETED,Merchant Pay,Simulated MERCHANT_PAY,False,2026-09-28T11:00:28.718686+00:00,11,0,-0.91,1
b48a262809fa50444813de6d0c3ad10e,TXN-C180A9E2,8d188907e63291714835adb689e38229,3b07bdc1c386d1c7a5047c4d4a4a0ea7,,146.89,0.0,RECHARGE,COMPLETED,Recharge,Simulated RECHARGE,False,2026-08-20T17:00:46.718686+00:00,17,0,-1.31,1
d21ad0119e36d081a6383e59be734d10,TXN-D27FEC7B,b13eb846b74a47cc34cd153c313fc9b4,91636429900048d39a6a81c76e775fe7,91636429900048d39a6a81c76e775fe7,6283.81,15.0,CASH_OUT,COMPLETED,Cash Out,Simulated CASH_OUT,False,2026-08-13T01:46:40.718686+00:00,1,1,2.1,2
e7d94a3873e211dadc3766aa13b239dd,TXN-4A9A5DC6,0f2255d256be218b494e0e4b1a7f5e1c,67108e809ac0c87e3f3f926a9e8a9569,,141.79,0.0,RECHARGE,COMPLETED,Recharge,Simulated RECHARGE,False,2026-08-10T04:04:08.718686+00:00,4,1,-1.31,2
1d5d5af528d17c7432a0bbdbfcce8dfd,TXN-864198D5,df17af4790a0efbcb2dd7af3dc7310ac,d9df0dce0fdbee946099d135178b0651,,3613.59,5.0,SEND_MONEY,COMPLETED,Send Money,Simulated SEND_MONEY,False,2026-08-11T19:07:20.718686+00:00,19,0,0.62,1
e1e84621982b6fa09ed77476973ceec8,TXN-2BFC4308,5ea78e239a56f60e7a73667f804942f5,641575d590fb761036ec5b80cdf1203a,,2875.79,5.0,SEND_MONEY,COMPLETED,Send Money,Simulated SEND_MONEY,False,2026-08-02T00:56:52.718686+00:00,0,0,0.21,1
21879397fbbfd113ab77c4733d75b1ac,TXN-ABC31AD2,887489e7c99502841ba83eec893afe1d,422286bab6d7b8eea429bfee3894aa7b,422286bab6d7b8eea429bfee3894aa7b,13293.28,15.0,CASH_OUT,COMPLETED,Cash Out,Simulated CASH_OUT,False,2026-08-05T02:25:06.718686+00:00,2,1,6.0,2
eb6fd92a5ed8fc92d47e677379395602,TXN-878A8936,22c8bad4d62b01cf4e1270d7be143d90,b1a66b3f63e51e2a843b9028fcb6ded2,b1a66b3f63e51e2a843b9028fcb6ded2,7834.33,15.0,CASH_OUT,COMPLETED,Cash Out,Simulated CASH_OUT,False,2026-07-22T17:46:46.718686+00:00,17,0,2.96,1
75655b889978981ae212642160c0c787,TXN-3EC9723E,d3c308a1208710510c3bcb610dc42d08,63d8729ad99d6620a0333cebe2d7207a,,30.65,0.0,RECHARGE,COMPLETED,Recharge,Simulated RECHARGE,False,2026-08-11T05:17:03.718686+00:00,5,1,-1.37,1
a020e76cd3cb7ac7eacc725a962332b9,TXN-2C61A6D2,016214150e97fb9ec49141665b32485f,67108e809ac0c87e3f3f926a9e8a9569,,2110.25,0.0,MERCHANT_PAY,COMPLETED,Merchant Pay,Simulated MERCHANT_PAY,False,2026-07-09T23:57:53.718686+00:00,23,0,-0.22,1
3b9f8d808b366d6dd76c187b20489285,TXN-A025B290,2f12019338fde08f7f9d2612b6f5b02b,f073b58ca6bf5f68a77b501b3e16b8fa,,2904.62,5.0,SEND_MONEY,COMPLETED,Send Money,Simulated SEND_MONEY,False,2026-08-11T18:57:17.718686+00:00,18,0,0.22,1
5b2d778e92ab53a7e38f61a76b5db92f,TXN-0F16609C,f63764957f52e118034140e73b764fd8,65934a85ba1c9c2d039acb02a4e9f5a7,,2352.55,0.0,MERCHANT_PAY,COMPLETED,Merchant Pay,Simulated MERCHANT_PAY,False,2026-09-13T12:40:50.718686+00:00,12,0,-0.08,1
f219f12e60111dbd44e0a4f09e524aa1,TXN-694889CE,6ab9575a1b7d1060f24d980c1141bfa8,56e8207d13bee145b0139e9bb3a77636,,331.18,0.0,RECHARGE,COMPLETED,Recharge,Simulated RECHARGE,False,2026-08-16T23:30:25.718686+00:00,23,0,-1.2,1
f84c586123703d66eed4b5b25305e441,TXN-D39B594B,09f548833bd96f4cda1bac60ea3bdfe9,ec6e284035e6331bdc37fe8d94a47b09,,4302.31,5.0,SEND_MONEY,COMPLETED,Send Money,Simulated SEND_MONEY,False,2026-09-16T00:37:25.718686+00:00,0,0,1.0,1
f19b79a09bdf47b0a14e2fdbd6045420,TXN-3B92B196,d2c0e952054db218612de01b8b401e3d,3a288796c66b6cb72b3c765d5f0440db,,831.97,5.0,SEND_MONEY,BLOCKED,Send Money,Simulated SEND_MONEY,True,2026-09-28T21:03:49.718686+00:00,21,0,-0.93,1
219b80909411bc95394aafd679eb134d,TXN-6FC3A741,4c78b5ebb63af8ec922f3fa771763324,92d9cb140eda53d5046b82d656354805,,150.12,0.0,RECHARGE,COMPLETED,Recharge,Simulated RECHARGE,False,2026-08-09T05:35:31.718686+00:00,5,1,-1.31,2
0091b43ac37b381e6e591d57ee9b9946,TXN-37F2F1AF,4475a6a8efb7ee576f44e9a1cf97e616,f60a322e38c9343ece39f96df2f9dd6e,,2116.27,5.0,SEND_MONEY,COMPLETED,Send Money,Simulated SEND_MONEY,False,2026-07-21T10:32:07.718686+00:00,10,0,-0.21,1
a93205a415152f9ef47b38e1372d0977,TXN-E1A23C36,5d4470618fa83366c874eea88d34d4d1,8275aee7949dab0b3757c0d16495741a,,1001.21,0.0,BILL_PAY,COMPLETED,Bill Pay,Simulated BILL_PAY,False,2026-08-12T06:58:21.718686+00:00,6,0,-0.83,1
70a18dd2f12338fd3eadc8cf9ba073e6,TXN-DE4E0C2D,9708ab5e440dc80ab8deaa5aa649c2a6,cf34c4e00ac75bb140c3d733b7d0acdf,,1418.16,0.0,MERCHANT_PAY,COMPLETED,Merchant Pay,Simulated MERCHANT_PAY,False,2026-09-21T07:11:38.718686+00:00,7,0,-0.6,1
bde9507e6036f1254cbfa0c47366a78b,TXN-4FDE8A78,a87506818a081f5835a17049b1ca9b41,ac9fb77bcbd378402146779c00a5ffff,,2316.73,5.0,SEND_MONEY,COMPLETED,Send Money,Simulated SEND_MONEY,False,2026-08-06T15:17:01.718686+00:00,15,0,-0.1,1
dee56985a1f46af057303a4794ad142a,TXN-3DB70AB3,36abffacfee81ff100accb009afd7377,de5424d71169e0b98a120957644e7040,,2752.8,5.0,SEND_MONEY,COMPLETED,Send Money,Simulated SEND_MONEY,False,2026-09-14T11:59:42.718686+00:00,11,0,0.14,1
7364bd9c874e36307d605b096070bafd,TXN-51317252,0fc954a8903d8d3906c6f655090a2772,3e8f0387819d64fd0b03881045eac7c8,,181.8,0.0,RECHARGE,COMPLETED,Recharge,Simulated RECHARGE,False,2026-10-01T01:04:09.718686+00:00,1,1,-1.29,2
0919d2dc9de23201be585cd148dab6e6,TXN-DBEB5E31,00bf0432ba6bf892a4b11dc619ce7ad3,b780a4cf9f6267374ca9ca7c3042586f,,2452.86,0.0,BILL_PAY,COMPLETED,Bill Pay,Simulated BILL_PAY,False,2026-09-15T19:41:34.718686+00:00,19,0,-0.03,1
931b54ef9607bb5c35b18887abc4ce35,TXN-C6F41948,b56e04675e530859a4cde7562b4786e5,39495bec7941dda30d5ffb10dc7835a0,,9478.88,5.0,SEND_MONEY,COMPLETED,Send Money,Simulated SEND_MONEY,False,2026-08-02T14:38:47.718686+00:00,14,0,3.88,1
de9d04df8a49749fedb94831e2494a93,TXN-77C665CC,5d4470618fa83366c874eea88d34d4d1,fd47a55fd1e7be8b66eb4061f0a37bc1,,2133.0,5.0,SEND_MONEY,COMPLETED,Send Money,Simulated SEND_MONEY,False,2026-07-14T10:46:42.718686+00:00,10,0,-0.2,1
bc87e5ee7808882dd4627105d3b39428,TXN-0A0EA284,8dec199f53c51c5628944251dda68691,c3b37cdf478b5f1365d70e59a9bc7db5,c3b37cdf478b5f1365d70e59a9bc7db5,13495.94,15.0,CASH_OUT,COMPLETED,Cash Out,Simulated CASH_OUT,False,2026-09-01T07:20:06.718686+00:00,7,0,6.11,1
31c2108668788a9f1478188fae03bf79,TXN-84E275F5,21432700fffec608e4fd2fb0ddb36d82,24854d7b3ae8bedc178ece65566f1a29,,489.68,0.0,RECHARGE,COMPLETED,Recharge,Simulated RECHARGE,False,2026-07-22T01:41:55.718686+00:00,1,1,-1.12,2
5c5f989287ef8773551e6b72a0260baa,TXN-FA8960B7,57707b18e970117a25c5297be1006ebb,e2725c5bff2b6162cf06fb1afa9b4940,,7450.25,5.0,SEND_MONEY,COMPLETED,Send Money,Simulated SEND_MONEY,False,2026-08-06T10:21:42.718686+00:00,10,0,2.75,1
b5eb360fe25853ffc2c3d4d3fd1e7001,TXN-FF6E15F3,e2725c5bff2b6162cf06fb1afa9b4940,0fc954a8903d8d3906c6f655090a2772,,38.16,0.0,RECHARGE,COMPLETED,Recharge,Simulated RECHARGE,False,2026-07-08T02:21:11.718686+00:00,2,1,-1.37,1
cb300579f9b9a6f5ec7750fe6963b6e4,TXN-AF33F276,3e8f0387819d64fd0b03881045eac7c8,641575d590fb761036ec5b80cdf1203a,,155.79,0.0,RECHARGE,COMPLETED,Recharge,Simulated RECHARGE,False,2026-08-31T02:07:22.718686+00:00,2,1,-1.3,2
5b29068c63c4fab6cc509955b636b62c,TXN-4AA283D4,d2c0e952054db218612de01b8b401e3d,d0b4cd2df32ef122a0c71b82035e6dc3,,159.06,0.0,RECHARGE,COMPLETED,Recharge,Simulated RECHARGE,False,2026-09-17T05:12:06.718686+00:00,5,1,-1.3,2
64846c07e4ecfb815d436b951bf18b6c,TXN-923155CF,b62a999cc4eeb9376b4dda8f15f3b983,d491f477c542d1707119e8c77ba730c8,,69.53,0.0,RECHARGE,COMPLETED,Recharge,Simulated RECHARGE,False,2026-09-10T01:38:19.718686+00:00,1,1,-1.35,2
fa1e098f46ab48b6862d0615e6cd42aa,TXN-7D44BFB6,f1fd93ab956002b687a10b08b5d72967,d529ec7c7730634f441257c91dad22c0,,2814.57,0.0,BILL_PAY,COMPLETED,Bill Pay,Simulated BILL_PAY,False,2026-08-19T17:00:47.718686+00:00,17,0,0.17,1
62b92c1d7854b0a473af32b917e62f51,TXN-DCF2B776,0dd188fb9dd3735e1ba71bddcf9b5680,7bfa12e52337128e6a95dc4ae4de2ee1,,2138.42,0.0,MERCHANT_PAY,COMPLETED,Merchant Pay,Simulated MERCHANT_PAY,False,2026-07-29T13:10:34.718686+00:00,13,0,-0.2,1
2226af44125e746104cf3abb6fdbc8ad,TXN-D45C1F6D,5d4470618fa83366c874eea88d34d4d1,f5abc8efbbbec1c7c7a75fac1fbeb42a,f5abc8efbbbec1c7c7a75fac1fbeb42a,4679.65,15.0,CASH_OUT,COMPLETED,Cash Out,Simulated CASH_OUT,False,2026-09-15T08:36:57.718686+00:00,8,0,1.21,1
0a6ad910e328087e4f5a9d9daa22d6a2,TXN-CBB3C839,f24ec36fe902d9fc366bf6c5c42558c0,887489e7c99502841ba83eec893afe1d,,64.38,0.0,RECHARGE,COMPLETED,Recharge,Simulated RECHARGE,False,2026-07-16T09:58:01.718686+00:00,9,0,-1.35,1
ac19a982589b33ae90cf72eac0dd48fc,TXN-54E9192F,b1a66b3f63e51e2a843b9028fcb6ded2,6a060089e6f56f9afb27d9b83a2b7c9f,b1a66b3f63e51e2a843b9028fcb6ded2,3634.29,0.0,CASH_IN,COMPLETED,Cash In,Simulated CASH_IN,False,2026-09-20T19:01:50.718686+00:00,19,0,0.63,1
02a4db7e4270f961a17cfb898b587519,TXN-A8030E01,3db00c6efa2ff90560fd5e189b42a097,8275aee7949dab0b3757c0d16495741a,,1071.61,5.0,SEND_MONEY,COMPLETED,Send Money,Simulated SEND_MONEY,False,2026-08-12T18:08:56.718686+00:00,18,0,-0.79,1
0ee9a74991d36c034eec7cd10fb3d4d6,TXN-18540C9C,0f2255d256be218b494e0e4b1a7f5e1c,65934a85ba1c9c2d039acb02a4e9f5a7,,2781.64,0.0,BILL_PAY,COMPLETED,Bill Pay,Simulated BILL_PAY,False,2026-08-01T08:01:54.718686+00:00,8,0,0.16,1
b53b882ebf1be5c0c964d9377997aa77,TXN-8D433C15,9e7e17b731d68635812244997dbab941,9708ab5e440dc80ab8deaa5aa649c2a6,,1293.47,0.0,MERCHANT_PAY,COMPLETED,Merchant Pay,Simulated MERCHANT_PAY,False,2026-08-08T06:41:06.718686+00:00,6,0,-0.67,1
feead3cb21d52063528ad45d5d3299b9,TXN-00A1DA73,61874613550dc5121fdaaac0737a643d,65fb813c4a8070e7d6f1e3c595c14972,65fb813c4a8070e7d6f1e3c595c14972,12312.82,15.0,CASH_OUT,COMPLETED,Cash Out,Simulated CASH_OUT,False,2026-08-01T07:05:16.718686+00:00,7,0,5.45,1
1319f5b587ae2375ff403974e89c961e,TXN-AF0A1C72,c72d75458cab25be0e2c630a41129bf2,0f2255d256be218b494e0e4b1a7f5e1c,,1101.53,5.0,SEND_MONEY,COMPLETED,Send Money,Simulated SEND_MONEY,False,2026-09-18T08:47:39.718686+00:00,8,0,-0.78,1
f8926c2f44d56030d4b0bf12701879d7,TXN-FB57082F,94c1c7dc8088ba9666392ead9b770797,c3b37cdf478b5f1365d70e59a9bc7db5,c3b37cdf478b5f1365d70e59a9bc7db5,3031.73,15.0,CASH_OUT,COMPLETED,Cash Out,Simulated CASH_OUT,False,2026-09-14T17:25:27.718686+00:00,17,0,0.3,1
df89a9f238df9eaebe777712a349c540,TXN-11B5C5FE,39495bec7941dda30d5ffb10dc7835a0,52431bf282c88707e62fd18b75abcf77,,2300.56,0.0,MERCHANT_PAY,COMPLETED,Merchant Pay,Simulated MERCHANT_PAY,False,2026-07-23T13:29:23.718686+00:00,13,0,-0.11,1
99deea5230630bb437a0dd7b036ee809,TXN-A501C4B8,d604f2ebd984a759fc53f682396031cd,aab296b6ecffd40138e9dd787dd7c62f,,217.95,0.0,RECHARGE,COMPLETED,Recharge,Simulated RECHARGE,False,2026-07-14T19:21:25.718686+00:00,19,0,-1.27,1
17c82572bf1615572b098401e074d13b,TXN-58DE4965,8d188907e63291714835adb689e38229,74a9e2d1020eb53493a1eb482d915981,,1582.8,0.0,MERCHANT_PAY,COMPLETED,Merchant Pay,Simulated MERCHANT_PAY,False,2026-09-08T10:11:37.718686+00:00,10,0,-0.51,1
28f6e6d36694f18dc994be06cea32690,TXN-E00974D8,cf34c4e00ac75bb140c3d733b7d0acdf,b9376a572eeedc5c8dfd978d9d452846,,3652.63,5.0,SEND_MONEY,COMPLETED,Send Money,Simulated SEND_MONEY,False,2026-08-26T18:01:20.718686+00:00,18,0,0.64,1
d257a401a4413312e052a5b08c0e7ce6,TXN-B075027C,2f12019338fde08f7f9d2612b6f5b02b,d5ad98674d6c69eab07fbb6c5f6ec434,,456.69,0.0,RECHARGE,COMPLETED,Recharge,Simulated RECHARGE,False,2026-09-30T09:16:03.718686+00:00,9,0,-1.14,1
69d6160b70b0fef5675807825fe0a001,TXN-59D0A191,67108e809ac0c87e3f3f926a9e8a9569,db05a31aa77a8230c08e634a3795fe26,,1869.04,5.0,SEND_MONEY,COMPLETED,Send Money,Simulated SEND_MONEY,False,2026-09-23T12:45:30.718686+00:00,12,0,-0.35,1
93074ed245487a0a11630569fb9079b7,TXN-8D6F4A9F,db05a31aa77a8230c08e634a3795fe26,e2725c5bff2b6162cf06fb1afa9b4940,,3467.6,5.0,SEND_MONEY,COMPLETED,Send Money,Simulated SEND_MONEY,False,2026-09-16T02:26:44.718686+00:00,2,1,0.54,1
394bcd07519fbb84c9d7a5ef4f7c2eca,TXN-87EA62B6,f89e0aa9ae8d55dcb43d0315270b2238,687322ba46ad7d1a6dcdcbed6b3c57d9,,59.69,0.0,RECHARGE,COMPLETED,Recharge,Simulated RECHARGE,False,2026-09-03T19:38:02.718686+00:00,19,0,-1.36,1
d2d64e6d4d6c19d5b4e467413a1b8be6,TXN-A59977BE,9f29423a96953422c38499fabad1f7e2,6d9b4fa238dde07f567f7dbd00b23fd7,9f29423a96953422c38499fabad1f7e2,4216.73,0.0,CASH_IN,COMPLETED,Cash In,Simulated CASH_IN,False,2026-07-18T12:49:13.718686+00:00,12,0,0.95,1
a7f9e126788a287a0b9a59ab437ee5d9,TXN-A43AB582,7646bcb6920612b5e359b12633365514,ba3acf686a1a0d53a2f66a6207dcd795,,405.29,0.0,BILL_PAY,COMPLETED,Bill Pay,Simulated BILL_PAY,False,2026-08-10T13:21:43.718686+00:00,13,0,-1.16,1
ebc50c65fc984d5cfb3f24a0803ee761,TXN-2E41EEFF,29cc202556f422d15cf82e1512bff950,1b99ddafaa28f74dc164af9e24830bad,,2885.2,5.0,SEND_MONEY,COMPLETED,Send Money,Simulated SEND_MONEY,False,2026-08-24T20:23:31.718686+00:00,20,0,0.21,1
181d1cd2d2b3ae4f58c9568a086e2227,TXN-5FD10A73,db05a31aa77a8230c08e634a3795fe26,4475a6a8efb7ee576f44e9a1cf97e616,,350.87,0.0,RECHARGE,COMPLETED,Recharge,Simulated RECHARGE,False,2026-08-23T22:41:10.718686+00:00,22,0,-1.19,1
06161d7b18ec19f79ab6d7ab4d824c45,TXN-CFFEF1B2,67108e809ac0c87e3f3f926a9e8a9569,de5424d71169e0b98a120957644e7040,,518.69,5.0,SEND_MONEY,COMPLETED,Send Money,Simulated SEND_MONEY,False,2026-07-18T09:30:17.718686+00:00,9,0,-1.1,1
b535e11c97f89ebb62838630c71d7fbc,TXN-7EBE030C,5aeb81f0b34f243855d547a027205162,0f2255d256be218b494e0e4b1a7f5e1c,,10614.02,5.0,SEND_MONEY,COMPLETED,Send Money,Simulated SEND_MONEY,False,2026-09-01T11:27:11.718686+00:00,11,0,4.51,1
47d17f9a6a9d4cf7598b6e6ecfee4f5a,TXN-211CC52B,4c64ccf00086f53c7786ee74543a024a,91636429900048d39a6a81c76e775fe7,91636429900048d39a6a81c76e775fe7,9940.0,15.0,CASH_OUT,COMPLETED,Cash Out,Simulated CASH_OUT,False,2026-08-05T20:16:01.718686+00:00,20,0,4.13,1
277cfaedc7c10f97b6ce7d21bbd373a6,TXN-DF636AF3,5c110f190a3951baa533cec59ffb6aa1,d3c308a1208710510c3bcb610dc42d08,,747.44,0.0,MERCHANT_PAY,COMPLETED,Merchant Pay,Simulated MERCHANT_PAY,False,2026-08-14T09:46:59.718686+00:00,9,0,-0.97,1
bc686ca7116397128ce5237395492c11,TXN-CD3E52EA,f1d3d9ce7cc465b1935b28bd8972bcdf,c93486184196482ee09eeb5394eb3284,,163.03,0.0,MERCHANT_PAY,COMPLETED,Merchant Pay,Simulated MERCHANT_PAY,False,2026-09-15T12:14:53.718686+00:00,12,0,-1.3,1
7300739b9037bc6af9c8c5c1e5994f63,TXN-13C5C731,8cefe33bc85b06476d4145b5395ea644,45b882f3960f148988c5b8fe01addac1,,2156.98,5.0,SEND_MONEY,COMPLETED,Send Money,Simulated SEND_MONEY,False,2026-08-16T07:37:00.718686+00:00,7,0,-0.19,1
8fe70a1b2e921b845335223f9bb47ae7,TXN-AF69DF66,641575d590fb761036ec5b80cdf1203a,a2e926c1267324ec26163a35e075df06,,1996.55,5.0,SEND_MONEY,COMPLETED,Send Money,Simulated SEND_MONEY,False,2026-09-17T12:33:49.718686+00:00,12,0,-0.28,1
c8c30a07590cfce9c6628733aad41c54,TXN-A32A816B,8d188907e63291714835adb689e38229,ac9fb77bcbd378402146779c00a5ffff,,1110.65,0.0,MERCHANT_PAY,COMPLETED,Merchant Pay,Simulated MERCHANT_PAY,False,2026-07-13T23:40:43.718686+00:00,23,0,-0.77,1
8bb93b09d4b485924a16b3caf4909f50,TXN-6179A1A8,2f12019338fde08f7f9d2612b6f5b02b,5d4470618fa83366c874eea88d34d4d1,,925.75,0.0,BILL_PAY,COMPLETED,Bill Pay,Simulated BILL_PAY,False,2026-09-24T11:38:32.718686+00:00,11,0,-0.87,1
f3cf950d18aa5f368acc402d16b29769,TXN-CE753E6F,163b7bf9da2842a111d4d8c94377f29f,f073b58ca6bf5f68a77b501b3e16b8fa,,2169.28,0.0,MERCHANT_PAY,COMPLETED,Merchant Pay,Simulated MERCHANT_PAY,False,2026-08-17T16:10:16.718686+00:00,16,0,-0.18,1
dbd20df40a24831db0b25415cbe0d40b,TXN-84ABC0D9,137a8acc36e33a1b4682c358e6592082,8275aee7949dab0b3757c0d16495741a,,1705.23,5.0,SEND_MONEY,COMPLETED,Send Money,Simulated SEND_MONEY,False,2026-09-27T15:13:55.718686+00:00,15,0,-0.44,1
a3cbfef9efb97413c819b51522672cb1,TXN-2C067585,b7602bda5c16c93cd75c0dbcdd2f6d6c,de5424d71169e0b98a120957644e7040,,3396.84,0.0,BILL_PAY,COMPLETED,Bill Pay,Simulated BILL_PAY,False,2026-08-15T04:12:07.718686+00:00,4,1,0.5,2
8630d10f10640fd146cbb39cddf6c875,TXN-159B1210,24854d7b3ae8bedc178ece65566f1a29,921012c6b11c284a1771d9b434a6c279,921012c6b11c284a1771d9b434a6c279,1998.5,15.0,CASH_OUT,COMPLETED,Cash Out,Simulated CASH_OUT,False,2026-08-20T21:44:14.718686+00:00,21,0,-0.28,1
05baded9dc5dc5b8ca9b51d68abe6ba6,TXN-F0E1B09A,6fa7dee9d506c590d0adc559242b754b,ec39bb7cabcf592c12d346c409defd7e,,53.2,0.0,RECHARGE,COMPLETED,Recharge,Simulated RECHARGE,False,2026-08-01T09:33:16.718686+00:00,9,0,-1.36,1
23360434d864b27c12ba2d5e8d4ff5dd,TXN-2036D190,035c936add07d70d3d44b37710f68d9b,0fc954a8903d8d3906c6f655090a2772,,15258.0,5.0,SEND_MONEY,COMPLETED,Send Money,Simulated SEND_MONEY,False,2026-08-07T17:34:19.718686+00:00,17,0,7.09,1
faf03c6fc8e05d22b965b760e00e39ab,TXN-57F1B552,fd47a55fd1e7be8b66eb4061f0a37bc1,24854d7b3ae8bedc178ece65566f1a29,,2308.94,0.0,MERCHANT_PAY,COMPLETED,Merchant Pay,Simulated MERCHANT_PAY,False,2026-08-26T13:02:47.718686+00:00,13,0,-0.11,1
a8e5d145e0a7fa5fc1842d609246366c,TXN-452D74E7,c3b37cdf478b5f1365d70e59a9bc7db5,f1d3d9ce7cc465b1935b28bd8972bcdf,c3b37cdf478b5f1365d70e59a9bc7db5,2531.17,0.0,CASH_IN,COMPLETED,Cash In,Simulated CASH_IN,False,2026-10-03T13:08:20.718686+00:00,13,0,0.02,1
f788c06045a02b0fd6dcdd1d88d10a5a,TXN-1539E1A3,fe650fe8f7f1b92ef09c9e9930e4af3f,2f12019338fde08f7f9d2612b6f5b02b,,1906.44,0.0,MERCHANT_PAY,BLOCKED,Merchant Pay,Simulated MERCHANT_PAY,True,2026-09-26T17:08:16.718686+00:00,17,0,-0.33,1
21f2f39d20983e8abaeb54180b444bd0,TXN-8158122E,0fc954a8903d8d3906c6f655090a2772,44441b337855f3507cd7f3f529f9ed9b,,2140.75,0.0,BILL_PAY,COMPLETED,Bill Pay,Simulated BILL_PAY,False,2026-09-10T13:54:24.718686+00:00,13,0,-0.2,1
73a484e57eeba604078ed71393b98842,TXN-37D211BF,8d188907e63291714835adb689e38229,914ea800aac501972796ea5d55d04ec0,,4988.86,5.0,SEND_MONEY,COMPLETED,Send Money,Simulated SEND_MONEY,False,2026-09-19T11:48:44.718686+00:00,11,0,1.38,1
73803ccf0460dd9af0ff86f4dfa2fe91,TXN-73F87D82,8dec199f53c51c5628944251dda68691,f60a322e38c9343ece39f96df2f9dd6e,,370.47,0.0,RECHARGE,COMPLETED,Recharge,Simulated RECHARGE,False,2026-07-15T21:49:00.718686+00:00,21,0,-1.18,1
736a5544825c516c9d1913cd39af9ef7,TXN-5A6FEB7B,0d3fa09ecaba91e19a1f466e6ed0ab3d,f1fd93ab956002b687a10b08b5d72967,,623.47,5.0,SEND_MONEY,COMPLETED,Send Money,Simulated SEND_MONEY,False,2026-09-10T11:10:25.718686+00:00,11,0,-1.04,1
fddc698d3ce1fe2a464def5d63515214,TXN-D680BC2D,36abffacfee81ff100accb009afd7377,b7602bda5c16c93cd75c0dbcdd2f6d6c,,331.03,0.0,RECHARGE,COMPLETED,Recharge,Simulated RECHARGE,False,2026-07-19T18:24:47.718686+00:00,18,0,-1.2,1
1abf413e121982661aade7fa764ae34b,TXN-A4D9B493,09f548833bd96f4cda1bac60ea3bdfe9,6ab9575a1b7d1060f24d980c1141bfa8,,1208.93,0.0,MERCHANT_PAY,COMPLETED,Merchant Pay,Simulated MERCHANT_PAY,False,2026-08-17T13:58:27.718686+00:00,13,0,-0.72,1
38150a627edceb9486eb9ea08a61b2ce,TXN-31D7133A,0d3fa09ecaba91e19a1f466e6ed0ab3d,ec6e284035e6331bdc37fe8d94a47b09,,443.89,0.0,RECHARGE,COMPLETED,Recharge,Simulated RECHARGE,False,2026-08-24T18:39:13.718686+00:00,18,0,-1.14,1
856feba05e42fe90150c9793770b3405,TXN-348DABB8,cf34c4e00ac75bb140c3d733b7d0acdf,6ab9575a1b7d1060f24d980c1141bfa8,,643.5,5.0,SEND_MONEY,COMPLETED,Send Money,Simulated SEND_MONEY,False,2026-08-01T03:43:30.718686+00:00,3,1,-1.03,2
b68b63072e1519073222c84ad9c418b7,TXN-BD480601,1b99ddafaa28f74dc164af9e24830bad,5fde7da627ef89562f5d2e5138fcc716,,1633.86,0.0,MERCHANT_PAY,COMPLETED,Merchant Pay,Simulated MERCHANT_PAY,False,2026-08-08T11:24:44.718686+00:00,11,0,-0.48,1
d288c9963e7f2c092c970478f917829f,TXN-10500FF0,8cefe33bc85b06476d4145b5395ea644,5d4470618fa83366c874eea88d34d4d1,,16942.87,5.0,SEND_MONEY,COMPLETED,Send Money,Simulated SEND_MONEY,False,2026-09-02T16:04:05.718686+00:00,16,0,8.02,1
fc2ba25d2b0fbff5650d5e5fdd9ccbb3,TXN-D8619977,1b99ddafaa28f74dc164af9e24830bad,fd47a55fd1e7be8b66eb4061f0a37bc1,,439.26,0.0,MERCHANT_PAY,COMPLETED,Merchant Pay,Simulated MERCHANT_PAY,False,2026-07-20T00:15:19.718686+00:00,0,0,-1.14,1
d454c5063b821cab4af687eab5581f6c,TXN-A3AFD8D3,d491f477c542d1707119e8c77ba730c8,b62a999cc4eeb9376b4dda8f15f3b983,,1389.71,0.0,MERCHANT_PAY,COMPLETED,Merchant Pay,Simulated MERCHANT_PAY,False,2026-08-29T00:21:14.718686+00:00,0,0,-0.62,1
681f73d04da2fe87e35d1d3b24e72fbe,TXN-B2B0071B,4c78b5ebb63af8ec922f3fa771763324,74a9e2d1020eb53493a1eb482d915981,,3069.67,0.0,BILL_PAY,COMPLETED,Bill Pay,Simulated BILL_PAY,False,2026-07-29T05:02:39.718686+00:00,5,1,0.32,1
5bfe12882b031afd637946268308fdbd,TXN-46903731,94c1c7dc8088ba9666392ead9b770797,d529ec7c7730634f441257c91dad22c0,,1609.23,0.0,BILL_PAY,COMPLETED,Bill Pay,Simulated BILL_PAY,False,2026-09-15T11:59:35.718686+00:00,11,0,-0.49,1
4fd370c64ad4b6da6af003cf76a957d5,TXN-7B6B7102,61874613550dc5121fdaaac0737a643d,79a30ec2ffa4cd645fd6ad37bf5a2a92,,2846.82,0.0,BILL_PAY,COMPLETED,Bill Pay,Simulated BILL_PAY,False,2026-07-26T20:36:02.718686+00:00,20,0,0.19,1
9d6c338d62c1ef9075e0e14118c72d2b,TXN-1B728EC5,cd014c6c636613884125f62c886cd09e,e11d3919fbbacb05b53b3da8bde233d6,,291.51,0.0,RECHARGE,COMPLETED,Recharge,Simulated RECHARGE,False,2026-08-10T23:42:54.718686+00:00,23,0,-1.23,1
80337eac255271c75a32cb1211e5f807,TXN-D7B025C9,fadf4e0aa4e6db699191d450e3cfca90,163b7bf9da2842a111d4d8c94377f29f,,196.09,0.0,RECHARGE,COMPLETED,Recharge,Simulated RECHARGE,False,2026-08-09T13:21:53.718686+00:00,13,0,-1.28,1
8a9b4e11ca12877bbf13fdefb26a1558,TXN-8580ECBD,e2725c5bff2b6162cf06fb1afa9b4940,0d3fa09ecaba91e19a1f466e6ed0ab3d,,162.9,0.0,RECHARGE,COMPLETED,Recharge,Simulated RECHARGE,False,2026-07-19T17:23:25.718686+00:00,17,0,-1.3,1
6d736308ec28d9ed4721fcdbf6eb56fd,TXN-16C938F5,ff0283fc6d6fcb75b58eb34c73cfeaeb,b13eb846b74a47cc34cd153c313fc9b4,ff0283fc6d6fcb75b58eb34c73cfeaeb,2643.4,0.0,CASH_IN,COMPLETED,Cash In,Simulated CASH_IN,False,2026-07-17T09:34:36.718686+00:00,9,0,0.08,1
ce75e37e3477aed1ef03507d1d0852ab,TXN-941306C2,f6b5bf942ce96cc22eedc473be850090,52431bf282c88707e62fd18b75abcf77,,1578.76,0.0,MERCHANT_PAY,COMPLETED,Merchant Pay,Simulated MERCHANT_PAY,False,2026-09-22T16:37:45.718686+00:00,16,0,-0.51,1
1301255222a7763f86545b210b94dad3,TXN-BCC45C0B,79a30ec2ffa4cd645fd6ad37bf5a2a92,63d8729ad99d6620a0333cebe2d7207a,,4898.15,5.0,SEND_MONEY,COMPLETED,Send Money,Simulated SEND_MONEY,False,2026-09-20T13:12:24.718686+00:00,13,0,1.33,1
f817b1eda774a4b121750b476b76984d,TXN-3B8F1773,a4363f535992847636e40ad27ccc907f,52431bf282c88707e62fd18b75abcf77,,3787.96,5.0,SEND_MONEY,COMPLETED,Send Money,Simulated SEND_MONEY,False,2026-09-29T21:03:28.718686+00:00,21,0,0.72,1
c9e539475fe5022e4e8e07337034de1f,TXN-CC617D90,3a288796c66b6cb72b3c765d5f0440db,5fde7da627ef89562f5d2e5138fcc716,,3600.27,5.0,SEND_MONEY,COMPLETED,Send Money,Simulated SEND_MONEY,False,2026-07-21T22:25:19.718686+00:00,22,0,0.61,1
3e9d99d79e30655c2cbc919cce34df51,TXN-2917DCD9,28bad9c9332ec0e5025efc44e6a7a54f,09f548833bd96f4cda1bac60ea3bdfe9,,1184.78,0.0,MERCHANT_PAY,COMPLETED,Merchant Pay,Simulated MERCHANT_PAY,False,2026-08-09T16:26:55.718686+00:00,16,0,-0.73,1
f7f93c381e5461328633d72ad13d11d9,TXN-51B0AC50,48788294ece10d689d0579adc948163a,92768e2a43ab36f88cb4b3850d783b04,92768e2a43ab36f88cb4b3850d783b04,2954.67,15.0,CASH_OUT,COMPLETED,Cash Out,Simulated CASH_OUT,False,2026-08-22T10:08:44.718686+00:00,10,0,0.25,1
da818bdecd9846e6b95cc32e6c9496be,TXN-39E23F47,ba43d28df7fba6619bbe4dc11c06298b,cd014c6c636613884125f62c886cd09e,,2423.51,0.0,MERCHANT_PAY,COMPLETED,Merchant Pay,Simulated MERCHANT_PAY,False,2026-07-14T13:02:55.718686+00:00,13,0,-0.04,1
b075d5fb6c666b5f4bac02eafba12f77,TXN-33F35295,74a9e2d1020eb53493a1eb482d915981,93ed20f7af298133b5d5c110715e43f5,,2111.65,0.0,BILL_PAY,COMPLETED,Bill Pay,Simulated BILL_PAY,False,2026-08-18T13:31:04.718686+00:00,13,0,-0.22,1
c8b060d4ffcbf41ff0de6a9bcc3b19a5,TXN-FE2E875E,ba3acf686a1a0d53a2f66a6207dcd795,a9d8772b2a6882090ec5f80427432dbd,,2977.45,0.0,BILL_PAY,COMPLETED,Bill Pay,Simulated BILL_PAY,False,2026-07-10T21:12:58.718686+00:00,21,0,0.27,1
e61bbd22d07db91645673c35a8654658,TXN-827BCAC5,5c110f190a3951baa533cec59ffb6aa1,5c65507c2e3b7c0043daa0a1ffae75d3,,2489.67,0.0,MERCHANT_PAY,COMPLETED,Merchant Pay,Simulated MERCHANT_PAY,False,2026-09-01T17:36:55.718686+00:00,17,0,-0.01,1
3dbf64a2e0af684ad2578533fcf73fc4,TXN-792C2C98,44441b337855f3507cd7f3f529f9ed9b,36abffacfee81ff100accb009afd7377,,1101.25,0.0,BILL_PAY,COMPLETED,Bill Pay,Simulated BILL_PAY,False,2026-08-09T20:59:21.718686+00:00,20,0,-0.78,1
40dd7e2297f531354320874fc486382f,TXN-725F7795,ba43d28df7fba6619bbe4dc11c06298b,8275aee7949dab0b3757c0d16495741a,,37.13,0.0,RECHARGE,COMPLETED,Recharge,Simulated RECHARGE,False,2026-10-03T02:06:56.718686+00:00,2,1,-1.37,1
546a3420912a603e5003a24998e66844,TXN-D328935D,947ad30ee89e026f62bb39e7b8666c6e,5c110f190a3951baa533cec59ffb6aa1,,15622.42,5.0,SEND_MONEY,COMPLETED,Send Money,Simulated SEND_MONEY,False,2026-10-01T09:47:42.718686+00:00,9,0,7.29,1
3d9a930b3db8d5abe6080d6b9a083b11,TXN-94AE143A,0dd188fb9dd3735e1ba71bddcf9b5680,641575d590fb761036ec5b80cdf1203a,,1932.67,5.0,SEND_MONEY,COMPLETED,Send Money,Simulated SEND_MONEY,False,2026-07-16T21:19:12.718686+00:00,21,0,-0.32,1
d53872f2f48a4b21dbdaada3eaea01ba,TXN-76AEA446,d1e7a9987d0f9ba4aae3ede8a912f4e5,65fb813c4a8070e7d6f1e3c595c14972,65fb813c4a8070e7d6f1e3c595c14972,1571.4,15.0,CASH_OUT,COMPLETED,Cash Out,Simulated CASH_OUT,False,2026-07-23T16:56:59.718686+00:00,16,0,-0.52,1
b350dd5281dd370683abd1c5d34c9e28,TXN-AAAB9BCC,a4363f535992847636e40ad27ccc907f,d9df0dce0fdbee946099d135178b0651,,47.25,0.0,RECHARGE,COMPLETED,Recharge,Simulated RECHARGE,False,2026-08-19T01:20:52.718686+00:00,1,1,-1.36,1
019c91c14abaf377d6915e67d21e3ba0,TXN-7791C67E,ec6e284035e6331bdc37fe8d94a47b09,7646bcb6920612b5e359b12633365514,,188.74,0.0,RECHARGE,COMPLETED,Recharge,Simulated RECHARGE,False,2026-07-21T15:03:23.718686+00:00,15,0,-1.28,1
d6133f652a9d097a77a9d7af9cc774d0,TXN-92DCCC6C,920d641d4f1838031412092365b508f9,91c41a04edd64e4c32a0af71604f336a,,3064.85,5.0,SEND_MONEY,COMPLETED,Send Money,Simulated SEND_MONEY,False,2026-09-25T20:39:29.718686+00:00,20,0,0.31,1
1d2120f3b7662d2bfcc5f0cc3c94480e,TXN-B93561AC,5fde7da627ef89562f5d2e5138fcc716,85f0ded8f46c29dac6e1885bc1cd8cb0,,111.71,0.0,RECHARGE,COMPLETED,Recharge,Simulated RECHARGE,False,2026-08-13T01:04:15.718686+00:00,1,1,-1.33,1
0a29ab40814974b93660ff61f42dba5c,TXN-7A13CF24,035c936add07d70d3d44b37710f68d9b,65fb813c4a8070e7d6f1e3c595c14972,65fb813c4a8070e7d6f1e3c595c14972,11494.57,15.0,CASH_OUT,COMPLETED,Cash Out,Simulated CASH_OUT,False,2026-08-05T11:36:32.718686+00:00,11,0,5.0,1
3385b0ed73de90cdfa11a201a7f3b978,TXN-E4111427,c3b37cdf478b5f1365d70e59a9bc7db5,24854d7b3ae8bedc178ece65566f1a29,c3b37cdf478b5f1365d70e59a9bc7db5,8957.33,0.0,CASH_IN,COMPLETED,Cash In,Simulated CASH_IN,False,2026-07-22T07:40:30.718686+00:00,7,0,3.59,1
15df36fc9ebc6cb6ad7a20368159c119,TXN-E4A3894C,6a060089e6f56f9afb27d9b83a2b7c9f,fadf4e0aa4e6db699191d450e3cfca90,,344.14,0.0,BILL_PAY,COMPLETED,Bill Pay,Simulated BILL_PAY,False,2026-07-14T18:11:54.718686+00:00,18,0,-1.2,1
bdcff5e8684d93cfe8595957ce5140f6,TXN-E1AEA335,d529ec7c7730634f441257c91dad22c0,947ad30ee89e026f62bb39e7b8666c6e,,3606.25,5.0,SEND_MONEY,COMPLETED,Send Money,Simulated SEND_MONEY,False,2026-08-25T12:02:09.718686+00:00,12,0,0.61,1
61782f0e122b373a2f2b7cfb6de74795,TXN-3A9D0575,f60a322e38c9343ece39f96df2f9dd6e,db05a31aa77a8230c08e634a3795fe26,,1187.9,0.0,BILL_PAY,COMPLETED,Bill Pay,Simulated BILL_PAY,False,2026-09-12T13:09:58.718686+00:00,13,0,-0.73,1
d68014b408466c4a706c6b1983552850,TXN-1B0C02A3,b56e04675e530859a4cde7562b4786e5,f60a322e38c9343ece39f96df2f9dd6e,,2994.22,5.0,SEND_MONEY,COMPLETED,Send Money,Simulated SEND_MONEY,False,2026-07-25T13:07:12.718686+00:00,13,0,0.27,1
5454874f7f1fdbf64c005444478b1b61,TXN-C317CEC3,3e8f0387819d64fd0b03881045eac7c8,f60a322e38c9343ece39f96df2f9dd6e,,6507.83,5.0,SEND_MONEY,COMPLETED,Send Money,Simulated SEND_MONEY,False,2026-08-04T19:41:56.718686+00:00,19,0,2.23,1
f4c2e49958341e3ac940fc2db700c482,TXN-134B1CD1,4c78b5ebb63af8ec922f3fa771763324,10331bea5f8789681791495ed9517fe2,,815.48,5.0,SEND_MONEY,COMPLETED,Send Money,Simulated SEND_MONEY,False,2026-07-27T21:56:22.718686+00:00,21,0,-0.94,1
11ec7f719d08e4ce7a27a6edd08d4308,TXN-4310953D,a2e926c1267324ec26163a35e075df06,3db00c6efa2ff90560fd5e189b42a097,,42.85,0.0,RECHARGE,COMPLETED,Recharge,Simulated RECHARGE,False,2026-09-10T03:01:47.718686+00:00,3,1,-1.37,1
23bf80158e53cd4669d2e4dbac1472eb,TXN-95E67E8E,ac9fb77bcbd378402146779c00a5ffff,ec39bb7cabcf592c12d346c409defd7e,,4879.0,5.0,SEND_MONEY,COMPLETED,Send Money,Simulated SEND_MONEY,False,2026-09-10T19:54:58.718686+00:00,19,0,1.32,1
d085587ee7f9ea499aec6017494ce838,TXN-BFAD8315,914ea800aac501972796ea5d55d04ec0,97732b7d2a0cf42e45df8e38eede305b,97732b7d2a0cf42e45df8e38eede305b,8316.51,15.0,CASH_OUT,COMPLETED,Cash Out,Simulated CASH_OUT,False,2026-09-07T14:13:49.718686+00:00,14,0,3.23,1
e4b229b6e65a2385b88aef1922b8a908,TXN-481FEA61,2e83ddfe2c55078090a49c56b71a1ae2,942a55200af93c74d921d93f2beb656e,,2438.06,5.0,SEND_MONEY,COMPLETED,Send Money,Simulated SEND_MONEY,False,2026-07-10T18:02:17.718686+00:00,18,0,-0.03,1
39e5faa2cea72fe9479ddcdcaeb0000d,TXN-39925EFA,fd47a55fd1e7be8b66eb4061f0a37bc1,a780a78582d457ca210edde8e3c1d88d,,362.73,0.0,RECHARGE,COMPLETED,Recharge,Simulated RECHARGE,False,2026-07-10T13:43:12.718686+00:00,13,0,-1.19,1
5ee7cd26075b50c14384312e1e36b991,TXN-BE488B10,887489e7c99502841ba83eec893afe1d,7ec15cd222dd1fc98dd0e7cd9751fa9d,,682.08,0.0,BILL_PAY,COMPLETED,Bill Pay,Simulated BILL_PAY,False,2026-08-15T03:28:01.718686+00:00,3,1,-1.01,1
a6591fe27abe950e8dddb05c19111678,TXN-0617C3F5,a0a78b533b925cc977153bb8cccf195f,de5424d71169e0b98a120957644e7040,a0a78b533b925cc977153bb8cccf195f,13124.45,0.0,CASH_IN,COMPLETED,Cash In,Simulated CASH_IN,False,2026-08-25T20:06:01.718686+00:00,20,0,5.9,1
ff90193223140c454973929ac2a46885,TXN-80828F15,b7602bda5c16c93cd75c0dbcdd2f6d6c,21432700fffec608e4fd2fb0ddb36d82,,74.7,0.0,RECHARGE,COMPLETED,Recharge,Simulated RECHARGE,False,2026-07-31T04:12:26.718686+00:00,4,1,-1.35,2
47479273cbbc289dc92ddadd070622ef,TXN-7CD52567,5702a1644e9aebb91bb00367c4c52710,6fa7dee9d506c590d0adc559242b754b,,137.66,0.0,RECHARGE,COMPLETED,Recharge,Simulated RECHARGE,False,2026-07-31T13:29:25.718686+00:00,13,0,-1.31,1
b023e2f880eeae13aeb564a0b937cd84,TXN-4D416028,955ec133542f6e80c30f4952fee80d33,97732b7d2a0cf42e45df8e38eede305b,97732b7d2a0cf42e45df8e38eede305b,510.97,15.0,CASH_OUT,COMPLETED,Cash Out,Simulated CASH_OUT,False,2026-09-24T17:56:24.718686+00:00,17,0,-1.11,1
49c528049dd669a8ac8c1907ddefb23b,TXN-875D1937,7bfa12e52337128e6a95dc4ae4de2ee1,a0a78b533b925cc977153bb8cccf195f,a0a78b533b925cc977153bb8cccf195f,7794.19,15.0,CASH_OUT,COMPLETED,Cash Out,Simulated CASH_OUT,False,2026-08-28T11:30:18.718686+00:00,11,0,2.94,1
e271a1233d037797b7549ee5c8d190ad,TXN-49CF8FDA,8cefe33bc85b06476d4145b5395ea644,8370e53dac1eee251fae5e9d3383e82d,,198.8,0.0,RECHARGE,COMPLETED,Recharge,Simulated RECHARGE,False,2026-09-10T08:37:47.718686+00:00,8,0,-1.28,1
226111a6b960b87d23f4305bcb2eb836,TXN-46536209,5c110f190a3951baa533cec59ffb6aa1,d0b4cd2df32ef122a0c71b82035e6dc3,,499.31,0.0,BILL_PAY,COMPLETED,Bill Pay,Simulated BILL_PAY,False,2026-08-24T20:18:55.718686+00:00,20,0,-1.11,1
5b203157c0c552072ed62261a7b5cab2,TXN-1FB08995,ac9fb77bcbd378402146779c00a5ffff,137a8acc36e33a1b4682c358e6592082,,68.95,0.0,RECHARGE,COMPLETED,Recharge,Simulated RECHARGE,False,2026-08-25T05:28:09.718686+00:00,5,1,-1.35,1
f5af262c66a7ad1c79fb92a7b55aa0c5,TXN-6AD5A249,6fa7dee9d506c590d0adc559242b754b,3db00c6efa2ff90560fd5e189b42a097,,2410.37,5.0,SEND_MONEY,COMPLETED,Send Money,Simulated SEND_MONEY,False,2026-07-24T21:26:15.718686+00:00,21,0,-0.05,1
81ec9ca7532a7fae480818739e85cb63,TXN-68C697DD,28bad9c9332ec0e5025efc44e6a7a54f,22c8bad4d62b01cf4e1270d7be143d90,,16082.27,5.0,SEND_MONEY,COMPLETED,Send Money,Simulated SEND_MONEY,False,2026-08-01T10:02:40.718686+00:00,10,0,7.55,1
05340858090c7a9b81497fb71afedae5,TXN-D5FD5B3B,3a288796c66b6cb72b3c765d5f0440db,c85db54ea070ffe0c9c2c638737e31ca,,6928.21,5.0,SEND_MONEY,COMPLETED,Send Money,Simulated SEND_MONEY,False,2026-10-03T15:33:23.718686+00:00,15,0,2.46,1
38fa72ed40242f2b5c566dbf6f615972,TXN-1BEEA26B,0d3fa09ecaba91e19a1f466e6ed0ab3d,b62a999cc4eeb9376b4dda8f15f3b983,,4767.67,5.0,SEND_MONEY,COMPLETED,Send Money,Simulated SEND_MONEY,False,2026-08-13T03:03:47.718686+00:00,3,1,1.26,1
01705c3ab9a713edf0efaf131e710c71,TXN-70A91971,61874613550dc5121fdaaac0737a643d,5c110f190a3951baa533cec59ffb6aa1,,4177.31,5.0,SEND_MONEY,COMPLETED,Send Money,Simulated SEND_MONEY,False,2026-07-22T22:00:46.718686+00:00,22,0,0.93,1
1d62bd8fd09eada1550c85ff2a6cb606,TXN-11BEF55D,ac9fb77bcbd378402146779c00a5ffff,b780a4cf9f6267374ca9ca7c3042586f,,2992.68,5.0,SEND_MONEY,COMPLETED,Send Money,Simulated SEND_MONEY,False,2026-10-01T16:32:21.718686+00:00,16,0,0.27,1
5a42e73a8642c5abdb2b34a9ad4e3996,TXN-C1F1DC00,687322ba46ad7d1a6dcdcbed6b3c57d9,a9d8772b2a6882090ec5f80427432dbd,,64.15,0.0,RECHARGE,COMPLETED,Recharge,Simulated RECHARGE,False,2026-09-26T09:44:08.718686+00:00,9,0,-1.35,1
2033a3a80a627a45345f69f5a87cc800,TXN-ED7BB53D,ec39bb7cabcf592c12d346c409defd7e,afcf8f047d02a8cefb9e5053b9802e7a,,1838.63,0.0,MERCHANT_PAY,COMPLETED,Merchant Pay,Simulated MERCHANT_PAY,False,2026-07-27T14:29:07.718686+00:00,14,0,-0.37,1
5d4d0c99e2fd57461690d9fb97d6540f,TXN-CBD0DBE8,942a55200af93c74d921d93f2beb656e,e2725c5bff2b6162cf06fb1afa9b4940,,2313.16,5.0,SEND_MONEY,COMPLETED,Send Money,Simulated SEND_MONEY,False,2026-08-20T01:24:30.718686+00:00,1,1,-0.1,1
dcfa65eab772c437f7cde3954ee5bc6d,TXN-5235594B,641575d590fb761036ec5b80cdf1203a,fd47a55fd1e7be8b66eb4061f0a37bc1,,1506.91,5.0,SEND_MONEY,COMPLETED,Send Money,Simulated SEND_MONEY,False,2026-09-14T11:01:54.718686+00:00,11,0,-0.55,1
4d84a1b608741b86aeb1c0d771301422,TXN-94FB11BC,ba3acf686a1a0d53a2f66a6207dcd795,0f2255d256be218b494e0e4b1a7f5e1c,,164.39,0.0,RECHARGE,COMPLETED,Recharge,Simulated RECHARGE,False,2026-09-11T02:39:43.718686+00:00,2,1,-1.3,2
8d6262473963d3493d54b64442b40fac,TXN-3205BD33,995a897619c18fbb346657bdfc41c6f7,91c41a04edd64e4c32a0af71604f336a,,1032.12,0.0,MERCHANT_PAY,COMPLETED,Merchant Pay,Simulated MERCHANT_PAY,False,2026-08-19T14:11:08.718686+00:00,14,0,-0.82,1
4327c46e0a6ef1106839de22866a4915,TXN-8DEAAA89,c85db54ea070ffe0c9c2c638737e31ca,5aeb81f0b34f243855d547a027205162,,246.41,0.0,RECHARGE,COMPLETED,Recharge,Simulated RECHARGE,False,2026-08-09T19:43:26.718686+00:00,19,0,-1.25,1
cd882414edc31a0b0794d87e08703ed8,TXN-3D014E27,3e8f0387819d64fd0b03881045eac7c8,61874613550dc5121fdaaac0737a643d,,67.97,0.0,RECHARGE,COMPLETED,Recharge,Simulated RECHARGE,False,2026-07-18T02:36:54.718686+00:00,2,1,-1.35,2
22697c57c72eb5035b7fcb4397043b29,TXN-E036E529,c85db54ea070ffe0c9c2c638737e31ca,afcf8f047d02a8cefb9e5053b9802e7a,,1692.32,5.0,SEND_MONEY,COMPLETED,Send Money,Simulated SEND_MONEY,False,2026-07-28T00:00:08.718686+00:00,0,0,-0.45,1
7f1a310c8a2f2c18ec94511dae2b0d0c,TXN-0FDBF4AD,cd014c6c636613884125f62c886cd09e,39495bec7941dda30d5ffb10dc7835a0,,4749.59,5.0,SEND_MONEY,COMPLETED,Send Money,Simulated SEND_MONEY,False,2026-09-16T14:06:40.718686+00:00,14,0,1.25,1
318a7ccb6b379aeb8daa7f4bb8f3df12,TXN-241B9026,019eb181a60b72600fe1522fabe4cd00,8275aee7949dab0b3757c0d16495741a,,1211.22,5.0,SEND_MONEY,BLOCKED,Send Money,Simulated SEND_MONEY,True,2026-07-16T19:38:09.718686+00:00,19,0,-0.72,1
95ce98efb40dbaaad44896299ee348df,TXN-E2AEDFFB,65fb813c4a8070e7d6f1e3c595c14972,52431bf282c88707e62fd18b75abcf77,65fb813c4a8070e7d6f1e3c595c14972,12819.98,0.0,CASH_IN,COMPLETED,Cash In,Simulated CASH_IN,False,2026-07-22T05:59:50.718686+00:00,5,1,5.73,1
4b27caa1e11438c34a2fde48d693b474,TXN-DC5F20EF,ff0283fc6d6fcb75b58eb34c73cfeaeb,67108e809ac0c87e3f3f926a9e8a9569,ff0283fc6d6fcb75b58eb34c73cfeaeb,14447.82,0.0,CASH_IN,COMPLETED,Cash In,Simulated CASH_IN,False,2026-07-20T12:45:09.718686+00:00,12,0,6.64,1
89bda7e2a8f9b74462160b61912c3b35,TXN-5DA605C0,74a9e2d1020eb53493a1eb482d915981,f1fd93ab956002b687a10b08b5d72967,,229.7,0.0,RECHARGE,COMPLETED,Recharge,Simulated RECHARGE,False,2026-07-22T23:19:31.718686+00:00,23,0,-1.26,1
db5ebf0921b064afe941b28e337eb486,TXN-4433D144,d491f477c542d1707119e8c77ba730c8,955ec133542f6e80c30f4952fee80d33,,3006.41,5.0,SEND_MONEY,COMPLETED,Send Money,Simulated SEND_MONEY,False,2026-10-02T15:56:07.718686+00:00,15,0,0.28,1
0d03dd28362583227f2005aa954741f5,TXN-32BE241C,63d8729ad99d6620a0333cebe2d7207a,5fde7da627ef89562f5d2e5138fcc716,,475.42,0.0,RECHARGE,COMPLETED,Recharge,Simulated RECHARGE,False,2026-07-22T00:03:39.718686+00:00,0,0,-1.12,1
ea71bfd6391b3988e8b5acef1ce5b59d,TXN-9B674DD0,61874613550dc5121fdaaac0737a643d,b105797ce7097a9d7175762f71c33e73,,1693.35,5.0,SEND_MONEY,COMPLETED,Send Money,Simulated SEND_MONEY,False,2026-09-15T18:46:11.718686+00:00,18,0,-0.45,1
0fd12c0d0f74c2c34e1d885af25f63ba,TXN-D7431B04,36abffacfee81ff100accb009afd7377,d3c308a1208710510c3bcb610dc42d08,,4914.54,5.0,SEND_MONEY,COMPLETED,Send Money,Simulated SEND_MONEY,False,2026-08-16T20:25:25.718686+00:00,20,0,1.34,1
cc7f44ad9bd27451947b9e81c087ffcb,TXN-C4D9A745,aab296b6ecffd40138e9dd787dd7c62f,8dec199f53c51c5628944251dda68691,,1166.97,5.0,SEND_MONEY,COMPLETED,Send Money,Simulated SEND_MONEY,False,2026-08-17T09:51:07.718686+00:00,9,0,-0.74,1
fb1321e28eee6295610f9d3a1ce9caf7,TXN-F7C6799F,a4363f535992847636e40ad27ccc907f,cd014c6c636613884125f62c886cd09e,,17598.32,5.0,SEND_MONEY,COMPLETED,Send Money,Simulated SEND_MONEY,False,2026-07-05T19:20:37.718686+00:00,19,0,8.39,1
dee512d7a3b9359c81deaa43437c47b4,TXN-81A3244E,2fe489dc20c1708cfa581d796a164a05,a780a78582d457ca210edde8e3c1d88d,,398.59,0.0,RECHARGE,COMPLETED,Recharge,Simulated RECHARGE,False,2026-08-22T21:17:01.718686+00:00,21,0,-1.17,1
7a208935c019d79638e3e832627f7fb8,TXN-603725C7,914ea800aac501972796ea5d55d04ec0,035c936add07d70d3d44b37710f68d9b,,67.0,0.0,RECHARGE,COMPLETED,Recharge,Simulated RECHARGE,False,2026-07-10T04:19:41.718686+00:00,4,1,-1.35,2
f7305fb63dd3298fc0114e6d4e34829e,TXN-558369E6,ab033cdcb66402849ab1b6df20d638bb,65fb813c4a8070e7d6f1e3c595c14972,65fb813c4a8070e7d6f1e3c595c14972,7835.31,15.0,CASH_OUT,COMPLETED,Cash Out,Simulated CASH_OUT,False,2026-07-15T13:30:29.718686+00:00,13,0,2.96,1
10b8c163424427d184df39a1be753524,TXN-829F4D01,f6b5bf942ce96cc22eedc473be850090,f24ec36fe902d9fc366bf6c5c42558c0,,641.1,5.0,SEND_MONEY,COMPLETED,Send Money,Simulated SEND_MONEY,False,2026-09-21T09:23:58.718686+00:00,9,0,-1.03,1
ee3938942dcc74ecae9a51f52b6c7db6,TXN-05E54E82,d5ad98674d6c69eab07fbb6c5f6ec434,bdd1bcc71ed6717c4a5f4df6a382d2c0,,73.53,0.0,RECHARGE,COMPLETED,Recharge,Simulated RECHARGE,False,2026-09-13T03:14:55.718686+00:00,3,1,-1.35,2
5be88c5db4897462844a83f9a48716ad,TXN-FDED563D,85f0ded8f46c29dac6e1885bc1cd8cb0,8275aee7949dab0b3757c0d16495741a,,1126.25,0.0,MERCHANT_PAY,COMPLETED,Merchant Pay,Simulated MERCHANT_PAY,False,2026-07-24T19:34:31.718686+00:00,19,0,-0.76,1
f622cbb5bc8ba6a13fae19b82d7fc10e,TXN-01142F6F,f611ce5213887ad5e4699085f1c73845,00bf0432ba6bf892a4b11dc619ce7ad3,,547.39,5.0,SEND_MONEY,COMPLETED,Send Money,Simulated SEND_MONEY,False,2026-07-27T16:49:35.718686+00:00,16,0,-1.08,1
12c109a9021cf1f41e2165d3937e2e30,TXN-30B4A962,6ab9575a1b7d1060f24d980c1141bfa8,7e25924565710a7c41b0ba3c9f3bfbe9,,117.94,0.0,RECHARGE,COMPLETED,Recharge,Simulated RECHARGE,False,2026-09-28T03:14:21.718686+00:00,3,1,-1.32,2
074a7110c9d3a198f98857bb809af8c8,TXN-E98FEA19,a2e926c1267324ec26163a35e075df06,b105797ce7097a9d7175762f71c33e73,,642.98,0.0,MERCHANT_PAY,COMPLETED,Merchant Pay,Simulated MERCHANT_PAY,False,2026-08-08T09:36:04.718686+00:00,9,0,-1.03,1
3f10c27612539dab608059dd2f6406fb,TXN-7A0854B4,39495bec7941dda30d5ffb10dc7835a0,a4363f535992847636e40ad27ccc907f,,1817.39,5.0,SEND_MONEY,COMPLETED,Send Money,Simulated SEND_MONEY,False,2026-09-28T21:06:42.718686+00:00,21,0,-0.38,1
e3340b6be63f1770af8f6b44ab731bf1,TXN-B2024089,fd47a55fd1e7be8b66eb4061f0a37bc1,cf34c4e00ac75bb140c3d733b7d0acdf,,412.83,0.0,RECHARGE,COMPLETED,Recharge,Simulated RECHARGE,False,2026-09-13T19:48:40.718686+00:00,19,0,-1.16,1
1fbd17e596295eab199d73a6cac86b0c,TXN-05850C43,e2725c5bff2b6162cf06fb1afa9b4940,4475a6a8efb7ee576f44e9a1cf97e616,,34.21,0.0,RECHARGE,COMPLETED,Recharge,Simulated RECHARGE,False,2026-09-17T02:10:13.718686+00:00,2,1,-1.37,1
9ce615aa521400d9b7cc08bb4e84f2ef,TXN-4B0B73E9,6574d17462a87d1730068b859da056f2,422286bab6d7b8eea429bfee3894aa7b,422286bab6d7b8eea429bfee3894aa7b,6563.46,15.0,CASH_OUT,COMPLETED,Cash Out,Simulated CASH_OUT,False,2026-07-27T23:40:37.718686+00:00,23,0,2.26,1
054d6538169f7d6441b09505b0b09add,TXN-58967CA9,f1fd93ab956002b687a10b08b5d72967,aab296b6ecffd40138e9dd787dd7c62f,,3035.98,5.0,SEND_MONEY,COMPLETED,Send Money,Simulated SEND_MONEY,False,2026-07-31T16:25:38.718686+00:00,16,0,0.3,1
d14bc515e981bf6b1c0b60eff1b0e427,TXN-714A29F5,56e8207d13bee145b0139e9bb3a77636,65fc47ce4974867b6829d72772afdcf1,,2301.19,0.0,MERCHANT_PAY,COMPLETED,Merchant Pay,Simulated MERCHANT_PAY,False,2026-09-14T05:27:53.718686+00:00,5,1,-0.11,2
e2885eafcdeb06b394573a805f84a3f5,TXN-26CB120B,9e7e17b731d68635812244997dbab941,2f12019338fde08f7f9d2612b6f5b02b,,3387.46,0.0,BILL_PAY,COMPLETED,Bill Pay,Simulated BILL_PAY,False,2026-09-16T14:59:48.718686+00:00,14,0,0.49,1
af76928bc522485db439db7e76242dec,TXN-BB7CA0B8,b1a66b3f63e51e2a843b9028fcb6ded2,2e83ddfe2c55078090a49c56b71a1ae2,b1a66b3f63e51e2a843b9028fcb6ded2,13290.51,0.0,CASH_IN,COMPLETED,Cash In,Simulated CASH_IN,False,2026-08-11T13:05:33.718686+00:00,13,0,5.99,1
e4518de116e14722b59ecc6b7c7b75c4,TXN-A436758F,4c576c0ae86216b6f6e0065855ef4b55,016214150e97fb9ec49141665b32485f,,131.28,0.0,RECHARGE,COMPLETED,Recharge,Simulated RECHARGE,False,2026-07-28T03:37:06.718686+00:00,3,1,-1.32,2
42cb73d7a279571b536944246f814d74,TXN-29241981,56d3630d48a7c5213076e6c42c8e9cc3,ab033cdcb66402849ab1b6df20d638bb,56d3630d48a7c5213076e6c42c8e9cc3,13558.44,0.0,CASH_IN,COMPLETED,Cash In,Simulated CASH_IN,False,2026-08-04T19:23:07.718686+00:00,19,0,6.14,1
6556e45f63637b0502c97ca15eac9968,TXN-2AE3ECCC,d9df0dce0fdbee946099d135178b0651,d2c0e952054db218612de01b8b401e3d,,1607.33,5.0,SEND_MONEY,COMPLETED,Send Money,Simulated SEND_MONEY,False,2026-10-02T21:10:00.718686+00:00,21,0,-0.5,1
01714e68b366fed253a976b52537a8c0,TXN-28501E43,6fa7dee9d506c590d0adc559242b754b,74a9e2d1020eb53493a1eb482d915981,,1175.24,5.0,SEND_MONEY,COMPLETED,Send Money,Simulated SEND_MONEY,False,2026-09-25T20:50:30.718686+00:00,20,0,-0.74,1
236f2ffbd4bb41179b65959b6bcf0e41,TXN-9965D228,f63764957f52e118034140e73b764fd8,09f548833bd96f4cda1bac60ea3bdfe9,,51.5,0.0,RECHARGE,COMPLETED,Recharge,Simulated RECHARGE,False,2026-07-13T12:21:04.718686+00:00,12,0,-1.36,1
e92728ffeee6491d761e276475013b5d,TXN-F0D913EB,137a8acc36e33a1b4682c358e6592082,3e8f0387819d64fd0b03881045eac7c8,,4394.63,5.0,SEND_MONEY,COMPLETED,Send Money,Simulated SEND_MONEY,False,2026-09-15T18:38:41.718686+00:00,18,0,1.05,1
e2b88a3ae1274d14c169271346e3b7e9,TXN-9E83117C,f63764957f52e118034140e73b764fd8,67108e809ac0c87e3f3f926a9e8a9569,,4144.01,5.0,SEND_MONEY,COMPLETED,Send Money,Simulated SEND_MONEY,False,2026-08-21T00:50:24.718686+00:00,0,0,0.91,1
39d93ea6018daceb124fe9be704d6e45,TXN-496B9EC3,7ec15cd222dd1fc98dd0e7cd9751fa9d,6d9b4fa238dde07f567f7dbd00b23fd7,,126.93,0.0,RECHARGE,COMPLETED,Recharge,Simulated RECHARGE,False,2026-07-09T02:23:58.718686+00:00,2,1,-1.32,2
778bbdfec4f901c10c7be9477d2ec29c,TXN-29A33F43,63d8729ad99d6620a0333cebe2d7207a,ba43d28df7fba6619bbe4dc11c06298b,,5645.46,5.0,SEND_MONEY,COMPLETED,Send Money,Simulated SEND_MONEY,False,2026-08-07T20:52:54.718686+00:00,20,0,1.75,1
7005bb4a52300550bca71e7d329064c7,TXN-1554B622,b780a4cf9f6267374ca9ca7c3042586f,4c78b5ebb63af8ec922f3fa771763324,,93.71,0.0,RECHARGE,COMPLETED,Recharge,Simulated RECHARGE,False,2026-09-30T01:07:03.718686+00:00,1,1,-1.34,2
a6f79ce1a59529f1e29bc67e5ceaccee,TXN-BFAA5CA7,00bf0432ba6bf892a4b11dc619ce7ad3,a9471c06d90eef52295526c0ef9c12bf,,3100.47,5.0,SEND_MONEY,COMPLETED,Send Money,Simulated SEND_MONEY,False,2026-09-19T17:53:56.718686+00:00,17,0,0.33,1
c8069cc6310b7573e1a9a45695f6663e,TXN-CC42B380,65fc47ce4974867b6829d72772afdcf1,67108e809ac0c87e3f3f926a9e8a9569,,2413.49,5.0,SEND_MONEY,COMPLETED,Send Money,Simulated SEND_MONEY,False,2026-08-19T10:18:08.718686+00:00,10,0,-0.05,1
311a6e1a849344b1d90c3bd5d0570ee3,TXN-0221EDEA,920d641d4f1838031412092365b508f9,0dd188fb9dd3735e1ba71bddcf9b5680,,2200.07,0.0,BILL_PAY,COMPLETED,Bill Pay,Simulated BILL_PAY,False,2026-09-28T07:12:58.718686+00:00,7,0,-0.17,1
550a348574e77d031643b64b3cd1f023,TXN-FEAA93DB,92d9cb140eda53d5046b82d656354805,0dd188fb9dd3735e1ba71bddcf9b5680,,175.07,0.0,RECHARGE,COMPLETED,Recharge,Simulated RECHARGE,False,2026-08-18T03:39:26.718686+00:00,3,1,-1.29,1
4361f0681c0dc2b2be5bc514397e70d1,TXN-F0E4814D,641575d590fb761036ec5b80cdf1203a,91c41a04edd64e4c32a0af71604f336a,,867.01,0.0,MERCHANT_PAY,COMPLETED,Merchant Pay,Simulated MERCHANT_PAY,False,2026-07-13T15:26:14.718686+00:00,15,0,-0.91,1
903539b675d61a860c0687b8704a0526,TXN-92E0155A,5aeb81f0b34f243855d547a027205162,63d8729ad99d6620a0333cebe2d7207a,,1868.16,0.0,MERCHANT_PAY,COMPLETED,Merchant Pay,Simulated MERCHANT_PAY,False,2026-08-08T08:49:49.718686+00:00,8,0,-0.35,1
2ce60b0b1052e257a0e81565a280753d,TXN-83610AF3,c85db54ea070ffe0c9c2c638737e31ca,f63764957f52e118034140e73b764fd8,,2357.6,0.0,MERCHANT_PAY,COMPLETED,Merchant Pay,Simulated MERCHANT_PAY,False,2026-08-03T13:03:22.718686+00:00,13,0,-0.08,1
d48029e4b3ee3e4930eecf2ddceb0516,TXN-3FCFE773,6574d17462a87d1730068b859da056f2,92d9cb140eda53d5046b82d656354805,,623.37,5.0,SEND_MONEY,COMPLETED,Send Money,Simulated SEND_MONEY,False,2026-09-28T13:54:57.718686+00:00,13,0,-1.04,1
894dfe495376dcb4876971b5a7fa044d,TXN-2564D07F,a780a78582d457ca210edde8e3c1d88d,00bf0432ba6bf892a4b11dc619ce7ad3,,60.01,0.0,RECHARGE,COMPLETED,Recharge,Simulated RECHARGE,False,2026-07-29T05:48:39.718686+00:00,5,1,-1.36,2
5fbce83acc9d20031e2d451d50f1bf78,TXN-058E1E4A,9708ab5e440dc80ab8deaa5aa649c2a6,887489e7c99502841ba83eec893afe1d,,4278.39,5.0,SEND_MONEY,COMPLETED,Send Money,Simulated SEND_MONEY,False,2026-08-08T14:54:38.718686+00:00,14,0,0.99,1
b6a74fa7e44781f1abd61720e84508c1,TXN-28A9AAD6,3db00c6efa2ff90560fd5e189b42a097,0f2255d256be218b494e0e4b1a7f5e1c,,566.91,0.0,MERCHANT_PAY,COMPLETED,Merchant Pay,Simulated MERCHANT_PAY,False,2026-09-22T20:11:01.718686+00:00,20,0,-1.07,1
36c72163f760d0189b7c73d8079bc50c,TXN-FEF8EC66,29cc202556f422d15cf82e1512bff950,885e891c4171db3ca38bbb35f664c8fc,885e891c4171db3ca38bbb35f664c8fc,3070.02,15.0,CASH_OUT,COMPLETED,Cash Out,Simulated CASH_OUT,False,2026-07-24T22:35:31.718686+00:00,22,0,0.32,1
de317957758da746b1fbb2bd118e3df6,TXN-F0B8903E,7646bcb6920612b5e359b12633365514,3e8f0387819d64fd0b03881045eac7c8,,4935.21,5.0,SEND_MONEY,BLOCKED,Send Money,Simulated SEND_MONEY,True,2026-07-16T11:20:35.718686+00:00,11,0,1.35,1
960d774ac72901449db303228fd78919,TXN-3F91AC91,d3c308a1208710510c3bcb610dc42d08,5c110f190a3951baa533cec59ffb6aa1,,255.0,0.0,RECHARGE,COMPLETED,Recharge,Simulated RECHARGE,False,2026-07-27T14:34:21.718686+00:00,14,0,-1.25,1
5ff25bd139a85df7ae007beca0c7ac48,TXN-DC929863,016214150e97fb9ec49141665b32485f,59b4db4760e9c7b71f89662b46b5744d,59b4db4760e9c7b71f89662b46b5744d,3374.87,15.0,CASH_OUT,COMPLETED,Cash Out,Simulated CASH_OUT,False,2026-08-26T09:12:40.718686+00:00,9,0,0.49,1
614a6844508b85dced9a6ff0341fece0,TXN-D9B0D13E,3a288796c66b6cb72b3c765d5f0440db,a780a78582d457ca210edde8e3c1d88d,,3432.23,5.0,SEND_MONEY,COMPLETED,Send Money,Simulated SEND_MONEY,False,2026-08-16T12:55:30.718686+00:00,12,0,0.52,1
1a1b6cf60fb8461a72966ed60418fbe6,TXN-ED44B539,36abffacfee81ff100accb009afd7377,b56e04675e530859a4cde7562b4786e5,,1512.81,0.0,MERCHANT_PAY,COMPLETED,Merchant Pay,Simulated MERCHANT_PAY,False,2026-07-21T21:19:49.718686+00:00,21,0,-0.55,1
612319a0109c9dfa2a1984b69fa67537,TXN-F5B88E43,ab033cdcb66402849ab1b6df20d638bb,f89e0aa9ae8d55dcb43d0315270b2238,,306.26,0.0,RECHARGE,COMPLETED,Recharge,Simulated RECHARGE,False,2026-08-12T10:11:26.718686+00:00,10,0,-1.22,1
156ea8124c4363d23cd8469dfba0d4ac,TXN-8871C0A6,09f548833bd96f4cda1bac60ea3bdfe9,ba3acf686a1a0d53a2f66a6207dcd795,,552.22,0.0,MERCHANT_PAY,COMPLETED,Merchant Pay,Simulated MERCHANT_PAY,False,2026-08-18T11:26:15.718686+00:00,11,0,-1.08,1
8a5fc10b2194e92601efe69b846803fa,TXN-85D3DF80,b59d7cf42c5bfc03b00fa5ae8417f581,016214150e97fb9ec49141665b32485f,,840.75,0.0,BILL_PAY,COMPLETED,Bill Pay,Simulated BILL_PAY,False,2026-07-22T01:16:48.718686+00:00,1,1,-0.92,2
b2b34546541a9ca74361534a9908ed4d,TXN-7ECD4CC3,2f12019338fde08f7f9d2612b6f5b02b,b780a4cf9f6267374ca9ca7c3042586f,,4974.2,5.0,SEND_MONEY,COMPLETED,Send Money,Simulated SEND_MONEY,False,2026-09-12T16:16:42.718686+00:00,16,0,1.37,1
40e582241fb36be18b34cbe44b8fe290,TXN-71D7727D,4c64ccf00086f53c7786ee74543a024a,f6b5bf942ce96cc22eedc473be850090,,1375.78,5.0,SEND_MONEY,COMPLETED,Send Money,Simulated SEND_MONEY,False,2026-08-31T07:26:07.718686+00:00,7,0,-0.62,1
4bfd7517fe9a0f61890177c21f1fb893,TXN-00D46AF0,5ea78e239a56f60e7a73667f804942f5,641575d590fb761036ec5b80cdf1203a,,2419.95,0.0,BILL_PAY,COMPLETED,Bill Pay,Simulated BILL_PAY,False,2026-08-13T08:54:51.718686+00:00,8,0,-0.04,1
feb81f8b1577df9059ce4b63a92dc39e,TXN-57441282,2f12019338fde08f7f9d2612b6f5b02b,ec39bb7cabcf592c12d346c409defd7e,,702.96,5.0,SEND_MONEY,COMPLETED,Send Money,Simulated SEND_MONEY,False,2026-09-09T16:04:49.718686+00:00,16,0,-1.0,1
354e268136d42f3f6459f2ae75428689,TXN-1C890FAE,6fa7dee9d506c590d0adc559242b754b,c3b37cdf478b5f1365d70e59a9bc7db5,c3b37cdf478b5f1365d70e59a9bc7db5,3184.41,15.0,CASH_OUT,COMPLETED,Cash Out,Simulated CASH_OUT,False,2026-08-08T12:38:16.718686+00:00,12,0,0.38,1
7b8fc2280da590ec889ed0304999f425,TXN-64E1271E,d3c308a1208710510c3bcb610dc42d08,ff0283fc6d6fcb75b58eb34c73cfeaeb,ff0283fc6d6fcb75b58eb34c73cfeaeb,5165.74,15.0,CASH_OUT,COMPLETED,Cash Out,Simulated CASH_OUT,False,2026-08-01T11:05:28.718686+00:00,11,0,1.48,1
7ee67171ffa394a9b88f62ee58cf7533,TXN-BD85B69E,5458c6d9f0729c3bde4bb221abc8b6b5,d604f2ebd984a759fc53f682396031cd,,3659.34,5.0,SEND_MONEY,COMPLETED,Send Money,Simulated SEND_MONEY,False,2026-07-17T12:13:17.718686+00:00,12,0,0.64,1
0fdea835509a514a9200dfe97497d863,TXN-8AADAD85,fadf4e0aa4e6db699191d450e3cfca90,79a30ec2ffa4cd645fd6ad37bf5a2a92,,4093.92,5.0,SEND_MONEY,COMPLETED,Send Money,Simulated SEND_MONEY,False,2026-08-08T10:29:40.718686+00:00,10,0,0.89,1
1f6375ef6ba48eaad171a1d89eea0473,TXN-5E5D2D9F,dfcc900c6dbec41542ed1b6650d9edf5,4c78b5ebb63af8ec922f3fa771763324,,3827.29,5.0,SEND_MONEY,COMPLETED,Send Money,Simulated SEND_MONEY,False,2026-08-28T21:48:38.718686+00:00,21,0,0.74,1
dadfaf1ccb2337c5c9dfb9a51247d8d7,TXN-98EABBEE,a2e926c1267324ec26163a35e075df06,28bad9c9332ec0e5025efc44e6a7a54f,,98.79,0.0,RECHARGE,COMPLETED,Recharge,Simulated RECHARGE,False,2026-07-27T05:33:25.718686+00:00,5,1,-1.33,2
ee67b09fb5ec674fea6846df9df1edee,TXN-A9F4114D,2e83ddfe2c55078090a49c56b71a1ae2,422286bab6d7b8eea429bfee3894aa7b,422286bab6d7b8eea429bfee3894aa7b,2538.75,15.0,CASH_OUT,COMPLETED,Cash Out,Simulated CASH_OUT,False,2026-08-26T08:09:48.718686+00:00,8,0,0.02,1
1f8b31d19c6668aaa1c806a4d314ea59,TXN-038EE02B,22c8bad4d62b01cf4e1270d7be143d90,914ea800aac501972796ea5d55d04ec0,,487.67,0.0,BILL_PAY,COMPLETED,Bill Pay,Simulated BILL_PAY,False,2026-07-19T22:24:55.718686+00:00,22,0,-1.12,1
a88d1e108fb34586451205265acfb541,TXN-82B9CEB0,c85db54ea070ffe0c9c2c638737e31ca,afcf8f047d02a8cefb9e5053b9802e7a,,1991.79,5.0,SEND_MONEY,COMPLETED,Send Money,Simulated SEND_MONEY,False,2026-09-16T09:32:37.718686+00:00,9,0,-0.28,1
cb989ce17e1027ece8daa845c431b31a,TXN-53E11825,b9ee744cc6893b8e4e16d19dfafb9284,163b7bf9da2842a111d4d8c94377f29f,b9ee744cc6893b8e4e16d19dfafb9284,2581.12,0.0,CASH_IN,COMPLETED,Cash In,Simulated CASH_IN,False,2026-07-22T11:10:45.718686+00:00,11,0,0.05,1
b76f67cc82c4a1a12a086d839dc67b69,TXN-5F5F960C,ab033cdcb66402849ab1b6df20d638bb,774b058b32fa45e881e3520560698426,,2108.04,0.0,BILL_PAY,COMPLETED,Bill Pay,Simulated BILL_PAY,False,2026-07-07T12:41:55.718686+00:00,12,0,-0.22,1
d2a7b83d8dea00309702f9f1eefe2094,TXN-02BA4FB7,df17af4790a0efbcb2dd7af3dc7310ac,2e83ddfe2c55078090a49c56b71a1ae2,,1095.45,0.0,BILL_PAY,COMPLETED,Bill Pay,Simulated BILL_PAY,False,2026-07-18T09:21:01.718686+00:00,9,0,-0.78,1
d52496555bd32f50c358b71261ac6a1d,TXN-38D0C7C6,f63764957f52e118034140e73b764fd8,9708ab5e440dc80ab8deaa5aa649c2a6,,4681.7,5.0,SEND_MONEY,COMPLETED,Send Money,Simulated SEND_MONEY,False,2026-09-21T19:34:39.718686+00:00,19,0,1.21,1
84f03b8eea5ef067c7c5dbfd2b8ef0c8,TXN-4C8AB378,2560a9c45b7f736ff2833acf0ba23b3e,bdd1bcc71ed6717c4a5f4df6a382d2c0,,1754.84,5.0,SEND_MONEY,COMPLETED,Send Money,Simulated SEND_MONEY,False,2026-07-15T11:29:28.718686+00:00,11,0,-0.41,1
5f7f65ef8b07feffd65dae45daeaeae6,TXN-5F2DB5BA,d9df0dce0fdbee946099d135178b0651,63d8729ad99d6620a0333cebe2d7207a,,57.84,0.0,RECHARGE,COMPLETED,Recharge,Simulated RECHARGE,False,2026-08-23T08:16:25.718686+00:00,8,0,-1.36,1
f9d67591163a41595081180a02cc110a,TXN-507785B4,ba3acf686a1a0d53a2f66a6207dcd795,914ea800aac501972796ea5d55d04ec0,,14688.11,5.0,SEND_MONEY,COMPLETED,Send Money,Simulated SEND_MONEY,False,2026-09-01T05:05:53.718686+00:00,5,1,6.77,2
4e794541711c88781ae9d2833ffd8331,TXN-77D9C431,76d2086982f4a9e6bed9b3147eed7cbc,59b4db4760e9c7b71f89662b46b5744d,59b4db4760e9c7b71f89662b46b5744d,5281.54,15.0,CASH_OUT,COMPLETED,Cash Out,Simulated CASH_OUT,False,2026-07-05T20:54:00.718686+00:00,20,0,1.55,1
cc87db53d148e289a0081bf616da7e40,TXN-20DD9157,1cd31cec7165b0f999e22f35ea0f297b,687322ba46ad7d1a6dcdcbed6b3c57d9,,411.96,0.0,RECHARGE,COMPLETED,Recharge,Simulated RECHARGE,False,2026-08-18T06:49:11.718686+00:00,6,0,-1.16,1
99394a94718773ce020adb551ea6401f,TXN-D083B8CC,61874613550dc5121fdaaac0737a643d,48788294ece10d689d0579adc948163a,,6482.3,5.0,SEND_MONEY,COMPLETED,Send Money,Simulated SEND_MONEY,False,2026-09-04T17:31:03.718686+00:00,17,0,2.21,1
195ca864cbd8d3791dd5ddae58ae419e,TXN-01B328A9,dfcc900c6dbec41542ed1b6650d9edf5,36abffacfee81ff100accb009afd7377,,1785.03,0.0,MERCHANT_PAY,COMPLETED,Merchant Pay,Simulated MERCHANT_PAY,False,2026-08-12T13:31:53.718686+00:00,13,0,-0.4,1
d9daac3504f125ae2056d0926890ef9d,TXN-5AED8423,3db00c6efa2ff90560fd5e189b42a097,5fde7da627ef89562f5d2e5138fcc716,,1100.22,5.0,SEND_MONEY,COMPLETED,Send Money,Simulated SEND_MONEY,False,2026-08-26T21:29:06.718686+00:00,21,0,-0.78,1
624e07e76b250425b75cfedadcb0409b,TXN-0FEC6E5B,a9d8772b2a6882090ec5f80427432dbd,0d3fa09ecaba91e19a1f466e6ed0ab3d,,94.6,0.0,RECHARGE,COMPLETED,Recharge,Simulated RECHARGE,False,2026-07-30T05:53:40.718686+00:00,5,1,-1.34,2
731795aef95a42c84d9853a5befe7818,TXN-AB1B1BC2,c93486184196482ee09eeb5394eb3284,fe650fe8f7f1b92ef09c9e9930e4af3f,,3720.64,5.0,SEND_MONEY,COMPLETED,Send Money,Simulated SEND_MONEY,False,2026-07-23T11:45:09.718686+00:00,11,0,0.68,1
26c2c8f84bc3f2a7fbe0ec013f90cf17,TXN-ABE5CB8C,6574d17462a87d1730068b859da056f2,914ea800aac501972796ea5d55d04ec0,,855.68,0.0,BILL_PAY,COMPLETED,Bill Pay,Simulated BILL_PAY,False,2026-09-09T00:02:33.718686+00:00,0,0,-0.91,1
7df7d09b2416c501424b62629ee698b6,TXN-7E5E3246,88763c3e84f0d3eb136c4d4e1aeecdaf,a9471c06d90eef52295526c0ef9c12bf,88763c3e84f0d3eb136c4d4e1aeecdaf,6861.31,0.0,CASH_IN,COMPLETED,Cash In,Simulated CASH_IN,False,2026-08-16T11:56:41.718686+00:00,11,0,2.42,1
f77dad40e46cc5ccd3e531060e9205ed,TXN-34C823AA,d6b3bdced8ec51ba8bfd3d4c8c1cf865,0dd188fb9dd3735e1ba71bddcf9b5680,,3072.24,5.0,SEND_MONEY,COMPLETED,Send Money,Simulated SEND_MONEY,False,2026-08-31T22:26:48.718686+00:00,22,0,0.32,1
0c418eb67ec454f88da7bda1723559f2,TXN-616740BA,79a30ec2ffa4cd645fd6ad37bf5a2a92,df17af4790a0efbcb2dd7af3dc7310ac,,942.85,0.0,BILL_PAY,COMPLETED,Bill Pay,Simulated BILL_PAY,False,2026-08-15T13:44:46.718686+00:00,13,0,-0.87,1
a6c2446362dabe0396371c842aaac190,TXN-D46F8BB6,d2c0e952054db218612de01b8b401e3d,f611ce5213887ad5e4699085f1c73845,,1766.35,0.0,MERCHANT_PAY,COMPLETED,Merchant Pay,Simulated MERCHANT_PAY,False,2026-09-27T00:03:53.718686+00:00,0,0,-0.41,1
9f28fd745544b5298d4e14bfcf022ca6,TXN-97EE490F,81253f4aa18bb992bcd0e6e9b1fa0507,422286bab6d7b8eea429bfee3894aa7b,422286bab6d7b8eea429bfee3894aa7b,5825.93,15.0,CASH_OUT,COMPLETED,Cash Out,Simulated CASH_OUT,False,2026-09-18T14:22:01.718686+00:00,14,0,1.85,1
69042230b6c4a292931241c6df86ec2c,TXN-FD025BF2,137a8acc36e33a1b4682c358e6592082,a2e926c1267324ec26163a35e075df06,,3400.73,5.0,SEND_MONEY,COMPLETED,Send Money,Simulated SEND_MONEY,False,2026-07-09T07:27:28.718686+00:00,7,0,0.5,1
00be21c268334b0a6af1691078284cd4,TXN-DF201B58,85f0ded8f46c29dac6e1885bc1cd8cb0,f6b5bf942ce96cc22eedc473be850090,,31.17,0.0,RECHARGE,COMPLETED,Recharge,Simulated RECHARGE,False,2026-08-11T02:42:48.718686+00:00,2,1,-1.37,1
ab1787d3e8e6b4b6d896bb1efc659114,TXN-A49768F4,f5abc8efbbbec1c7c7a75fac1fbeb42a,1b99ddafaa28f74dc164af9e24830bad,f5abc8efbbbec1c7c7a75fac1fbeb42a,11393.78,0.0,CASH_IN,COMPLETED,Cash In,Simulated CASH_IN,False,2026-09-22T14:02:54.718686+00:00,14,0,4.94,1
9231642b6165d75eee63e20b5b18a44b,TXN-D1DDD003,d529ec7c7730634f441257c91dad22c0,7646bcb6920612b5e359b12633365514,,88.68,0.0,RECHARGE,BLOCKED,Recharge,Simulated RECHARGE,True,2026-10-03T04:03:48.718686+00:00,4,1,-1.34,1
814b9184a3b0c555ee4c14b0fd602829,TXN-84813DFF,24854d7b3ae8bedc178ece65566f1a29,ba62a89e273f83051020288c4d221f17,,330.86,0.0,RECHARGE,COMPLETED,Recharge,Simulated RECHARGE,False,2026-08-31T01:48:10.718686+00:00,1,1,-1.21,1
1a6f50cbfb666c74c75941d56364495d,TXN-8F14CF03,d6b3bdced8ec51ba8bfd3d4c8c1cf865,3db00c6efa2ff90560fd5e189b42a097,,992.91,5.0,SEND_MONEY,COMPLETED,Send Money,Simulated SEND_MONEY,False,2026-09-30T20:18:07.718686+00:00,20,0,-0.84,1
2e9813518f1617672d53949e7fad4975,TXN-6B0669B2,5458c6d9f0729c3bde4bb221abc8b6b5,5702a1644e9aebb91bb00367c4c52710,,125.12,0.0,RECHARGE,COMPLETED,Recharge,Simulated RECHARGE,False,2026-09-15T03:12:41.718686+00:00,3,1,-1.32,2
07b4e803984b338073a982dbaad656a0,TXN-446FE112,ff0283fc6d6fcb75b58eb34c73cfeaeb,94c1c7dc8088ba9666392ead9b770797,ff0283fc6d6fcb75b58eb34c73cfeaeb,9356.32,0.0,CASH_IN,COMPLETED,Cash In,Simulated CASH_IN,False,2026-07-10T23:11:13.718686+00:00,23,0,3.81,1
a9a5bbf67b35c702a6b872a91086f5ff,TXN-C3DA341B,aab296b6ecffd40138e9dd787dd7c62f,f63764957f52e118034140e73b764fd8,,1041.77,5.0,SEND_MONEY,COMPLETED,Send Money,Simulated SEND_MONEY,False,2026-08-15T12:43:11.718686+00:00,12,0,-0.81,1
370c5f053b9f199f86c4e243fd68f5f8,TXN-D26E694A,687322ba46ad7d1a6dcdcbed6b3c57d9,a87506818a081f5835a17049b1ca9b41,,4434.47,5.0,SEND_MONEY,COMPLETED,Send Money,Simulated SEND_MONEY,False,2026-08-25T20:56:18.718686+00:00,20,0,1.07,1
d5d374c14e969b9424a4289feba88c88,TXN-B60F72DF,4c78b5ebb63af8ec922f3fa771763324,f611ce5213887ad5e4699085f1c73845,,1447.2,0.0,MERCHANT_PAY,COMPLETED,Merchant Pay,Simulated MERCHANT_PAY,False,2026-09-23T12:54:20.718686+00:00,12,0,-0.58,1
e8fd9656ba91794eda7638d2ef628d1b,TXN-3F3F037E,88763c3e84f0d3eb136c4d4e1aeecdaf,d2c0e952054db218612de01b8b401e3d,88763c3e84f0d3eb136c4d4e1aeecdaf,4413.58,0.0,CASH_IN,COMPLETED,Cash In,Simulated CASH_IN,False,2026-09-26T15:56:06.718686+00:00,15,0,1.06,1
ab988fe212aa3a9bf00b92642ca265d2,TXN-C8DB9363,774b058b32fa45e881e3520560698426,44441b337855f3507cd7f3f529f9ed9b,,70.91,0.0,RECHARGE,COMPLETED,Recharge,Simulated RECHARGE,False,2026-08-24T02:55:58.718686+00:00,2,1,-1.35,2
74d0fa32a9a8a1b5af36426155a8dac5,TXN-977C5B7E,d5ad98674d6c69eab07fbb6c5f6ec434,36abffacfee81ff100accb009afd7377,,549.38,5.0,SEND_MONEY,COMPLETED,Send Money,Simulated SEND_MONEY,False,2026-09-27T00:35:59.718686+00:00,0,0,-1.08,1
505fc7b9f17e95b0270fd5f43f5b1762,TXN-486BABDB,ba43d28df7fba6619bbe4dc11c06298b,947ad30ee89e026f62bb39e7b8666c6e,,974.5,0.0,BILL_PAY,COMPLETED,Bill Pay,Simulated BILL_PAY,False,2026-09-11T17:51:27.718686+00:00,17,0,-0.85,1
565607b2a07731ee3f03297bca492f90,TXN-68CF7CB5,4c64ccf00086f53c7786ee74543a024a,92768e2a43ab36f88cb4b3850d783b04,92768e2a43ab36f88cb4b3850d783b04,6101.68,15.0,CASH_OUT,COMPLETED,Cash Out,Simulated CASH_OUT,False,2026-10-03T09:26:14.718686+00:00,9,0,2.0,1
94a0d386046090a91c1fdb2ace3802c4,TXN-777FD032,035c936add07d70d3d44b37710f68d9b,2fe489dc20c1708cfa581d796a164a05,,1371.75,5.0,SEND_MONEY,COMPLETED,Send Money,Simulated SEND_MONEY,False,2026-07-14T19:34:00.718686+00:00,19,0,-0.63,1
a9f1d8aff7282d2077226183b0e57ba5,TXN-C2FA9437,7646bcb6920612b5e359b12633365514,ba3acf686a1a0d53a2f66a6207dcd795,,1070.68,0.0,MERCHANT_PAY,COMPLETED,Merchant Pay,Simulated MERCHANT_PAY,False,2026-08-27T07:43:07.718686+00:00,7,0,-0.79,1
d3d4ad008c63715fddb06b61301527c9,TXN-F055FF0E,dfcc900c6dbec41542ed1b6650d9edf5,035c936add07d70d3d44b37710f68d9b,,3767.86,5.0,SEND_MONEY,COMPLETED,Send Money,Simulated SEND_MONEY,False,2026-07-06T16:56:39.718686+00:00,16,0,0.7,1
6992b7b157e0249ee19f33458cbefb49,TXN-B943F3BD,163b7bf9da2842a111d4d8c94377f29f,0f2255d256be218b494e0e4b1a7f5e1c,,70.67,0.0,RECHARGE,COMPLETED,Recharge,Simulated RECHARGE,False,2026-08-12T04:33:45.718686+00:00,4,1,-1.35,2
bb838184807248858579e7dc85cbfdaa,TXN-4D5CB638,24854d7b3ae8bedc178ece65566f1a29,85f0ded8f46c29dac6e1885bc1cd8cb0,,3771.76,5.0,SEND_MONEY,COMPLETED,Send Money,Simulated SEND_MONEY,False,2026-07-26T13:00:49.718686+00:00,13,0,0.71,1
c5b20ad6eee4fd84e783b1473e4ad212,TXN-A3576D67,c93486184196482ee09eeb5394eb3284,b62a999cc4eeb9376b4dda8f15f3b983,,2378.72,0.0,MERCHANT_PAY,COMPLETED,Merchant Pay,Simulated MERCHANT_PAY,False,2026-09-30T17:10:53.718686+00:00,17,0,-0.07,1
7cfe87fd957e629eb23c6691b7e35e08,TXN-4ADDD7D0,8cefe33bc85b06476d4145b5395ea644,00bf0432ba6bf892a4b11dc619ce7ad3,,1414.06,0.0,MERCHANT_PAY,COMPLETED,Merchant Pay,Simulated MERCHANT_PAY,False,2026-09-17T15:18:51.718686+00:00,15,0,-0.6,1
44dbe48fedbf292abce60405f0eded3b,TXN-CD06207B,d6b3bdced8ec51ba8bfd3d4c8c1cf865,7bfa12e52337128e6a95dc4ae4de2ee1,,136.27,0.0,RECHARGE,COMPLETED,Recharge,Simulated RECHARGE,False,2026-08-19T01:17:59.718686+00:00,1,1,-1.31,1
e86c4c5443c6acc0b7b007a6049f96ff,TXN-37DAFF69,e11d3919fbbacb05b53b3da8bde233d6,921012c6b11c284a1771d9b434a6c279,921012c6b11c284a1771d9b434a6c279,16068.04,15.0,CASH_OUT,COMPLETED,Cash Out,Simulated CASH_OUT,False,2026-08-07T00:39:57.718686+00:00,0,0,7.54,1
5b55fab3abce5dc7f4c01193ed055b40,TXN-EB89E09B,c85db54ea070ffe0c9c2c638737e31ca,6574d17462a87d1730068b859da056f2,,17370.02,5.0,SEND_MONEY,COMPLETED,Send Money,Simulated SEND_MONEY,False,2026-08-06T21:09:58.718686+00:00,21,0,8.26,1
a7036d927d0ec17471057bd37586cdc7,TXN-29E540A8,74a9e2d1020eb53493a1eb482d915981,0d3fa09ecaba91e19a1f466e6ed0ab3d,,1088.47,5.0,SEND_MONEY,COMPLETED,Send Money,Simulated SEND_MONEY,False,2026-08-11T16:08:48.718686+00:00,16,0,-0.78,1
404cde5db865f98459a04ceb475e3460,TXN-CB238D57,ec6e284035e6331bdc37fe8d94a47b09,ba184c813197d29e79ddc76c6d457c16,,15500.1,5.0,SEND_MONEY,BLOCKED,Send Money,Simulated SEND_MONEY,True,2026-10-02T14:51:35.718686+00:00,14,0,7.22,1
fdccab2b3deca86589fb0ed76a344112,TXN-2A4E8670,687322ba46ad7d1a6dcdcbed6b3c57d9,8275aee7949dab0b3757c0d16495741a,,1893.51,5.0,SEND_MONEY,COMPLETED,Send Money,Simulated SEND_MONEY,False,2026-09-26T09:28:10.718686+00:00,9,0,-0.34,1
c70fca77d6250d889f3d034e1dd4c0fe,TXN-82E133FC,db05a31aa77a8230c08e634a3795fe26,2560a9c45b7f736ff2833acf0ba23b3e,,862.46,0.0,BILL_PAY,COMPLETED,Bill Pay,Simulated BILL_PAY,False,2026-08-14T11:19:15.718686+00:00,11,0,-0.91,1
e8b7f41b1991944b4ee806cb4cdb4a69,TXN-71B6B87E,ac9fb77bcbd378402146779c00a5ffff,ba3acf686a1a0d53a2f66a6207dcd795,,4448.73,5.0,SEND_MONEY,COMPLETED,Send Money,Simulated SEND_MONEY,False,2026-09-12T00:44:33.718686+00:00,0,0,1.08,1
924ed81843033f8224ebd23505e5c1cc,TXN-7457C525,016214150e97fb9ec49141665b32485f,c93486184196482ee09eeb5394eb3284,,1516.09,0.0,MERCHANT_PAY,COMPLETED,Merchant Pay,Simulated MERCHANT_PAY,False,2026-09-18T14:40:04.718686+00:00,14,0,-0.55,1
19cb8bdd20aebeb567dd78ee0b5a3d26,TXN-70997740,5fde7da627ef89562f5d2e5138fcc716,a780a78582d457ca210edde8e3c1d88d,,775.63,0.0,BILL_PAY,COMPLETED,Bill Pay,Simulated BILL_PAY,False,2026-09-13T10:46:46.718686+00:00,10,0,-0.96,1
d3329a8faff7433977048f7fd929887b,TXN-2EA173FD,67108e809ac0c87e3f3f926a9e8a9569,b59d7cf42c5bfc03b00fa5ae8417f581,,1324.99,0.0,MERCHANT_PAY,COMPLETED,Merchant Pay,Simulated MERCHANT_PAY,False,2026-08-11T22:27:55.718686+00:00,22,0,-0.65,1
a6fc577fc87dd0b09613a8b3a043cfa5,TXN-5C30C60B,22c8bad4d62b01cf4e1270d7be143d90,7ec15cd222dd1fc98dd0e7cd9751fa9d,,87.38,0.0,RECHARGE,COMPLETED,Recharge,Simulated RECHARGE,False,2026-09-21T23:37:44.718686+00:00,23,0,-1.34,1
3bc1c0c1237e208e6be177eb4c0e2843,TXN-E6ED6D50,74a9e2d1020eb53493a1eb482d915981,a0a78b533b925cc977153bb8cccf195f,a0a78b533b925cc977153bb8cccf195f,803.15,15.0,CASH_OUT,COMPLETED,Cash Out,Simulated CASH_OUT,False,2026-07-24T11:11:40.718686+00:00,11,0,-0.94,1
5146ea6a4e43beb1d832effaf6ff80b5,TXN-8772D834,1b99ddafaa28f74dc164af9e24830bad,9708ab5e440dc80ab8deaa5aa649c2a6,,162.46,0.0,RECHARGE,COMPLETED,Recharge,Simulated RECHARGE,False,2026-09-29T01:07:09.718686+00:00,1,1,-1.3,2
d115420cde23e34d3518776a4c078b84,TXN-C93262AF,a9471c06d90eef52295526c0ef9c12bf,e2b37ac0f1e35aae80becc0986504993,,194.32,0.0,RECHARGE,COMPLETED,Recharge,Simulated RECHARGE,False,2026-09-27T05:23:23.718686+00:00,5,1,-1.28,1
a81d9db55babf213f56454bdaf3e9231,TXN-C0BF318E,f5abc8efbbbec1c7c7a75fac1fbeb42a,955ec133542f6e80c30f4952fee80d33,f5abc8efbbbec1c7c7a75fac1fbeb42a,2089.72,0.0,CASH_IN,COMPLETED,Cash In,Simulated CASH_IN,False,2026-09-19T17:22:41.718686+00:00,17,0,-0.23,1
207574eb6224b73a22dafd94f9e72c75,TXN-C4B90DAF,5702a1644e9aebb91bb00367c4c52710,4475a6a8efb7ee576f44e9a1cf97e616,,445.84,0.0,RECHARGE,COMPLETED,Recharge,Simulated RECHARGE,False,2026-08-19T11:19:00.718686+00:00,11,0,-1.14,1
952a726ac8e252fb252b0faebfd82823,TXN-AF7E278C,22c8bad4d62b01cf4e1270d7be143d90,a87506818a081f5835a17049b1ca9b41,,878.67,5.0,SEND_MONEY,COMPLETED,Send Money,Simulated SEND_MONEY,False,2026-08-03T20:23:51.718686+00:00,20,0,-0.9,1
823574dba952b9271149542794df68e6,TXN-76A6F401,f611ce5213887ad5e4699085f1c73845,8d188907e63291714835adb689e38229,,79.44,0.0,RECHARGE,COMPLETED,Recharge,Simulated RECHARGE,False,2026-09-28T01:58:38.718686+00:00,1,1,-1.34,2
4158ab53d0c3e25cac8578fceecff324,TXN-E5A1C118,63d8729ad99d6620a0333cebe2d7207a,10331bea5f8789681791495ed9517fe2,,359.25,5.0,SEND_MONEY,COMPLETED,Send Money,Simulated SEND_MONEY,False,2026-09-26T08:33:04.718686+00:00,8,0,-1.19,1
628d013721667c816608ed446d421506,TXN-D0ACD618,995a897619c18fbb346657bdfc41c6f7,774b058b32fa45e881e3520560698426,,1402.56,5.0,SEND_MONEY,COMPLETED,Send Money,Simulated SEND_MONEY,False,2026-09-16T22:56:16.718686+00:00,22,0,-0.61,1
5c82781412799dcd87449262ca579157,TXN-6296163A,920d641d4f1838031412092365b508f9,8cefe33bc85b06476d4145b5395ea644,,3639.8,5.0,SEND_MONEY,COMPLETED,Send Money,Simulated SEND_MONEY,False,2026-09-16T16:48:21.718686+00:00,16,0,0.63,1
43d7474c89f3f3512ae32393a05d1f72,TXN-20A872A1,5aeb81f0b34f243855d547a027205162,995a897619c18fbb346657bdfc41c6f7,,12810.9,5.0,SEND_MONEY,COMPLETED,Send Money,Simulated SEND_MONEY,False,2026-09-04T11:07:40.718686+00:00,11,0,5.73,1
3f053394bf266945f1b1fb3adf39add4,TXN-7CF3D4B3,88763c3e84f0d3eb136c4d4e1aeecdaf,c72d75458cab25be0e2c630a41129bf2,88763c3e84f0d3eb136c4d4e1aeecdaf,9351.47,0.0,CASH_IN,COMPLETED,Cash In,Simulated CASH_IN,False,2026-07-27T06:04:01.718686+00:00,6,0,3.81,1
878d62509dcb1f2db970dadb0737640c,TXN-7399678A,cce557b7c5670116283705cc1e96e85a,942a55200af93c74d921d93f2beb656e,cce557b7c5670116283705cc1e96e85a,8061.03,0.0,CASH_IN,COMPLETED,Cash In,Simulated CASH_IN,False,2026-07-31T12:37:19.718686+00:00,12,0,3.09,1
8558aa7a3c7ff4eadb7b664a0bf00b5e,TXN-99F11E11,4475a6a8efb7ee576f44e9a1cf97e616,3db00c6efa2ff90560fd5e189b42a097,,3951.76,5.0,SEND_MONEY,COMPLETED,Send Money,Simulated SEND_MONEY,False,2026-09-22T15:25:45.718686+00:00,15,0,0.81,1
33af8b3c5f1a1ecdec3c6ba3575c8963,TXN-CA19F670,fe650fe8f7f1b92ef09c9e9930e4af3f,65fc47ce4974867b6829d72772afdcf1,,450.55,0.0,RECHARGE,COMPLETED,Recharge,Simulated RECHARGE,False,2026-09-21T13:13:32.718686+00:00,13,0,-1.14,1
9cbd74bedf3840ec0c2cac0ede5b581c,TXN-2B2340B7,0f2255d256be218b494e0e4b1a7f5e1c,ff0283fc6d6fcb75b58eb34c73cfeaeb,ff0283fc6d6fcb75b58eb34c73cfeaeb,4115.93,15.0,CASH_OUT,COMPLETED,Cash Out,Simulated CASH_OUT,False,2026-10-03T12:52:51.718686+00:00,12,0,0.9,1
68ea1a1b46aeca1ebe96a6e4fd758f31,TXN-495E064E,d604f2ebd984a759fc53f682396031cd,56d3630d48a7c5213076e6c42c8e9cc3,56d3630d48a7c5213076e6c42c8e9cc3,8308.73,15.0,CASH_OUT,COMPLETED,Cash Out,Simulated CASH_OUT,False,2026-10-03T14:34:00.718686+00:00,14,0,3.23,1
0f88cd6b921cbd98e52faf5afdb9a470,TXN-7E4B2B40,3db00c6efa2ff90560fd5e189b42a097,65fb813c4a8070e7d6f1e3c595c14972,65fb813c4a8070e7d6f1e3c595c14972,12513.83,15.0,CASH_OUT,COMPLETED,Cash Out,Simulated CASH_OUT,False,2026-08-07T00:28:22.718686+00:00,0,0,5.56,1
578b91990c6fccf1e4b52b1f1b034442,TXN-C5EB805F,5aeb81f0b34f243855d547a027205162,1e002e71e6b9a839b69d43969374e33e,,471.47,0.0,MERCHANT_PAY,COMPLETED,Merchant Pay,Simulated MERCHANT_PAY,False,2026-08-15T08:28:35.718686+00:00,8,0,-1.13,1
bfaeab24a0dab386aa2485f95a35ec61,TXN-1A1B0662,67108e809ac0c87e3f3f926a9e8a9569,f6b5bf942ce96cc22eedc473be850090,,3473.76,0.0,BILL_PAY,COMPLETED,Bill Pay,Simulated BILL_PAY,False,2026-09-16T06:54:12.718686+00:00,6,0,0.54,1
9eb9d6c724d4d8b4a58dc033d2600fc9,TXN-91C8CCD5,00bf0432ba6bf892a4b11dc619ce7ad3,2fe489dc20c1708cfa581d796a164a05,,8299.11,5.0,SEND_MONEY,COMPLETED,Send Money,Simulated SEND_MONEY,False,2026-09-05T00:05:52.718686+00:00,0,0,3.22,1
1bf03d50f5599f8004feec4a7a1dd14a,TXN-C9FEF129,10331bea5f8789681791495ed9517fe2,9e7e17b731d68635812244997dbab941,,234.37,0.0,RECHARGE,COMPLETED,Recharge,Simulated RECHARGE,False,2026-07-22T21:55:35.718686+00:00,21,0,-1.26,1
0e37dbaebb7159ed430ae602cfaf3c4f,TXN-A0076447,887489e7c99502841ba83eec893afe1d,10331bea5f8789681791495ed9517fe2,,2490.61,0.0,BILL_PAY,COMPLETED,Bill Pay,Simulated BILL_PAY,False,2026-08-18T13:38:12.718686+00:00,13,0,-0.01,1
875c224b247f089cb3e68fdf2f7c513c,TXN-AAFACB54,d3c308a1208710510c3bcb610dc42d08,b56e04675e530859a4cde7562b4786e5,,1540.59,0.0,MERCHANT_PAY,COMPLETED,Merchant Pay,Simulated MERCHANT_PAY,False,2026-07-16T22:52:55.718686+00:00,22,0,-0.53,1
2e5280d969d82c78b6eff0fde387a06f,TXN-F6EABF47,4c576c0ae86216b6f6e0065855ef4b55,65fc47ce4974867b6829d72772afdcf1,,466.73,0.0,RECHARGE,COMPLETED,Recharge,Simulated RECHARGE,False,2026-09-20T18:57:55.718686+00:00,18,0,-1.13,1
9e94e37fb9b97c224a77826fd696dcbc,TXN-05F89268,137a8acc36e33a1b4682c358e6592082,774b058b32fa45e881e3520560698426,,1704.71,0.0,BILL_PAY,COMPLETED,Bill Pay,Simulated BILL_PAY,False,2026-07-12T23:58:20.718686+00:00,23,0,-0.44,1
bded97570f23ca47a404e17d134f31c9,TXN-A04C9A8F,ba184c813197d29e79ddc76c6d457c16,016214150e97fb9ec49141665b32485f,,656.01,0.0,MERCHANT_PAY,COMPLETED,Merchant Pay,Simulated MERCHANT_PAY,False,2026-09-20T12:10:45.718686+00:00,12,0,-1.02,1
d6a1fa48ecd722b5ff6fe83f92bfad4a,TXN-16665D57,f1d3d9ce7cc465b1935b28bd8972bcdf,88763c3e84f0d3eb136c4d4e1aeecdaf,88763c3e84f0d3eb136c4d4e1aeecdaf,6347.55,15.0,CASH_OUT,COMPLETED,Cash Out,Simulated CASH_OUT,False,2026-07-25T20:45:09.718686+00:00,20,0,2.14,1
71d66373512c994fcae2dd9f6012faee,TXN-E96B5D5C,45b882f3960f148988c5b8fe01addac1,5aeb81f0b34f243855d547a027205162,,1842.73,0.0,MERCHANT_PAY,COMPLETED,Merchant Pay,Simulated MERCHANT_PAY,False,2026-07-13T20:52:25.718686+00:00,20,0,-0.37,1
6d01614022c056a6da702030d992fb2a,TXN-4C18AF2C,09f548833bd96f4cda1bac60ea3bdfe9,2fe489dc20c1708cfa581d796a164a05,,55.01,0.0,RECHARGE,COMPLETED,Recharge,Simulated RECHARGE,False,2026-08-10T01:49:48.718686+00:00,1,1,-1.36,1
ce38a7e2419e6245cfaaea4a358b4f00,TXN-89079E21,f611ce5213887ad5e4699085f1c73845,d6b3bdced8ec51ba8bfd3d4c8c1cf865,,1577.12,5.0,SEND_MONEY,COMPLETED,Send Money,Simulated SEND_MONEY,False,2026-07-19T13:55:47.718686+00:00,13,0,-0.51,1
757cfb46f6f5f8cc44f284458b7cc0b5,TXN-4DF01F19,b105797ce7097a9d7175762f71c33e73,8d188907e63291714835adb689e38229,,193.89,0.0,RECHARGE,COMPLETED,Recharge,Simulated RECHARGE,False,2026-09-17T02:41:53.718686+00:00,2,1,-1.28,1
4f98dc74e4b2ab5b232148e3af007c1b,TXN-2B4958CC,88763c3e84f0d3eb136c4d4e1aeecdaf,aab296b6ecffd40138e9dd787dd7c62f,88763c3e84f0d3eb136c4d4e1aeecdaf,7747.58,0.0,CASH_IN,COMPLETED,Cash In,Simulated CASH_IN,False,2026-09-02T10:21:54.718686+00:00,10,0,2.92,1
95129cf610dcee62ad0831d9261d2e50,TXN-2D02A054,cf34c4e00ac75bb140c3d733b7d0acdf,4c78b5ebb63af8ec922f3fa771763324,,947.43,0.0,MERCHANT_PAY,COMPLETED,Merchant Pay,Simulated MERCHANT_PAY,False,2026-09-30T01:57:44.718686+00:00,1,1,-0.86,2
5275d8f150d87af053ccfacee191b4d9,TXN-2DC39490,6d9b4fa238dde07f567f7dbd00b23fd7,7646bcb6920612b5e359b12633365514,,4667.27,5.0,SEND_MONEY,COMPLETED,Send Money,Simulated SEND_MONEY,False,2026-09-30T06:02:32.718686+00:00,6,0,1.2,1
de8c950d1cfb9a580cd81f655bec0d4f,TXN-0B20C98E,f24ec36fe902d9fc366bf6c5c42558c0,59b4db4760e9c7b71f89662b46b5744d,59b4db4760e9c7b71f89662b46b5744d,5623.3,15.0,CASH_OUT,COMPLETED,Cash Out,Simulated CASH_OUT,False,2026-08-09T00:14:44.718686+00:00,0,0,1.74,1
000767c7600e1f0059658211a867ab95,TXN-AA1E4840,c85db54ea070ffe0c9c2c638737e31ca,4c64ccf00086f53c7786ee74543a024a,,170.29,0.0,RECHARGE,COMPLETED,Recharge,Simulated RECHARGE,False,2026-08-08T01:07:09.718686+00:00,1,1,-1.29,1
d3e6f0eb918caebf399cae1fb0950c9c,TXN-D05F6259,39495bec7941dda30d5ffb10dc7835a0,fadf4e0aa4e6db699191d450e3cfca90,,2745.58,0.0,BILL_PAY,COMPLETED,Bill Pay,Simulated BILL_PAY,False,2026-09-28T11:31:41.718686+00:00,11,0,0.14,1
acd27afd2dea715bad76a7c544d6d072,TXN-E585491E,b1a66b3f63e51e2a843b9028fcb6ded2,a9471c06d90eef52295526c0ef9c12bf,b1a66b3f63e51e2a843b9028fcb6ded2,13333.82,0.0,CASH_IN,COMPLETED,Cash In,Simulated CASH_IN,False,2026-08-15T11:30:59.718686+00:00,11,0,6.02,1
61ec9e5bc34beeb3725ad069ac3d63c8,TXN-E5C10C75,6574d17462a87d1730068b859da056f2,887489e7c99502841ba83eec893afe1d,,155.03,0.0,RECHARGE,COMPLETED,Recharge,Simulated RECHARGE,False,2026-09-09T03:47:42.718686+00:00,3,1,-1.3,2
d36ca8f3000a671acf296bda23b2c78f,TXN-3953E454,d491f477c542d1707119e8c77ba730c8,a789b4fc165147cd64a864ea50e2f99b,,1747.21,0.0,MERCHANT_PAY,COMPLETED,Merchant Pay,Simulated MERCHANT_PAY,False,2026-09-08T06:14:06.718686+00:00,6,0,-0.42,1
b3e48cf4c7c0aa40542cd43192616f11,TXN-0B2CE1A2,8370e53dac1eee251fae5e9d3383e82d,9e7e17b731d68635812244997dbab941,,57.94,0.0,RECHARGE,COMPLETED,Recharge,Simulated RECHARGE,False,2026-09-02T05:05:00.718686+00:00,5,1,-1.36,2
40d98cbb3627d3da2fdca96428b63c9c,TXN-AD9C8882,93ed20f7af298133b5d5c110715e43f5,b59d7cf42c5bfc03b00fa5ae8417f581,,1456.63,5.0,SEND_MONEY,COMPLETED,Send Money,Simulated SEND_MONEY,False,2026-07-29T13:33:48.718686+00:00,13,0,-0.58,1
5c05c2776d06c8575753b1381f11f0c6,TXN-E20DA487,0d3fa09ecaba91e19a1f466e6ed0ab3d,995a897619c18fbb346657bdfc41c6f7,,1061.42,0.0,MERCHANT_PAY,COMPLETED,Merchant Pay,Simulated MERCHANT_PAY,False,2026-08-28T07:08:46.718686+00:00,7,0,-0.8,1
38e84e56adb0986eb4382e1682031c79,TXN-E797F4C1,0f2255d256be218b494e0e4b1a7f5e1c,ba62a89e273f83051020288c4d221f17,,286.56,0.0,RECHARGE,COMPLETED,Recharge,Simulated RECHARGE,False,2026-10-01T01:54:45.718686+00:00,1,1,-1.23,1
dcfb21b7845cbb483bcda72b0872d23b,TXN-79FB88AD,774b058b32fa45e881e3520560698426,81253f4aa18bb992bcd0e6e9b1fa0507,,6748.13,5.0,SEND_MONEY,COMPLETED,Send Money,Simulated SEND_MONEY,False,2026-09-03T17:56:43.718686+00:00,17,0,2.36,1
73a17baa4d2673655150abcd486bde89,TXN-3FA70BE2,67108e809ac0c87e3f3f926a9e8a9569,9e7e17b731d68635812244997dbab941,,122.21,0.0,RECHARGE,COMPLETED,Recharge,Simulated RECHARGE,False,2026-08-13T02:43:42.718686+00:00,2,1,-1.32,1
6ee6f166c17181d06bcfcca7ea3a0a4e,TXN-4C7959F8,a87506818a081f5835a17049b1ca9b41,45b882f3960f148988c5b8fe01addac1,,8377.0,5.0,SEND_MONEY,COMPLETED,Send Money,Simulated SEND_MONEY,False,2026-09-04T16:31:24.718686+00:00,16,0,3.27,1
a64a53c23f6aefce350c0054d64c2a27,TXN-7811EF1F,ba62a89e273f83051020288c4d221f17,2fe489dc20c1708cfa581d796a164a05,,942.62,0.0,MERCHANT_PAY,COMPLETED,Merchant Pay,Simulated MERCHANT_PAY,False,2026-08-18T18:18:46.718686+00:00,18,0,-0.87,1
888068a68bafe6f51f6b2cac917454ab,TXN-5EA32D8D,74a9e2d1020eb53493a1eb482d915981,0fc954a8903d8d3906c6f655090a2772,,141.17,0.0,RECHARGE,COMPLETED,Recharge,Simulated RECHARGE,False,2026-07-28T03:57:11.718686+00:00,3,1,-1.31,1
7f9c4cc968fd3a3895d2cd192cb90639,TXN-66F7A2BE,cce557b7c5670116283705cc1e96e85a,fd47a55fd1e7be8b66eb4061f0a37bc1,cce557b7c5670116283705cc1e96e85a,9968.13,0.0,CASH_IN,COMPLETED,Cash In,Simulated CASH_IN,False,2026-09-23T22:51:52.718686+00:00,22,0,4.15,1
4c678476de5b2e93a879cc19f4e08107,TXN-A443B8B9,f1fd93ab956002b687a10b08b5d72967,79a30ec2ffa4cd645fd6ad37bf5a2a92,,1256.86,5.0,SEND_MONEY,COMPLETED,Send Money,Simulated SEND_MONEY,False,2026-07-14T20:28:16.718686+00:00,20,0,-0.69,1
c08b8393b59f24f0b88114c3557dcb38,TXN-111F97D1,65fc47ce4974867b6829d72772afdcf1,0d3fa09ecaba91e19a1f466e6ed0ab3d,,470.61,0.0,RECHARGE,COMPLETED,Recharge,Simulated RECHARGE,False,2026-08-25T03:28:00.718686+00:00,3,1,-1.13,2
d1da79fe036284b11f996c5ed06b120c,TXN-6CAFACB8,db05a31aa77a8230c08e634a3795fe26,b13eb846b74a47cc34cd153c313fc9b4,,189.28,0.0,RECHARGE,COMPLETED,Recharge,Simulated RECHARGE,False,2026-07-22T02:08:00.718686+00:00,2,1,-1.28,1
2a5a875b6460240e52b65529cc56d111,TXN-430B9D07,8cefe33bc85b06476d4145b5395ea644,914ea800aac501972796ea5d55d04ec0,,11811.78,5.0,SEND_MONEY,COMPLETED,Send Money,Simulated SEND_MONEY,False,2026-09-04T13:33:31.718686+00:00,13,0,5.17,1
e526343994c045f1d9bbb1e994e2bdae,TXN-1DB0CE8D,920d641d4f1838031412092365b508f9,d9df0dce0fdbee946099d135178b0651,,1349.87,5.0,SEND_MONEY,COMPLETED,Send Money,Simulated SEND_MONEY,False,2026-09-27T07:47:04.718686+00:00,7,0,-0.64,1
be5c92565f8717afed31132eb07e9e0b,TXN-F39D4914,de5424d71169e0b98a120957644e7040,6d9b4fa238dde07f567f7dbd00b23fd7,,1880.68,5.0,SEND_MONEY,COMPLETED,Send Money,Simulated SEND_MONEY,False,2026-07-26T18:37:51.718686+00:00,18,0,-0.34,1
4cf352935c5dc2f67843cee24f3c8000,TXN-635E14B6,39495bec7941dda30d5ffb10dc7835a0,7ec15cd222dd1fc98dd0e7cd9751fa9d,,2426.9,0.0,MERCHANT_PAY,COMPLETED,Merchant Pay,Simulated MERCHANT_PAY,False,2026-08-09T13:33:45.718686+00:00,13,0,-0.04,1
dbc8a56f37857493ea10c94d5e6b6a1f,TXN-C8DA3095,81253f4aa18bb992bcd0e6e9b1fa0507,f60a322e38c9343ece39f96df2f9dd6e,,1635.49,0.0,MERCHANT_PAY,COMPLETED,Merchant Pay,Simulated MERCHANT_PAY,False,2026-09-25T14:07:29.718686+00:00,14,0,-0.48,1
455914f2318dfa4c80afb541c46f9919,TXN-D7D4FFF5,5c65507c2e3b7c0043daa0a1ffae75d3,4c78b5ebb63af8ec922f3fa771763324,,723.54,0.0,MERCHANT_PAY,BLOCKED,Merchant Pay,Simulated MERCHANT_PAY,True,2026-08-03T20:51:05.718686+00:00,20,0,-0.99,1
08877047ae1ea32ccbe3ef300de1a40a,TXN-F26AC9D7,94c1c7dc8088ba9666392ead9b770797,8275aee7949dab0b3757c0d16495741a,,21.5,0.0,RECHARGE,BLOCKED,Recharge,Simulated RECHARGE,True,2026-08-19T04:01:53.718686+00:00,4,1,-1.38,2
84451c9ea57d2db55b07676556938736,TXN-AEDFFFA2,f89e0aa9ae8d55dcb43d0315270b2238,67108e809ac0c87e3f3f926a9e8a9569,,4428.49,5.0,SEND_MONEY,COMPLETED,Send Money,Simulated SEND_MONEY,False,2026-08-03T17:51:13.718686+00:00,17,0,1.07,1
f2563facc68f1fed6181258e625ba652,TXN-90950EF2,db05a31aa77a8230c08e634a3795fe26,947ad30ee89e026f62bb39e7b8666c6e,,125.88,0.0,RECHARGE,COMPLETED,Recharge,Simulated RECHARGE,False,2026-09-26T07:46:48.718686+00:00,7,0,-1.32,1
dacb3b6d23bb4c833fe6510c1730737f,TXN-CE513C2D,a2e926c1267324ec26163a35e075df06,a4363f535992847636e40ad27ccc907f,,153.73,0.0,RECHARGE,COMPLETED,Recharge,Simulated RECHARGE,False,2026-09-22T03:29:20.718686+00:00,3,1,-1.3,1
34b3029027db43f0ce2b9509ad60f17b,TXN-005BB318,5ea78e239a56f60e7a73667f804942f5,94c1c7dc8088ba9666392ead9b770797,,2276.73,0.0,BILL_PAY,COMPLETED,Bill Pay,Simulated BILL_PAY,False,2026-08-11T21:36:31.718686+00:00,21,0,-0.12,1
43be9bfbe71b7b5f62e7a197185fc354,TXN-6383DAD2,920d641d4f1838031412092365b508f9,a2e926c1267324ec26163a35e075df06,,4865.81,5.0,SEND_MONEY,COMPLETED,Send Money,Simulated SEND_MONEY,False,2026-07-12T13:04:06.718686+00:00,13,0,1.31,1
92aeb8e55a8214690e1c3665fad23f98,TXN-28C0B965,93ed20f7af298133b5d5c110715e43f5,56d3630d48a7c5213076e6c42c8e9cc3,56d3630d48a7c5213076e6c42c8e9cc3,11416.53,15.0,CASH_OUT,COMPLETED,Cash Out,Simulated CASH_OUT,False,2026-07-07T02:04:01.718686+00:00,2,1,4.95,2
449dcfc35eae4e4fba1fefcfa667659e,TXN-EF62AD24,9ca2c035804c1751d9bb84108e46b24b,3e8f0387819d64fd0b03881045eac7c8,,155.1,0.0,RECHARGE,COMPLETED,Recharge,Simulated RECHARGE,False,2026-07-10T05:36:53.718686+00:00,5,1,-1.3,2
7cf9ff62630d9856765d8c019ededb46,TXN-8AD78F08,56e8207d13bee145b0139e9bb3a77636,a9d8772b2a6882090ec5f80427432dbd,,15624.26,5.0,SEND_MONEY,COMPLETED,Send Money,Simulated SEND_MONEY,False,2026-09-04T00:12:10.718686+00:00,0,0,7.29,1
f97569106a177c9612541779aa8d0d30,TXN-AC729D31,ba62a89e273f83051020288c4d221f17,a789b4fc165147cd64a864ea50e2f99b,,4973.5,5.0,SEND_MONEY,COMPLETED,Send Money,Simulated SEND_MONEY,False,2026-08-24T09:43:06.718686+00:00,9,0,1.37,1
3e6ccad741144fffd42082430e979931,TXN-CBE08196,f60a322e38c9343ece39f96df2f9dd6e,d2c0e952054db218612de01b8b401e3d,,142.66,0.0,RECHARGE,COMPLETED,Recharge,Simulated RECHARGE,False,2026-09-29T01:10:48.718686+00:00,1,1,-1.31,1
50f18d378c2d62b357d957a69d58786b,TXN-84E92696,0dd188fb9dd3735e1ba71bddcf9b5680,ba62a89e273f83051020288c4d221f17,,2483.96,5.0,SEND_MONEY,COMPLETED,Send Money,Simulated SEND_MONEY,False,2026-09-14T12:33:25.718686+00:00,12,0,-0.01,1
05fe7f1d5b371cf7e87132f58f5d7b2d,TXN-F52A4472,56e8207d13bee145b0139e9bb3a77636,36abffacfee81ff100accb009afd7377,,2255.68,5.0,SEND_MONEY,COMPLETED,Send Money,Simulated SEND_MONEY,False,2026-09-29T01:31:12.718686+00:00,1,1,-0.14,2
5865042018c60d65dbcb874c612d7544,TXN-4871230A,4c64ccf00086f53c7786ee74543a024a,44441b337855f3507cd7f3f529f9ed9b,,2510.4,0.0,BILL_PAY,COMPLETED,Bill Pay,Simulated BILL_PAY,False,2026-08-05T17:54:57.718686+00:00,17,0,0.01,1
afdd15bed72f6db43d8d02dfc9c09d2d,TXN-B01595AA,52431bf282c88707e62fd18b75abcf77,c85db54ea070ffe0c9c2c638737e31ca,,4852.81,5.0,SEND_MONEY,COMPLETED,Send Money,Simulated SEND_MONEY,False,2026-09-06T20:55:07.718686+00:00,20,0,1.31,1
009906d8eefc367b4b034de8024739b1,TXN-E5DE7006,b62a999cc4eeb9376b4dda8f15f3b983,df17af4790a0efbcb2dd7af3dc7310ac,,860.17,0.0,MERCHANT_PAY,COMPLETED,Merchant Pay,Simulated MERCHANT_PAY,False,2026-07-18T22:10:19.718686+00:00,22,0,-0.91,1
981478c27a3b4f02617c750958e60d16,TXN-2CC4F112,5d4470618fa83366c874eea88d34d4d1,1e002e71e6b9a839b69d43969374e33e,,1446.14,0.0,BILL_PAY,COMPLETED,Bill Pay,Simulated BILL_PAY,False,2026-07-29T18:22:05.718686+00:00,18,0,-0.59,1
c868c318580de9d172833ba53c82387e,TXN-8D28673D,f24ec36fe902d9fc366bf6c5c42558c0,29cc202556f422d15cf82e1512bff950,,3530.63,5.0,SEND_MONEY,COMPLETED,Send Money,Simulated SEND_MONEY,False,2026-08-31T13:56:39.718686+00:00,13,0,0.57,1
b6454a86b367423e734e21e091393631,TXN-CC2CD193,10331bea5f8789681791495ed9517fe2,aab296b6ecffd40138e9dd787dd7c62f,,174.9,0.0,RECHARGE,COMPLETED,Recharge,Simulated RECHARGE,False,2026-09-03T03:36:54.718686+00:00,3,1,-1.29,1
f95e96ca930528fc613df17d3f5c297b,TXN-17EFD23A,f63764957f52e118034140e73b764fd8,0f2255d256be218b494e0e4b1a7f5e1c,,1962.2,0.0,MERCHANT_PAY,COMPLETED,Merchant Pay,Simulated MERCHANT_PAY,False,2026-09-13T06:57:25.718686+00:00,6,0,-0.3,1
3c631af33c7440280f85b94f74c04559,TXN-9ABE6648,b56e04675e530859a4cde7562b4786e5,cf34c4e00ac75bb140c3d733b7d0acdf,,134.62,0.0,RECHARGE,COMPLETED,Recharge,Simulated RECHARGE,False,2026-09-23T06:50:47.718686+00:00,6,0,-1.31,1
fe62c5a0dfd62fdf80dd730e7f8ff0fd,TXN-537F5FAD,6fa7dee9d506c590d0adc559242b754b,d2c0e952054db218612de01b8b401e3d,,1523.18,5.0,SEND_MONEY,COMPLETED,Send Money,Simulated SEND_MONEY,False,2026-10-01T11:42:21.718686+00:00,11,0,-0.54,1
964467498310e43503e2f4331e609914,TXN-E05EA325,e2725c5bff2b6162cf06fb1afa9b4940,137a8acc36e33a1b4682c358e6592082,,82.29,0.0,RECHARGE,COMPLETED,Recharge,Simulated RECHARGE,False,2026-07-13T19:11:04.718686+00:00,19,0,-1.34,1
e79829fdabec457df72d0adeb13c79a9,TXN-02D0E3EB,94c1c7dc8088ba9666392ead9b770797,019eb181a60b72600fe1522fabe4cd00,,1543.52,0.0,BILL_PAY,COMPLETED,Bill Pay,Simulated BILL_PAY,False,2026-07-10T14:22:50.718686+00:00,14,0,-0.53,1
b2186381486047a185e5dbc64b74eb62,TXN-DDA64EFC,56e8207d13bee145b0139e9bb3a77636,b13eb846b74a47cc34cd153c313fc9b4,,3631.55,5.0,SEND_MONEY,COMPLETED,Send Money,Simulated SEND_MONEY,False,2026-07-12T06:55:45.718686+00:00,6,0,0.63,1
73694f4455fc7e8e031c6eee32677782,TXN-35950218,b62a999cc4eeb9376b4dda8f15f3b983,d529ec7c7730634f441257c91dad22c0,,49.14,0.0,RECHARGE,COMPLETED,Recharge,Simulated RECHARGE,False,2026-07-16T10:37:56.718686+00:00,10,0,-1.36,1
a1547f13860592f8fbb9f7efb84c87a6,TXN-60C01E0E,035c936add07d70d3d44b37710f68d9b,5c65507c2e3b7c0043daa0a1ffae75d3,,347.17,5.0,SEND_MONEY,COMPLETED,Send Money,Simulated SEND_MONEY,False,2026-07-13T16:03:09.718686+00:00,16,0,-1.2,1
f38f347494358380082286337e85c160,TXN-3C842CB0,2e83ddfe2c55078090a49c56b71a1ae2,f24ec36fe902d9fc366bf6c5c42558c0,,1270.44,5.0,SEND_MONEY,COMPLETED,Send Money,Simulated SEND_MONEY,False,2026-09-09T21:07:36.718686+00:00,21,0,-0.68,1
c7be83b5bf438a42e2195e93f640b6fa,TXN-0129DBEF,b62a999cc4eeb9376b4dda8f15f3b983,97732b7d2a0cf42e45df8e38eede305b,97732b7d2a0cf42e45df8e38eede305b,4688.18,15.0,CASH_OUT,COMPLETED,Cash Out,Simulated CASH_OUT,False,2026-09-16T16:21:29.718686+00:00,16,0,1.22,1
b03f0472b890719403d4400726ad65d4,TXN-C31DD095,914ea800aac501972796ea5d55d04ec0,36abffacfee81ff100accb009afd7377,,225.0,0.0,RECHARGE,COMPLETED,Recharge,Simulated RECHARGE,False,2026-09-30T10:17:32.718686+00:00,10,0,-1.26,1
c5625338450085187a44bc3e241903a3,TXN-3A852E1D,d9df0dce0fdbee946099d135178b0651,f1d3d9ce7cc465b1935b28bd8972bcdf,,116.1,0.0,RECHARGE,COMPLETED,Recharge,Simulated RECHARGE,False,2026-09-08T05:52:45.718686+00:00,5,1,-1.32,2
acd6efee5683e78cc5521d1c646296ac,TXN-AFE75F9D,d2c0e952054db218612de01b8b401e3d,fc9c1388504a06a82f25be52c4a6f5a5,,226.68,0.0,RECHARGE,COMPLETED,Recharge,Simulated RECHARGE,False,2026-08-22T08:36:13.718686+00:00,8,0,-1.26,1
64af4be33d8c2abbe68bf9ad4b9027be,TXN-0F021D36,67108e809ac0c87e3f3f926a9e8a9569,48788294ece10d689d0579adc948163a,,101.43,0.0,RECHARGE,COMPLETED,Recharge,Simulated RECHARGE,False,2026-09-14T02:50:30.718686+00:00,2,1,-1.33,1
06e17f29a66589a20d95b5b179fc0cc7,TXN-EBAAB1D0,0dd188fb9dd3735e1ba71bddcf9b5680,59b4db4760e9c7b71f89662b46b5744d,59b4db4760e9c7b71f89662b46b5744d,2763.81,15.0,CASH_OUT,COMPLETED,Cash Out,Simulated CASH_OUT,False,2026-09-09T22:30:32.718686+00:00,22,0,0.15,1
87eb6d3002c8b911de28bf2c96d01930,TXN-23612269,63d8729ad99d6620a0333cebe2d7207a,4c64ccf00086f53c7786ee74543a024a,,122.72,0.0,RECHARGE,COMPLETED,Recharge,Simulated RECHARGE,False,2026-10-02T03:38:17.718686+00:00,3,1,-1.32,1
86dfbcbb93a5f329e07ac543edf2ccf3,TXN-3B730E20,d604f2ebd984a759fc53f682396031cd,5458c6d9f0729c3bde4bb221abc8b6b5,,124.79,0.0,RECHARGE,COMPLETED,Recharge,Simulated RECHARGE,False,2026-07-23T03:14:19.718686+00:00,3,1,-1.32,2
4c64fbc914990f846aee84e3e1a121d2,TXN-80522F37,2fe489dc20c1708cfa581d796a164a05,d5ad98674d6c69eab07fbb6c5f6ec434,,102.99,0.0,RECHARGE,COMPLETED,Recharge,Simulated RECHARGE,False,2026-08-01T20:24:05.718686+00:00,20,0,-1.33,1
f0aee52c26a01cdc22d3298482cf388b,TXN-7E5E33A7,f073b58ca6bf5f68a77b501b3e16b8fa,8dec199f53c51c5628944251dda68691,,421.23,5.0,SEND_MONEY,COMPLETED,Send Money,Simulated SEND_MONEY,False,2026-09-17T07:28:57.718686+00:00,7,0,-1.15,1
402646b7b3e6f1e870be9532e98a7290,TXN-D666C929,0f2255d256be218b494e0e4b1a7f5e1c,887489e7c99502841ba83eec893afe1d,,465.75,0.0,RECHARGE,COMPLETED,Recharge,Simulated RECHARGE,False,2026-07-21T01:50:43.718686+00:00,1,1,-1.13,2
638f536c0e7535b65cc817a1af51c501,TXN-F37EC6FB,4c64ccf00086f53c7786ee74543a024a,bdd1bcc71ed6717c4a5f4df6a382d2c0,,3534.18,5.0,SEND_MONEY,COMPLETED,Send Money,Simulated SEND_MONEY,False,2026-09-15T23:02:12.718686+00:00,23,0,0.57,1
f14a4e373a7f8f7e66de485acb6848e5,TXN-9A799B82,5fde7da627ef89562f5d2e5138fcc716,9ca2c035804c1751d9bb84108e46b24b,,2244.89,5.0,SEND_MONEY,COMPLETED,Send Money,Simulated SEND_MONEY,False,2026-09-01T15:15:32.718686+00:00,15,0,-0.14,1
15767c6ea2178bc7e8d109de1fbcd5fa,TXN-E3711867,4c576c0ae86216b6f6e0065855ef4b55,4475a6a8efb7ee576f44e9a1cf97e616,,730.14,0.0,MERCHANT_PAY,COMPLETED,Merchant Pay,Simulated MERCHANT_PAY,False,2026-09-16T19:23:10.718686+00:00,19,0,-0.98,1
47cbcca7d2cdae3ea0996e13ce0779a1,TXN-6E399773,63d8729ad99d6620a0333cebe2d7207a,ba62a89e273f83051020288c4d221f17,,1861.16,0.0,BILL_PAY,COMPLETED,Bill Pay,Simulated BILL_PAY,False,2026-07-23T11:06:02.718686+00:00,11,0,-0.35,1
7c7e662843b416f66e5774ea91e1c725,TXN-414C8EB6,fe650fe8f7f1b92ef09c9e9930e4af3f,d2c0e952054db218612de01b8b401e3d,,67.93,0.0,RECHARGE,COMPLETED,Recharge,Simulated RECHARGE,False,2026-09-11T02:33:22.718686+00:00,2,1,-1.35,1
664f48179865818c7e7bb67b058a0e83,TXN-9CACCE67,91c41a04edd64e4c32a0af71604f336a,00bf0432ba6bf892a4b11dc619ce7ad3,,1820.95,5.0,SEND_MONEY,COMPLETED,Send Money,Simulated SEND_MONEY,False,2026-08-21T06:16:20.718686+00:00,6,0,-0.38,1
d12c8cb778cdd4bf1651c0f89dbbdbca,TXN-E1FBB2E6,d604f2ebd984a759fc53f682396031cd,137a8acc36e33a1b4682c358e6592082,,367.66,5.0,SEND_MONEY,COMPLETED,Send Money,Simulated SEND_MONEY,False,2026-08-31T16:16:48.718686+00:00,16,0,-1.18,1
0d2042de92575c813f766922403f548a,TXN-72DD2774,9ca2c035804c1751d9bb84108e46b24b,b9376a572eeedc5c8dfd978d9d452846,,136.66,0.0,RECHARGE,BLOCKED,Recharge,Simulated RECHARGE,True,2026-07-15T21:40:55.718686+00:00,21,0,-1.31,1
4950b56da71f101076f1d91170f8d35c,TXN-D954C7D2,ba43d28df7fba6619bbe4dc11c06298b,921012c6b11c284a1771d9b434a6c279,921012c6b11c284a1771d9b434a6c279,14620.17,15.0,CASH_OUT,COMPLETED,Cash Out,Simulated CASH_OUT,False,2026-09-01T10:44:46.718686+00:00,10,0,6.73,1
ab2de545a3defcb86541706e1f99f7b0,TXN-1C260E71,ba3acf686a1a0d53a2f66a6207dcd795,955ec133542f6e80c30f4952fee80d33,,3538.96,5.0,SEND_MONEY,COMPLETED,Send Money,Simulated SEND_MONEY,False,2026-09-05T16:16:30.718686+00:00,16,0,0.58,1
c472c4e38921b7a990dc57911a85c95e,TXN-EAF3ED84,5ea78e239a56f60e7a73667f804942f5,887489e7c99502841ba83eec893afe1d,,71.12,0.0,RECHARGE,COMPLETED,Recharge,Simulated RECHARGE,False,2026-07-11T02:53:30.718686+00:00,2,1,-1.35,2
045edbdfc15d1e20ca295bc586d59f11,TXN-F8AF95EC,a87506818a081f5835a17049b1ca9b41,2f12019338fde08f7f9d2612b6f5b02b,,184.32,0.0,RECHARGE,COMPLETED,Recharge,Simulated RECHARGE,False,2026-08-24T03:28:08.718686+00:00,3,1,-1.29,1
3979fd985310a81df2bbbbb61e1f16bd,TXN-BE103864,7646bcb6920612b5e359b12633365514,74a9e2d1020eb53493a1eb482d915981,,1803.25,0.0,MERCHANT_PAY,COMPLETED,Merchant Pay,Simulated MERCHANT_PAY,False,2026-08-24T02:00:26.718686+00:00,2,1,-0.39,1
57c436cb7b39cdf7caaa26ec278f62e8,TXN-255E44EC,d1e7a9987d0f9ba4aae3ede8a912f4e5,00bf0432ba6bf892a4b11dc619ce7ad3,,1349.85,5.0,SEND_MONEY,COMPLETED,Send Money,Simulated SEND_MONEY,False,2026-09-02T14:00:17.718686+00:00,14,0,-0.64,1
0a91d20fe7be212e0a89018294209223,TXN-C12A63C8,5c65507c2e3b7c0043daa0a1ffae75d3,d0b4cd2df32ef122a0c71b82035e6dc3,,1856.78,5.0,SEND_MONEY,COMPLETED,Send Money,Simulated SEND_MONEY,False,2026-07-25T18:15:35.718686+00:00,18,0,-0.36,1
d3291f1fc6e99834da5bb18a358315a7,TXN-9DD0DE4F,afcf8f047d02a8cefb9e5053b9802e7a,b62a999cc4eeb9376b4dda8f15f3b983,,3111.77,0.0,BILL_PAY,COMPLETED,Bill Pay,Simulated BILL_PAY,False,2026-08-09T19:50:54.718686+00:00,19,0,0.34,1
264b683910dcfa12ee07572656d547c2,TXN-D4FCD1BD,0f2255d256be218b494e0e4b1a7f5e1c,65fc47ce4974867b6829d72772afdcf1,,580.94,0.0,BILL_PAY,COMPLETED,Bill Pay,Simulated BILL_PAY,False,2026-08-18T07:53:38.718686+00:00,7,0,-1.07,1
9672b19f76078838ff0b92f01f0ff7fa,TXN-8F689F15,ec6e284035e6331bdc37fe8d94a47b09,f60a322e38c9343ece39f96df2f9dd6e,,123.12,0.0,RECHARGE,COMPLETED,Recharge,Simulated RECHARGE,False,2026-09-24T01:52:16.718686+00:00,1,1,-1.32,2
e8eebb9b90d28b36dc1d9859cb7232f4,TXN-AD9403A0,137a8acc36e33a1b4682c358e6592082,641575d590fb761036ec5b80cdf1203a,,2488.96,0.0,BILL_PAY,COMPLETED,Bill Pay,Simulated BILL_PAY,False,2026-09-26T22:38:10.718686+00:00,22,0,-0.01,1
86e6fa01a2f3c70e08b6fcd4f1035aa6,TXN-22E4BE57,9ca2c035804c1751d9bb84108e46b24b,b105797ce7097a9d7175762f71c33e73,,2281.61,0.0,MERCHANT_PAY,COMPLETED,Merchant Pay,Simulated MERCHANT_PAY,False,2026-09-10T22:30:54.718686+00:00,22,0,-0.12,1
5dd692836c6d31100bcd0fccf66a438a,TXN-9922C269,f1fd93ab956002b687a10b08b5d72967,65fb813c4a8070e7d6f1e3c595c14972,65fb813c4a8070e7d6f1e3c595c14972,1387.9,15.0,CASH_OUT,COMPLETED,Cash Out,Simulated CASH_OUT,False,2026-09-15T12:59:43.718686+00:00,12,0,-0.62,1
e3c870faf1f0e8a836fd94c10db5bcc1,TXN-B6E1161A,a9471c06d90eef52295526c0ef9c12bf,942a55200af93c74d921d93f2beb656e,,3766.21,5.0,SEND_MONEY,COMPLETED,Send Money,Simulated SEND_MONEY,False,2026-08-27T08:33:50.718686+00:00,8,0,0.7,1
cb98716054dd9d59e5d48dbaaa3ce20d,TXN-D0DA53A7,a2e926c1267324ec26163a35e075df06,29cc202556f422d15cf82e1512bff950,,313.75,0.0,RECHARGE,COMPLETED,Recharge,Simulated RECHARGE,False,2026-07-28T18:32:40.718686+00:00,18,0,-1.21,1
b8ddafa1dcd1c19f8e560988972c0f5c,TXN-DF757A4E,9708ab5e440dc80ab8deaa5aa649c2a6,44441b337855f3507cd7f3f529f9ed9b,,6743.13,5.0,SEND_MONEY,COMPLETED,Send Money,Simulated SEND_MONEY,False,2026-08-03T18:32:25.718686+00:00,18,0,2.36,1
c6d0f1a1f852b64bbce1b1ca4af674d3,TXN-74B6AA25,56e8207d13bee145b0139e9bb3a77636,422286bab6d7b8eea429bfee3894aa7b,422286bab6d7b8eea429bfee3894aa7b,5418.98,15.0,CASH_OUT,COMPLETED,Cash Out,Simulated CASH_OUT,False,2026-09-03T22:35:51.718686+00:00,22,0,1.62,1
d9a5a942537f4d110fa4055dfd9c2050,TXN-D907882E,163b7bf9da2842a111d4d8c94377f29f,94c1c7dc8088ba9666392ead9b770797,,186.88,0.0,RECHARGE,COMPLETED,Recharge,Simulated RECHARGE,False,2026-07-31T01:02:19.718686+00:00,1,1,-1.29,2
0e93bad588746c1924869346efd63fec,TXN-1100D6CA,0f2255d256be218b494e0e4b1a7f5e1c,7646bcb6920612b5e359b12633365514,,311.81,0.0,RECHARGE,COMPLETED,Recharge,Simulated RECHARGE,False,2026-08-29T08:19:53.718686+00:00,8,0,-1.22,1
b2dcf361430a2c7c65977357d6721f28,TXN-ECF91186,016214150e97fb9ec49141665b32485f,65fc47ce4974867b6829d72772afdcf1,,1639.35,0.0,MERCHANT_PAY,COMPLETED,Merchant Pay,Simulated MERCHANT_PAY,False,2026-09-17T15:12:38.718686+00:00,15,0,-0.48,1
ea5f44fa46b48f66d3fdb25ce3b610e3,TXN-4E753F7F,fadf4e0aa4e6db699191d450e3cfca90,b62a999cc4eeb9376b4dda8f15f3b983,,91.21,0.0,RECHARGE,COMPLETED,Recharge,Simulated RECHARGE,False,2026-07-11T02:32:14.718686+00:00,2,1,-1.34,2
8689206aee6c2ade8464d26be9dc3c08,TXN-86A139B8,5c65507c2e3b7c0043daa0a1ffae75d3,b9376a572eeedc5c8dfd978d9d452846,,2080.49,5.0,SEND_MONEY,COMPLETED,Send Money,Simulated SEND_MONEY,False,2026-07-12T00:30:11.718686+00:00,0,0,-0.23,1
3e6ecad0f057ef13bf3fba9ab38237ce,TXN-BDF30A58,21432700fffec608e4fd2fb0ddb36d82,0d3fa09ecaba91e19a1f466e6ed0ab3d,,3191.76,0.0,BILL_PAY,COMPLETED,Bill Pay,Simulated BILL_PAY,False,2026-09-21T19:34:36.718686+00:00,19,0,0.38,1
f85e6afd93f394da1a03b3965b20dfee,TXN-38AD8FC7,5d4470618fa83366c874eea88d34d4d1,422286bab6d7b8eea429bfee3894aa7b,422286bab6d7b8eea429bfee3894aa7b,5720.86,15.0,CASH_OUT,COMPLETED,Cash Out,Simulated CASH_OUT,False,2026-07-29T14:54:22.718686+00:00,14,0,1.79,1
342e99b512e88db12e941cf76d42c8ed,TXN-2F2F62E3,91636429900048d39a6a81c76e775fe7,1e002e71e6b9a839b69d43969374e33e,91636429900048d39a6a81c76e775fe7,13355.68,0.0,CASH_IN,COMPLETED,Cash In,Simulated CASH_IN,False,2026-09-02T15:05:00.718686+00:00,15,0,6.03,1
50634ba1495bf381e40aed2a7ebca3ce,TXN-62E5E149,a87506818a081f5835a17049b1ca9b41,8cefe33bc85b06476d4145b5395ea644,,3575.2,5.0,SEND_MONEY,COMPLETED,Send Money,Simulated SEND_MONEY,False,2026-07-25T22:05:20.718686+00:00,22,0,0.6,1
2fe8229d277c52748fbe06c5322f6eb6,TXN-69B97E5E,0f2255d256be218b494e0e4b1a7f5e1c,c3b37cdf478b5f1365d70e59a9bc7db5,c3b37cdf478b5f1365d70e59a9bc7db5,3340.09,15.0,CASH_OUT,COMPLETED,Cash Out,Simulated CASH_OUT,False,2026-09-09T15:52:32.718686+00:00,15,0,0.47,1
5da3884e7911e263e58770a04273a656,TXN-D8ECF6D9,887489e7c99502841ba83eec893afe1d,fd47a55fd1e7be8b66eb4061f0a37bc1,,851.35,5.0,SEND_MONEY,COMPLETED,Send Money,Simulated SEND_MONEY,False,2026-09-27T23:03:19.718686+00:00,23,0,-0.92,1
cc0f1a8f4c123d27a53f6ee87f180f74,TXN-C610AF95,137a8acc36e33a1b4682c358e6592082,48788294ece10d689d0579adc948163a,,43.68,0.0,RECHARGE,BLOCKED,Recharge,Simulated RECHARGE,True,2026-09-01T04:06:18.718686+00:00,4,1,-1.36,2
de7cebf3eac2fa2b62fd9ea350946714,TXN-A0EAA9A4,6d9b4fa238dde07f567f7dbd00b23fd7,1cd31cec7165b0f999e22f35ea0f297b,,3005.98,5.0,SEND_MONEY,COMPLETED,Send Money,Simulated SEND_MONEY,False,2026-07-06T15:43:36.718686+00:00,15,0,0.28,1
f9891e5c2b83d9bb9cbf80201ef7c6be,TXN-F0BA293A,b62a999cc4eeb9376b4dda8f15f3b983,b13eb846b74a47cc34cd153c313fc9b4,,2804.61,5.0,SEND_MONEY,COMPLETED,Send Money,Simulated SEND_MONEY,False,2026-09-19T17:49:48.718686+00:00,17,0,0.17,1
cbeaa04c18cf5208d2700099cb863d03,TXN-21748410,2fe489dc20c1708cfa581d796a164a05,0dd188fb9dd3735e1ba71bddcf9b5680,,4291.07,5.0,SEND_MONEY,COMPLETED,Send Money,Simulated SEND_MONEY,False,2026-09-27T06:17:53.718686+00:00,6,0,1.0,1
ccdaadcf403f39f6871127e69ad59548,TXN-04C6DE3C,920d641d4f1838031412092365b508f9,921012c6b11c284a1771d9b434a6c279,921012c6b11c284a1771d9b434a6c279,1710.01,15.0,CASH_OUT,COMPLETED,Cash Out,Simulated CASH_OUT,False,2026-07-19T08:46:18.718686+00:00,8,0,-0.44,1
a24377791d6197b50678b8afb2d6b4b8,TXN-B8CC770A,0dd188fb9dd3735e1ba71bddcf9b5680,0e65de46311e9c847c499c11aa845484,0e65de46311e9c847c499c11aa845484,1198.45,15.0,CASH_OUT,COMPLETED,Cash Out,Simulated CASH_OUT,False,2026-09-18T06:42:17.718686+00:00,6,0,-0.72,1
1d46c8f14a457b693eaa8165846e4bdc,TXN-786067A1,a9d8772b2a6882090ec5f80427432dbd,a9471c06d90eef52295526c0ef9c12bf,,2433.46,5.0,SEND_MONEY,COMPLETED,Send Money,Simulated SEND_MONEY,False,2026-08-29T13:37:58.718686+00:00,13,0,-0.04,1
95a0c29fc183eb24faa9f3ac38a253c0,TXN-58AD87DA,d1e7a9987d0f9ba4aae3ede8a912f4e5,d3c308a1208710510c3bcb610dc42d08,,151.35,0.0,RECHARGE,COMPLETED,Recharge,Simulated RECHARGE,False,2026-08-01T01:12:07.718686+00:00,1,1,-1.3,2
6bd6e28c5e5b16c20efba4b53d395fb1,TXN-A78D7A3E,019eb181a60b72600fe1522fabe4cd00,2fe489dc20c1708cfa581d796a164a05,,1312.76,0.0,BILL_PAY,COMPLETED,Bill Pay,Simulated BILL_PAY,False,2026-08-11T09:08:21.718686+00:00,9,0,-0.66,1
4e12745c2999148720b14c3d158daa11,TXN-7489E7B2,ec39bb7cabcf592c12d346c409defd7e,cd014c6c636613884125f62c886cd09e,,1963.06,0.0,BILL_PAY,COMPLETED,Bill Pay,Simulated BILL_PAY,False,2026-07-22T15:57:23.718686+00:00,15,0,-0.3,1
7cbd66b12b745c235f6cfc5d7b095069,TXN-E6942A50,3db00c6efa2ff90560fd5e189b42a097,b13eb846b74a47cc34cd153c313fc9b4,,24.32,0.0,RECHARGE,COMPLETED,Recharge,Simulated RECHARGE,False,2026-08-04T04:10:01.718686+00:00,4,1,-1.38,2
e30587214e97aa53cedd07913d76a338,TXN-3594C0FF,920d641d4f1838031412092365b508f9,5458c6d9f0729c3bde4bb221abc8b6b5,,3257.0,5.0,SEND_MONEY,COMPLETED,Send Money,Simulated SEND_MONEY,False,2026-09-15T16:48:05.718686+00:00,16,0,0.42,1
658131495a6a23fcc1f997f624a59070,TXN-5A13A534,f073b58ca6bf5f68a77b501b3e16b8fa,93ed20f7af298133b5d5c110715e43f5,,179.74,5.0,SEND_MONEY,COMPLETED,Send Money,Simulated SEND_MONEY,False,2026-09-08T13:36:55.718686+00:00,13,0,-1.29,1
1814170f4dc7f5a83ef6cee754e39bc1,TXN-8142DD3C,8275aee7949dab0b3757c0d16495741a,6d9b4fa238dde07f567f7dbd00b23fd7,,4194.05,5.0,SEND_MONEY,COMPLETED,Send Money,Simulated SEND_MONEY,False,2026-07-08T23:59:07.718686+00:00,23,0,0.94,1
21a7f8d29eb38886166c0946c5b4814a,TXN-7DE7F73C,422286bab6d7b8eea429bfee3894aa7b,21432700fffec608e4fd2fb0ddb36d82,422286bab6d7b8eea429bfee3894aa7b,8517.55,0.0,CASH_IN,COMPLETED,Cash In,Simulated CASH_IN,False,2026-09-04T23:14:53.718686+00:00,23,0,3.34,1
b071b72bee977dd970b7c83beaae816f,TXN-2A5C1D68,b62a999cc4eeb9376b4dda8f15f3b983,cf34c4e00ac75bb140c3d733b7d0acdf,,142.08,0.0,RECHARGE,COMPLETED,Recharge,Simulated RECHARGE,False,2026-09-10T04:29:22.718686+00:00,4,1,-1.31,1
ee95b37371790bda9a06e209437db56f,TXN-5397D5A2,afcf8f047d02a8cefb9e5053b9802e7a,88763c3e84f0d3eb136c4d4e1aeecdaf,88763c3e84f0d3eb136c4d4e1aeecdaf,2603.45,15.0,CASH_OUT,COMPLETED,Cash Out,Simulated CASH_OUT,False,2026-08-19T20:00:05.718686+00:00,20,0,0.06,1
69c1f7e8babdb7a9f5dbe4b2925cd921,TXN-B66F40FB,00bf0432ba6bf892a4b11dc619ce7ad3,7646bcb6920612b5e359b12633365514,,1528.46,0.0,MERCHANT_PAY,COMPLETED,Merchant Pay,Simulated MERCHANT_PAY,False,2026-09-17T15:38:35.718686+00:00,15,0,-0.54,1
f7283502c4dd59b153744432ced092a9,TXN-9A024D41,7b43b48cc2385f8eb14372d3a02b76eb,6a060089e6f56f9afb27d9b83a2b7c9f,7b43b48cc2385f8eb14372d3a02b76eb,6202.17,0.0,CASH_IN,COMPLETED,Cash In,Simulated CASH_IN,False,2026-07-17T11:41:16.718686+00:00,11,0,2.06,1
78971beb0fd72e790cff20fdd604a074,TXN-4FA8E6B3,7b43b48cc2385f8eb14372d3a02b76eb,8d188907e63291714835adb689e38229,7b43b48cc2385f8eb14372d3a02b76eb,7212.84,0.0,CASH_IN,COMPLETED,Cash In,Simulated CASH_IN,False,2026-07-10T00:56:56.718686+00:00,0,0,2.62,1
87d0ec5986a2cadbd37e95c499efe729,TXN-08E21F17,9e7e17b731d68635812244997dbab941,774b058b32fa45e881e3520560698426,,6862.84,5.0,SEND_MONEY,COMPLETED,Send Money,Simulated SEND_MONEY,False,2026-09-05T12:39:19.718686+00:00,12,0,2.42,1
3f0112fa863b82d7ff3031cd792a7aef,TXN-9C431315,f611ce5213887ad5e4699085f1c73845,5702a1644e9aebb91bb00367c4c52710,,2175.54,0.0,MERCHANT_PAY,COMPLETED,Merchant Pay,Simulated MERCHANT_PAY,False,2026-07-10T10:18:57.718686+00:00,10,0,-0.18,1
ea28faa94475609f54ddb4a1104887f7,TXN-E6492A74,914ea800aac501972796ea5d55d04ec0,65fc47ce4974867b6829d72772afdcf1,,4462.55,5.0,SEND_MONEY,COMPLETED,Send Money,Simulated SEND_MONEY,False,2026-09-19T20:45:40.718686+00:00,20,0,1.09,1
22bff09413c19132a1b5a851de00b9d9,TXN-44F0E2B0,b13eb846b74a47cc34cd153c313fc9b4,d2c0e952054db218612de01b8b401e3d,,326.65,0.0,RECHARGE,COMPLETED,Recharge,Simulated RECHARGE,False,2026-07-08T14:37:08.718686+00:00,14,0,-1.21,1
c304cdfc54454771f5257b96f4b2f2a1,TXN-8ED0B027,22c8bad4d62b01cf4e1270d7be143d90,a9471c06d90eef52295526c0ef9c12bf,,1172.49,0.0,BILL_PAY,COMPLETED,Bill Pay,Simulated BILL_PAY,False,2026-09-12T05:12:38.718686+00:00,5,1,-0.74,1
429c3412ff75e49ec9f37f5eedf9c9b3,TXN-6CCBEDE5,f1fd93ab956002b687a10b08b5d72967,5ea78e239a56f60e7a73667f804942f5,,1849.04,5.0,SEND_MONEY,COMPLETED,Send Money,Simulated SEND_MONEY,False,2026-09-08T21:19:05.718686+00:00,21,0,-0.36,1
90b13493a962824ff46624343294c9f7,TXN-F769275A,ab033cdcb66402849ab1b6df20d638bb,39495bec7941dda30d5ffb10dc7835a0,,495.53,5.0,SEND_MONEY,COMPLETED,Send Money,Simulated SEND_MONEY,False,2026-08-11T14:29:33.718686+00:00,14,0,-1.11,1
c4f03f5deb5f1e0730fdd79c6dc120f3,TXN-2FCE0C92,5fde7da627ef89562f5d2e5138fcc716,cce557b7c5670116283705cc1e96e85a,cce557b7c5670116283705cc1e96e85a,6119.55,15.0,CASH_OUT,COMPLETED,Cash Out,Simulated CASH_OUT,False,2026-09-03T19:25:40.718686+00:00,19,0,2.01,1
bc019c72c69c0c82161f6fff44dd4988,TXN-9376EE10,81253f4aa18bb992bcd0e6e9b1fa0507,db05a31aa77a8230c08e634a3795fe26,,4114.59,5.0,SEND_MONEY,COMPLETED,Send Money,Simulated SEND_MONEY,False,2026-10-02T09:49:23.718686+00:00,9,0,0.9,1
b78eb6f93444e717448167509ac95403,TXN-FB6E5A2E,f60a322e38c9343ece39f96df2f9dd6e,65934a85ba1c9c2d039acb02a4e9f5a7,,6264.42,5.0,SEND_MONEY,COMPLETED,Send Money,Simulated SEND_MONEY,False,2026-09-03T14:15:48.718686+00:00,14,0,2.09,1
ecd2fed3fbb099fa6cddef800c095f71,TXN-327A7330,995a897619c18fbb346657bdfc41c6f7,687322ba46ad7d1a6dcdcbed6b3c57d9,,1912.73,5.0,SEND_MONEY,COMPLETED,Send Money,Simulated SEND_MONEY,False,2026-07-24T16:03:10.718686+00:00,16,0,-0.33,1
c04e980ae90876af0480a45a6c65c183,TXN-50CA50C8,8275aee7949dab0b3757c0d16495741a,21432700fffec608e4fd2fb0ddb36d82,,6467.53,5.0,SEND_MONEY,COMPLETED,Send Money,Simulated SEND_MONEY,False,2026-09-02T11:20:25.718686+00:00,11,0,2.2,1
661288477f594bc0c72d950073ebe748,TXN-551B7F07,09f548833bd96f4cda1bac60ea3bdfe9,2f12019338fde08f7f9d2612b6f5b02b,,1925.44,0.0,BILL_PAY,COMPLETED,Bill Pay,Simulated BILL_PAY,False,2026-08-19T15:35:52.718686+00:00,15,0,-0.32,1
d1a33176aaf8cf8c79a287fa39399b08,TXN-0C5580E6,fc9c1388504a06a82f25be52c4a6f5a5,b7602bda5c16c93cd75c0dbcdd2f6d6c,,1517.29,0.0,MERCHANT_PAY,COMPLETED,Merchant Pay,Simulated MERCHANT_PAY,False,2026-08-13T12:59:15.718686+00:00,12,0,-0.55,1
f0d0cadcec6efa48f873930b2b52d374,TXN-54889F2A,fe650fe8f7f1b92ef09c9e9930e4af3f,f89e0aa9ae8d55dcb43d0315270b2238,,4097.49,5.0,SEND_MONEY,COMPLETED,Send Money,Simulated SEND_MONEY,False,2026-08-23T19:59:45.718686+00:00,19,0,0.89,1
10deda93a2d732d95e838bb9e3b3b803,TXN-006DBB9F,63d8729ad99d6620a0333cebe2d7207a,97732b7d2a0cf42e45df8e38eede305b,97732b7d2a0cf42e45df8e38eede305b,14611.77,15.0,CASH_OUT,COMPLETED,Cash Out,Simulated CASH_OUT,False,2026-10-02T02:11:20.718686+00:00,2,1,6.73,2
2131df7ffd38a658c34502693806f17b,TXN-86AF9B82,2f12019338fde08f7f9d2612b6f5b02b,0f2255d256be218b494e0e4b1a7f5e1c,,2118.1,5.0,SEND_MONEY,COMPLETED,Send Money,Simulated SEND_MONEY,False,2026-08-31T00:00:18.718686+00:00,0,0,-0.21,1
f78a92732ad91af3046c7d21bf9acb32,TXN-AF041B20,8370e53dac1eee251fae5e9d3383e82d,48788294ece10d689d0579adc948163a,,823.75,5.0,SEND_MONEY,COMPLETED,Send Money,Simulated SEND_MONEY,False,2026-07-12T20:53:13.718686+00:00,20,0,-0.93,1
e87865c2537d8b6900a818c32619cf97,TXN-16791AAF,f1fd93ab956002b687a10b08b5d72967,0dd188fb9dd3735e1ba71bddcf9b5680,,7543.67,5.0,SEND_MONEY,COMPLETED,Send Money,Simulated SEND_MONEY,False,2026-09-01T12:55:59.718686+00:00,12,0,2.8,1
6c5143857a9afc1a08d1b5351bcd439d,TXN-8C9EDE2E,d3c308a1208710510c3bcb610dc42d08,5aeb81f0b34f243855d547a027205162,,459.26,0.0,RECHARGE,BLOCKED,Recharge,Simulated RECHARGE,True,2026-08-13T09:25:07.718686+00:00,9,0,-1.13,1
1dfacc634fd5f24ac2bbb8879b2fc9f5,TXN-37AAF493,887489e7c99502841ba83eec893afe1d,48788294ece10d689d0579adc948163a,,182.19,0.0,RECHARGE,COMPLETED,Recharge,Simulated RECHARGE,False,2026-07-22T04:18:06.718686+00:00,4,1,-1.29,2
17f78d22ce7eaf3745d2b6c0c702445e,TXN-ACB7948B,f1fd93ab956002b687a10b08b5d72967,0f2255d256be218b494e0e4b1a7f5e1c,,126.23,0.0,RECHARGE,COMPLETED,Recharge,Simulated RECHARGE,False,2026-07-09T02:09:20.718686+00:00,2,1,-1.32,2
fa5d309b569bd3704dfe31aaa9a0a541,TXN-2173305D,2e83ddfe2c55078090a49c56b71a1ae2,a87506818a081f5835a17049b1ca9b41,,551.74,0.0,MERCHANT_PAY,COMPLETED,Merchant Pay,Simulated MERCHANT_PAY,False,2026-09-27T23:54:16.718686+00:00,23,0,-1.08,1
6473b8ef25f0e6b8e2ec46c957d72ba5,TXN-6C40BC17,ba3acf686a1a0d53a2f66a6207dcd795,7bfa12e52337128e6a95dc4ae4de2ee1,,497.97,5.0,SEND_MONEY,COMPLETED,Send Money,Simulated SEND_MONEY,False,2026-09-28T22:09:42.718686+00:00,22,0,-1.11,1
dd5f53fbb17a8ec0254d1095d5d78c83,TXN-37097C4D,d529ec7c7730634f441257c91dad22c0,1cd31cec7165b0f999e22f35ea0f297b,,3264.88,5.0,SEND_MONEY,COMPLETED,Send Money,Simulated SEND_MONEY,False,2026-08-29T22:32:03.718686+00:00,22,0,0.42,1
fbc61d1bea2bde9377fcecb2b750e978,TXN-95B625FB,c93486184196482ee09eeb5394eb3284,0d3fa09ecaba91e19a1f466e6ed0ab3d,,2620.66,5.0,SEND_MONEY,COMPLETED,Send Money,Simulated SEND_MONEY,False,2026-08-29T16:16:57.718686+00:00,16,0,0.07,1
7ad8c5ec30a19bda32bab1efae4347c4,TXN-81067F3A,d0b4cd2df32ef122a0c71b82035e6dc3,4475a6a8efb7ee576f44e9a1cf97e616,,2566.06,5.0,SEND_MONEY,COMPLETED,Send Money,Simulated SEND_MONEY,False,2026-08-29T15:36:09.718686+00:00,15,0,0.04,1
be97977457f60ab14b11c68c435e512f,TXN-1BBC3DF4,8d188907e63291714835adb689e38229,7e25924565710a7c41b0ba3c9f3bfbe9,,333.65,5.0,SEND_MONEY,COMPLETED,Send Money,Simulated SEND_MONEY,False,2026-09-17T06:57:06.718686+00:00,6,0,-1.2,1
71b11fa7ff98ab282ede12a3590b4e93,TXN-ED13F820,db05a31aa77a8230c08e634a3795fe26,65fc47ce4974867b6829d72772afdcf1,,11044.17,5.0,SEND_MONEY,COMPLETED,Send Money,Simulated SEND_MONEY,False,2026-10-01T20:30:21.718686+00:00,20,0,4.75,1
62dacd46d4bea4e854202f488f90e99e,TXN-F2C21D17,39495bec7941dda30d5ffb10dc7835a0,56d3630d48a7c5213076e6c42c8e9cc3,56d3630d48a7c5213076e6c42c8e9cc3,1085.61,15.0,CASH_OUT,COMPLETED,Cash Out,Simulated CASH_OUT,False,2026-09-04T16:33:09.718686+00:00,16,0,-0.79,1
585c807f0ae8e463510cd0ca452eb67c,TXN-17C6AB95,9708ab5e440dc80ab8deaa5aa649c2a6,63d8729ad99d6620a0333cebe2d7207a,,1330.39,0.0,MERCHANT_PAY,COMPLETED,Merchant Pay,Simulated MERCHANT_PAY,False,2026-09-11T17:59:00.718686+00:00,17,0,-0.65,1
83768ce301218a1a5f3fbb3c6a239f19,TXN-392C01A9,5c65507c2e3b7c0043daa0a1ffae75d3,b105797ce7097a9d7175762f71c33e73,,145.11,0.0,RECHARGE,COMPLETED,Recharge,Simulated RECHARGE,False,2026-08-12T04:07:14.718686+00:00,4,1,-1.31,2
c680590bfb9293b8cc4c2437545fb609,TXN-3EB5F0D4,91c41a04edd64e4c32a0af71604f336a,b9376a572eeedc5c8dfd978d9d452846,,4953.27,5.0,SEND_MONEY,COMPLETED,Send Money,Simulated SEND_MONEY,False,2026-07-27T14:26:52.718686+00:00,14,0,1.36,1
a231ff7f6a80bb854116a71109629d9a,TXN-F53ED4E0,a9471c06d90eef52295526c0ef9c12bf,5458c6d9f0729c3bde4bb221abc8b6b5,,130.84,0.0,RECHARGE,COMPLETED,Recharge,Simulated RECHARGE,False,2026-07-15T03:42:25.718686+00:00,3,1,-1.32,1
dc38c832deb04319d28351ce18928f06,TXN-2F416C7A,d491f477c542d1707119e8c77ba730c8,92d9cb140eda53d5046b82d656354805,,1483.25,0.0,BILL_PAY,COMPLETED,Bill Pay,Simulated BILL_PAY,False,2026-09-18T23:05:36.718686+00:00,23,0,-0.56,1
b6474bd7d10a31cb192b3d3ad16116c2,TXN-4E9157C9,cce557b7c5670116283705cc1e96e85a,9ca2c035804c1751d9bb84108e46b24b,cce557b7c5670116283705cc1e96e85a,5799.87,0.0,CASH_IN,COMPLETED,Cash In,Simulated CASH_IN,False,2026-07-29T12:47:32.718686+00:00,12,0,1.83,1
4321e84eb0c6deab55011deda150a898,TXN-4B1A1ED2,36abffacfee81ff100accb009afd7377,b13eb846b74a47cc34cd153c313fc9b4,,2284.9,5.0,SEND_MONEY,COMPLETED,Send Money,Simulated SEND_MONEY,False,2026-09-07T08:37:32.718686+00:00,8,0,-0.12,1
706256d699e7f828fdb5a358fb88a13e,TXN-324B7704,887489e7c99502841ba83eec893afe1d,36abffacfee81ff100accb009afd7377,,4124.73,5.0,SEND_MONEY,COMPLETED,Send Money,Simulated SEND_MONEY,False,2026-07-12T16:58:29.718686+00:00,16,0,0.9,1
7f9c6f490394c096403db2232c347797,TXN-A1409BB9,9ca2c035804c1751d9bb84108e46b24b,d1e7a9987d0f9ba4aae3ede8a912f4e5,,11169.66,5.0,SEND_MONEY,COMPLETED,Send Money,Simulated SEND_MONEY,False,2026-09-04T12:58:45.718686+00:00,12,0,4.82,1
d775c630bf6f77d4e108a564869a1d6f,TXN-5B08F436,fadf4e0aa4e6db699191d450e3cfca90,921012c6b11c284a1771d9b434a6c279,921012c6b11c284a1771d9b434a6c279,5621.57,15.0,CASH_OUT,COMPLETED,Cash Out,Simulated CASH_OUT,False,2026-09-01T07:29:57.718686+00:00,7,0,1.73,1
87fc3653df555a4d73d3f612b7bc0075,TXN-D6CB332F,9f29423a96953422c38499fabad1f7e2,5ea78e239a56f60e7a73667f804942f5,9f29423a96953422c38499fabad1f7e2,13016.98,0.0,CASH_IN,COMPLETED,Cash In,Simulated CASH_IN,False,2026-08-30T15:49:04.718686+00:00,15,0,5.84,1
c385f9587d367123a1d6deaeb2a98db9,TXN-831D18B0,fc9c1388504a06a82f25be52c4a6f5a5,3b07bdc1c386d1c7a5047c4d4a4a0ea7,,1720.7,0.0,MERCHANT_PAY,COMPLETED,Merchant Pay,Simulated MERCHANT_PAY,False,2026-09-18T07:49:56.718686+00:00,7,0,-0.43,1
ca0b8ccf3b25b7b9d5268ab17bf4770e,TXN-AA4231BD,aab296b6ecffd40138e9dd787dd7c62f,56e8207d13bee145b0139e9bb3a77636,,141.1,0.0,RECHARGE,COMPLETED,Recharge,Simulated RECHARGE,False,2026-07-29T04:59:47.718686+00:00,4,1,-1.31,2
c4892973eeb1cdbfbccdbf7dd5cf479f,TXN-5FC382FC,e2725c5bff2b6162cf06fb1afa9b4940,91c41a04edd64e4c32a0af71604f336a,,8274.65,5.0,SEND_MONEY,COMPLETED,Send Money,Simulated SEND_MONEY,False,2026-09-01T06:23:20.718686+00:00,6,0,3.21,1
5974435792513b66e4a8bb3d0184fbfa,TXN-F86D88D1,a0a78b533b925cc977153bb8cccf195f,3db00c6efa2ff90560fd5e189b42a097,a0a78b533b925cc977153bb8cccf195f,4035.55,0.0,CASH_IN,COMPLETED,Cash In,Simulated CASH_IN,False,2026-09-20T17:29:49.718686+00:00,17,0,0.85,1
0f5bdcc0c616cc0e8c45bc5867887021,TXN-46106C1E,57707b18e970117a25c5297be1006ebb,6ab9575a1b7d1060f24d980c1141bfa8,,3394.93,0.0,BILL_PAY,COMPLETED,Bill Pay,Simulated BILL_PAY,False,2026-09-28T17:10:49.718686+00:00,17,0,0.5,1
5ae128cbbb4cc4f1d400553033ab368a,TXN-0CED26B4,ec6e284035e6331bdc37fe8d94a47b09,d2c0e952054db218612de01b8b401e3d,,2488.59,0.0,MERCHANT_PAY,COMPLETED,Merchant Pay,Simulated MERCHANT_PAY,False,2026-07-15T16:50:53.718686+00:00,16,0,-0.01,1
1eaf124ec6d27a33c5538c2faeb505d8,TXN-FB8B168D,52431bf282c88707e62fd18b75abcf77,92d9cb140eda53d5046b82d656354805,,898.37,0.0,MERCHANT_PAY,COMPLETED,Merchant Pay,Simulated MERCHANT_PAY,False,2026-08-09T19:51:44.718686+00:00,19,0,-0.89,1
7e3d48f51123ca687907cd68da9a8366,TXN-C0FBE0CA,5fde7da627ef89562f5d2e5138fcc716,7ec15cd222dd1fc98dd0e7cd9751fa9d,,2328.61,0.0,MERCHANT_PAY,COMPLETED,Merchant Pay,Simulated MERCHANT_PAY,False,2026-08-30T20:07:03.718686+00:00,20,0,-0.1,1
564050f65a37e1350417c56b0136792d,TXN-C4446690,d9df0dce0fdbee946099d135178b0651,92d9cb140eda53d5046b82d656354805,,3270.19,5.0,SEND_MONEY,COMPLETED,Send Money,Simulated SEND_MONEY,False,2026-09-13T09:17:32.718686+00:00,9,0,0.43,1
d7760a8abfbacc910a49f1e68ca88b6a,TXN-9B63C333,48788294ece10d689d0579adc948163a,016214150e97fb9ec49141665b32485f,,2563.85,5.0,SEND_MONEY,COMPLETED,Send Money,Simulated SEND_MONEY,False,2026-09-17T02:42:53.718686+00:00,2,1,0.04,2
5702d6072facb328890748dbfcce2acb,TXN-0ED8A603,94c1c7dc8088ba9666392ead9b770797,8275aee7949dab0b3757c0d16495741a,,3581.89,5.0,SEND_MONEY,COMPLETED,Send Money,Simulated SEND_MONEY,False,2026-08-25T14:30:46.718686+00:00,14,0,0.6,1
423dc01f5fbe6102c482eecc779d1f6f,TXN-FFD47A5C,8d188907e63291714835adb689e38229,a9d8772b2a6882090ec5f80427432dbd,,2014.46,5.0,SEND_MONEY,COMPLETED,Send Money,Simulated SEND_MONEY,False,2026-07-14T13:15:22.718686+00:00,13,0,-0.27,1
21ecf14ede883a5cea0527b196b09ea6,TXN-F9DA29FC,28bad9c9332ec0e5025efc44e6a7a54f,b59d7cf42c5bfc03b00fa5ae8417f581,,92.11,0.0,RECHARGE,COMPLETED,Recharge,Simulated RECHARGE,False,2026-08-20T05:43:51.718686+00:00,5,1,-1.34,2
09a89515d1396414c83b3e690946ba92,TXN-A6225938,2e83ddfe2c55078090a49c56b71a1ae2,f24ec36fe902d9fc366bf6c5c42558c0,,2839.21,5.0,SEND_MONEY,COMPLETED,Send Money,Simulated SEND_MONEY,False,2026-08-12T17:10:34.718686+00:00,17,0,0.19,1
53dde3d167f82d5a247296cde74e76cd,TXN-EBA0AA21,163b7bf9da2842a111d4d8c94377f29f,f24ec36fe902d9fc366bf6c5c42558c0,,1856.81,0.0,BILL_PAY,COMPLETED,Bill Pay,Simulated BILL_PAY,False,2026-07-19T16:33:03.718686+00:00,16,0,-0.36,1
210186d4010ff73b1db336327004ad42,TXN-2EE78452,39495bec7941dda30d5ffb10dc7835a0,00bf0432ba6bf892a4b11dc619ce7ad3,,31.34,0.0,RECHARGE,COMPLETED,Recharge,Simulated RECHARGE,False,2026-09-19T02:16:25.718686+00:00,2,1,-1.37,2
18ad7805a0bb5753566bc9c997872dcd,TXN-16E6FCA8,fadf4e0aa4e6db699191d450e3cfca90,09f548833bd96f4cda1bac60ea3bdfe9,,421.86,5.0,SEND_MONEY,COMPLETED,Send Money,Simulated SEND_MONEY,False,2026-08-31T18:11:18.718686+00:00,18,0,-1.15,1
1057d8abb8b7a7abad37a338d9267846,TXN-51898E99,cf34c4e00ac75bb140c3d733b7d0acdf,942a55200af93c74d921d93f2beb656e,,1727.39,0.0,MERCHANT_PAY,COMPLETED,Merchant Pay,Simulated MERCHANT_PAY,False,2026-09-29T12:38:13.718686+00:00,12,0,-0.43,1
76b4ddffc13c2c5d8301cdba8aa875d1,TXN-36C208AE,ba3acf686a1a0d53a2f66a6207dcd795,9708ab5e440dc80ab8deaa5aa649c2a6,,254.67,0.0,RECHARGE,COMPLETED,Recharge,Simulated RECHARGE,False,2026-07-14T18:56:00.718686+00:00,18,0,-1.25,1
413e7fae7b368ec330a2219aa6d32025,TXN-62AC191B,00bf0432ba6bf892a4b11dc619ce7ad3,92768e2a43ab36f88cb4b3850d783b04,92768e2a43ab36f88cb4b3850d783b04,13224.6,15.0,CASH_OUT,COMPLETED,Cash Out,Simulated CASH_OUT,False,2026-08-06T17:12:44.718686+00:00,17,0,5.96,1
4fc0550e0f5e3f957be624f3435e2fbb,TXN-5CCD0067,61874613550dc5121fdaaac0737a643d,b56e04675e530859a4cde7562b4786e5,,3035.64,5.0,SEND_MONEY,COMPLETED,Send Money,Simulated SEND_MONEY,False,2026-07-13T21:27:44.718686+00:00,21,0,0.3,1
dfd30c6a3232a85b688d89b85162edb9,TXN-69B1F7F7,2fe489dc20c1708cfa581d796a164a05,24854d7b3ae8bedc178ece65566f1a29,,4882.89,5.0,SEND_MONEY,COMPLETED,Send Money,Simulated SEND_MONEY,False,2026-09-30T08:13:39.718686+00:00,8,0,1.32,1
eed2cdcee7a5f7628e514c023c171d6e,TXN-6BCC53AE,7bfa12e52337128e6a95dc4ae4de2ee1,d529ec7c7730634f441257c91dad22c0,,735.62,5.0,SEND_MONEY,COMPLETED,Send Money,Simulated SEND_MONEY,False,2026-08-01T19:15:02.718686+00:00,19,0,-0.98,1
4df9664d7af85cb8b8396289d3277638,TXN-E1279A94,5d4470618fa83366c874eea88d34d4d1,9e7e17b731d68635812244997dbab941,,2972.63,5.0,SEND_MONEY,COMPLETED,Send Money,Simulated SEND_MONEY,False,2026-07-27T09:33:43.718686+00:00,9,0,0.26,1
c115952a52a1344bdcfb5365bd5ab9c5,TXN-0F02D9F7,5702a1644e9aebb91bb00367c4c52710,7ec15cd222dd1fc98dd0e7cd9751fa9d,,2511.79,5.0,SEND_MONEY,COMPLETED,Send Money,Simulated SEND_MONEY,False,2026-08-22T23:20:04.718686+00:00,23,0,0.01,1
66da23d5c73d29c2c9b268ecd442e154,TXN-D07EEDF3,6d9b4fa238dde07f567f7dbd00b23fd7,6574d17462a87d1730068b859da056f2,,165.33,0.0,RECHARGE,COMPLETED,Recharge,Simulated RECHARGE,False,2026-09-19T03:55:16.718686+00:00,3,1,-1.3,1
1db2cdcbac5636a22299fb974beb3e04,TXN-1076AC83,016214150e97fb9ec49141665b32485f,b1a66b3f63e51e2a843b9028fcb6ded2,b1a66b3f63e51e2a843b9028fcb6ded2,12936.99,15.0,CASH_OUT,COMPLETED,Cash Out,Simulated CASH_OUT,False,2026-09-01T08:35:32.718686+00:00,8,0,5.8,1
8472de83d38c85295d2787951488f659,TXN-42DA7551,3b07bdc1c386d1c7a5047c4d4a4a0ea7,3db00c6efa2ff90560fd5e189b42a097,,1438.5,0.0,MERCHANT_PAY,COMPLETED,Merchant Pay,Simulated MERCHANT_PAY,False,2026-08-13T06:15:20.718686+00:00,6,0,-0.59,1
622f813e3a9e5c35db30eea5d5afd5d4,TXN-A30F95B4,92768e2a43ab36f88cb4b3850d783b04,61874613550dc5121fdaaac0737a643d,92768e2a43ab36f88cb4b3850d783b04,14814.95,0.0,CASH_IN,COMPLETED,Cash In,Simulated CASH_IN,False,2026-09-23T06:46:02.718686+00:00,6,0,6.84,1
aa2c3899266d9b23341e4329a91790da,TXN-D6F3B18C,6d9b4fa238dde07f567f7dbd00b23fd7,ec39bb7cabcf592c12d346c409defd7e,,4013.57,5.0,SEND_MONEY,COMPLETED,Send Money,Simulated SEND_MONEY,False,2026-08-09T19:31:22.718686+00:00,19,0,0.84,1
0b02d828448f06170d73d8c832950768,TXN-6ADA8435,f89e0aa9ae8d55dcb43d0315270b2238,1e002e71e6b9a839b69d43969374e33e,,1212.21,0.0,BILL_PAY,COMPLETED,Bill Pay,Simulated BILL_PAY,False,2026-07-10T19:33:28.718686+00:00,19,0,-0.72,1
bcc8d6c100982f8e5a9ec85f191314b8,TXN-4910A4D4,7ec15cd222dd1fc98dd0e7cd9751fa9d,65fb813c4a8070e7d6f1e3c595c14972,65fb813c4a8070e7d6f1e3c595c14972,17023.2,15.0,CASH_OUT,COMPLETED,Cash Out,Simulated CASH_OUT,False,2026-09-01T19:10:04.718686+00:00,19,0,8.07,1
c7e5dfdd72c8e2af10ddf2aea00c0ab5,TXN-6ABED9D7,de5424d71169e0b98a120957644e7040,c72d75458cab25be0e2c630a41129bf2,,1113.94,5.0,SEND_MONEY,COMPLETED,Send Money,Simulated SEND_MONEY,False,2026-08-05T09:47:10.718686+00:00,9,0,-0.77,1
5acf2873af52459045905d5212b1bda0,TXN-DA6EFC04,b1a66b3f63e51e2a843b9028fcb6ded2,035c936add07d70d3d44b37710f68d9b,b1a66b3f63e51e2a843b9028fcb6ded2,6257.45,0.0,CASH_IN,COMPLETED,Cash In,Simulated CASH_IN,False,2026-07-18T02:13:26.718686+00:00,2,1,2.09,2
f54737adeaaf1285a3509357b13d549e,TXN-788EAB58,3b07bdc1c386d1c7a5047c4d4a4a0ea7,c85db54ea070ffe0c9c2c638737e31ca,,427.37,0.0,MERCHANT_PAY,COMPLETED,Merchant Pay,Simulated MERCHANT_PAY,False,2026-08-02T15:46:46.718686+00:00,15,0,-1.15,1
8d183f41d324ac6f1d564272b24c90cc,TXN-DE038D56,5d4470618fa83366c874eea88d34d4d1,57707b18e970117a25c5297be1006ebb,,490.89,0.0,BILL_PAY,COMPLETED,Bill Pay,Simulated BILL_PAY,False,2026-07-21T18:45:33.718686+00:00,18,0,-1.12,1
43e2eb22bcf9caacc2ebe183105c7645,TXN-5D34D42D,22c8bad4d62b01cf4e1270d7be143d90,ba184c813197d29e79ddc76c6d457c16,,1581.53,5.0,SEND_MONEY,COMPLETED,Send Money,Simulated SEND_MONEY,False,2026-07-27T06:06:00.718686+00:00,6,0,-0.51,1
d6fe9a09cc4a3e6731a510a7cce3923d,TXN-BBD536F3,6a060089e6f56f9afb27d9b83a2b7c9f,6d9b4fa238dde07f567f7dbd00b23fd7,,2169.28,0.0,MERCHANT_PAY,COMPLETED,Merchant Pay,Simulated MERCHANT_PAY,False,2026-08-03T20:44:21.718686+00:00,20,0,-0.18,1
5f1e4556b48060be3b9efddfb0819327,TXN-B208E210,61874613550dc5121fdaaac0737a643d,942a55200af93c74d921d93f2beb656e,,98.16,0.0,RECHARGE,COMPLETED,Recharge,Simulated RECHARGE,False,2026-08-29T02:34:16.718686+00:00,2,1,-1.33,1
61a1533fbeb222286c69f41ac67fe729,TXN-A157C5FB,9e7e17b731d68635812244997dbab941,0d3fa09ecaba91e19a1f466e6ed0ab3d,,11230.5,5.0,SEND_MONEY,COMPLETED,Send Money,Simulated SEND_MONEY,False,2026-09-04T11:56:55.718686+00:00,11,0,4.85,1
7c2697c6a3a59f1bb4cb1a07bbe32903,TXN-7F19C1D3,28bad9c9332ec0e5025efc44e6a7a54f,ba3acf686a1a0d53a2f66a6207dcd795,,1584.58,5.0,SEND_MONEY,COMPLETED,Send Money,Simulated SEND_MONEY,False,2026-07-07T08:23:43.718686+00:00,8,0,-0.51,1
a14ce3174c498a3a2d00e63c172eb3e6,TXN-8BCB04E4,641575d590fb761036ec5b80cdf1203a,09f548833bd96f4cda1bac60ea3bdfe9,,2355.98,5.0,SEND_MONEY,COMPLETED,Send Money,Simulated SEND_MONEY,False,2026-09-02T14:21:27.718686+00:00,14,0,-0.08,1
ee775aca2358dd572c8aec2b6dab8a40,TXN-CC92324E,035c936add07d70d3d44b37710f68d9b,2e83ddfe2c55078090a49c56b71a1ae2,,20.65,0.0,RECHARGE,COMPLETED,Recharge,Simulated RECHARGE,False,2026-09-24T10:29:43.718686+00:00,10,0,-1.38,1
89f48b1b6fb0b7bc8ad83456ddfb931a,TXN-8EDDEB69,39495bec7941dda30d5ffb10dc7835a0,2fe489dc20c1708cfa581d796a164a05,,68.56,0.0,RECHARGE,COMPLETED,Recharge,Simulated RECHARGE,False,2026-07-10T04:23:21.718686+00:00,4,1,-1.35,1
cf05be03fb1a928bb3eb1e64aeb680ee,TXN-BE448742,b59d7cf42c5bfc03b00fa5ae8417f581,887489e7c99502841ba83eec893afe1d,,2284.01,0.0,MERCHANT_PAY,COMPLETED,Merchant Pay,Simulated MERCHANT_PAY,False,2026-08-16T19:35:11.718686+00:00,19,0,-0.12,1
0b1d9bc1f90e7060c031ba1b3f2403f5,TXN-F477FD51,45b882f3960f148988c5b8fe01addac1,aab296b6ecffd40138e9dd787dd7c62f,,520.64,0.0,MERCHANT_PAY,COMPLETED,Merchant Pay,Simulated MERCHANT_PAY,False,2026-09-22T19:04:44.718686+00:00,19,0,-1.1,1
60f34d504fd8115b12fee30254ddf95b,TXN-C2BEA87B,8275aee7949dab0b3757c0d16495741a,8370e53dac1eee251fae5e9d3383e82d,,40.44,0.0,RECHARGE,COMPLETED,Recharge,Simulated RECHARGE,False,2026-07-23T05:47:06.718686+00:00,5,1,-1.37,1
faa59f6f79227fdf5396ccaa9567df7f,TXN-6BBB36A0,b9ee744cc6893b8e4e16d19dfafb9284,a9471c06d90eef52295526c0ef9c12bf,b9ee744cc6893b8e4e16d19dfafb9284,8049.92,0.0,CASH_IN,COMPLETED,Cash In,Simulated CASH_IN,False,2026-08-16T06:25:57.718686+00:00,6,0,3.08,1
0340d8671b461c083535d57bf340ae27,TXN-7AF7D9EE,81253f4aa18bb992bcd0e6e9b1fa0507,79a30ec2ffa4cd645fd6ad37bf5a2a92,,3592.65,5.0,SEND_MONEY,COMPLETED,Send Money,Simulated SEND_MONEY,False,2026-09-06T11:50:53.718686+00:00,11,0,0.61,1
539de1386a041cb35889c333dda67a98,TXN-8D70D1B0,d3c308a1208710510c3bcb610dc42d08,db05a31aa77a8230c08e634a3795fe26,,4437.3,5.0,SEND_MONEY,COMPLETED,Send Money,Simulated SEND_MONEY,False,2026-09-29T19:58:48.718686+00:00,19,0,1.08,1
00af9d8c33df54d5ebdda78807535536,TXN-A966C162,9ca2c035804c1751d9bb84108e46b24b,ec39bb7cabcf592c12d346c409defd7e,,693.32,5.0,SEND_MONEY,COMPLETED,Send Money,Simulated SEND_MONEY,False,2026-07-14T21:34:21.718686+00:00,21,0,-1.0,1
b758dcba74c03e653fc3af5a28f9926e,TXN-C2AA9E45,39495bec7941dda30d5ffb10dc7835a0,5c110f190a3951baa533cec59ffb6aa1,,4852.44,5.0,SEND_MONEY,COMPLETED,Send Money,Simulated SEND_MONEY,False,2026-09-23T18:25:01.718686+00:00,18,0,1.31,1
02c049641f274abfe05492f1dce45017,TXN-1D757887,d604f2ebd984a759fc53f682396031cd,65fc47ce4974867b6829d72772afdcf1,,455.31,5.0,SEND_MONEY,COMPLETED,Send Money,Simulated SEND_MONEY,False,2026-09-25T18:22:22.718686+00:00,18,0,-1.14,1
8cd86ff1e72a786673f2d36f3ad37404,TXN-05720B37,d1e7a9987d0f9ba4aae3ede8a912f4e5,e11d3919fbbacb05b53b3da8bde233d6,,1344.18,0.0,BILL_PAY,COMPLETED,Bill Pay,Simulated BILL_PAY,False,2026-08-18T17:27:58.718686+00:00,17,0,-0.64,1
1b3d6b0d7958632a7595ae72b407ab61,TXN-965AA9B3,8d188907e63291714835adb689e38229,44441b337855f3507cd7f3f529f9ed9b,,66.8,0.0,RECHARGE,COMPLETED,Recharge,Simulated RECHARGE,False,2026-07-22T04:44:59.718686+00:00,4,1,-1.35,2
ffbf5eecfd0f598121e6ecba124bd6f2,TXN-6A6F8D33,10331bea5f8789681791495ed9517fe2,cf34c4e00ac75bb140c3d733b7d0acdf,,49.95,0.0,RECHARGE,COMPLETED,Recharge,Simulated RECHARGE,False,2026-08-20T03:56:41.718686+00:00,3,1,-1.36,2
42c7466c4874cfb67d8f9f7d2383c49f,TXN-27F158FF,f1fd93ab956002b687a10b08b5d72967,885e891c4171db3ca38bbb35f664c8fc,885e891c4171db3ca38bbb35f664c8fc,5534.97,15.0,CASH_OUT,COMPLETED,Cash Out,Simulated CASH_OUT,False,2026-10-01T23:10:44.718686+00:00,23,0,1.69,1
e5ac62620236d06eb62f9f1b0a7b803d,TXN-D58D5B7E,9ca2c035804c1751d9bb84108e46b24b,44441b337855f3507cd7f3f529f9ed9b,,3429.67,0.0,BILL_PAY,COMPLETED,Bill Pay,Simulated BILL_PAY,False,2026-08-01T14:04:13.718686+00:00,14,0,0.52,1
faa41a33a43e746c805b005d4c4cfa73,TXN-D3133881,ec39bb7cabcf592c12d346c409defd7e,9ca2c035804c1751d9bb84108e46b24b,,24.49,0.0,RECHARGE,COMPLETED,Recharge,Simulated RECHARGE,False,2026-09-12T04:34:13.718686+00:00,4,1,-1.38,2
05039b976f15a23e65418edca0c3b376,TXN-29953156,6d9b4fa238dde07f567f7dbd00b23fd7,79a30ec2ffa4cd645fd6ad37bf5a2a92,,3571.44,5.0,SEND_MONEY,COMPLETED,Send Money,Simulated SEND_MONEY,False,2026-09-13T12:03:54.718686+00:00,12,0,0.6,1
22ea9a8c427c2cb50ca8b709ad1b3ae3,TXN-05F05733,d9df0dce0fdbee946099d135178b0651,ab033cdcb66402849ab1b6df20d638bb,,369.7,0.0,RECHARGE,COMPLETED,Recharge,Simulated RECHARGE,False,2026-09-16T22:56:45.718686+00:00,22,0,-1.18,1
ddd8990e73ab1b5e87e7d8e53c7a8435,TXN-0216AF6B,91c41a04edd64e4c32a0af71604f336a,4c576c0ae86216b6f6e0065855ef4b55,,674.0,0.0,BILL_PAY,COMPLETED,Bill Pay,Simulated BILL_PAY,False,2026-07-10T22:40:01.718686+00:00,22,0,-1.01,1
2cf500a5b38ffb7c93f3ea74da439a3e,TXN-7DFFBE93,3b07bdc1c386d1c7a5047c4d4a4a0ea7,5aeb81f0b34f243855d547a027205162,,3099.53,5.0,SEND_MONEY,COMPLETED,Send Money,Simulated SEND_MONEY,False,2026-08-19T20:57:28.718686+00:00,20,0,0.33,1
e720eb4abd7dd037cae4e841f13277dc,TXN-6EE1AA7F,0fc954a8903d8d3906c6f655090a2772,d3c308a1208710510c3bcb610dc42d08,,2761.3,5.0,SEND_MONEY,COMPLETED,Send Money,Simulated SEND_MONEY,False,2026-08-10T00:42:59.718686+00:00,0,0,0.15,1
0afe21921f49c313f11458137ea45130,TXN-000C4C57,a87506818a081f5835a17049b1ca9b41,67108e809ac0c87e3f3f926a9e8a9569,,30.09,0.0,RECHARGE,COMPLETED,Recharge,Simulated RECHARGE,False,2026-09-06T05:09:36.718686+00:00,5,1,-1.37,1
81b2081adcda4081e6c0a6e5107a8e60,TXN-9CAFED77,00bf0432ba6bf892a4b11dc619ce7ad3,0fc954a8903d8d3906c6f655090a2772,,1822.86,5.0,SEND_MONEY,COMPLETED,Send Money,Simulated SEND_MONEY,False,2026-08-24T07:09:54.718686+00:00,7,0,-0.38,1
57cf8e89a16b210dc23b22d70de5b90b,TXN-AC1DFD43,947ad30ee89e026f62bb39e7b8666c6e,d529ec7c7730634f441257c91dad22c0,,158.54,0.0,RECHARGE,COMPLETED,Recharge,Simulated RECHARGE,False,2026-08-31T08:43:21.718686+00:00,8,0,-1.3,1
7ba9021d0c0af37eb512382d6aa20064,TXN-78298F78,019eb181a60b72600fe1522fabe4cd00,f073b58ca6bf5f68a77b501b3e16b8fa,,2451.87,5.0,SEND_MONEY,COMPLETED,Send Money,Simulated SEND_MONEY,False,2026-07-16T22:49:14.718686+00:00,22,0,-0.03,1
d3fb5a4773d7d7285eef566067a97c03,TXN-BB067DD1,5ea78e239a56f60e7a73667f804942f5,d529ec7c7730634f441257c91dad22c0,,3248.21,5.0,SEND_MONEY,COMPLETED,Send Money,Simulated SEND_MONEY,False,2026-08-22T20:48:40.718686+00:00,20,0,0.42,1
838c7b7c973def03e88cdd956dea0783,TXN-40416EDB,79a30ec2ffa4cd645fd6ad37bf5a2a92,c93486184196482ee09eeb5394eb3284,,4186.58,5.0,SEND_MONEY,COMPLETED,Send Money,Simulated SEND_MONEY,False,2026-09-15T22:34:34.718686+00:00,22,0,0.94,1
cbca2d01d6488902cd1bed1715495c6e,TXN-04D36B58,21432700fffec608e4fd2fb0ddb36d82,a780a78582d457ca210edde8e3c1d88d,,2862.51,5.0,SEND_MONEY,COMPLETED,Send Money,Simulated SEND_MONEY,False,2026-08-13T14:53:51.718686+00:00,14,0,0.2,1
7edfacb5390fcc1c62c28a265040435e,TXN-A879D8BC,b9376a572eeedc5c8dfd978d9d452846,d529ec7c7730634f441257c91dad22c0,,246.82,0.0,RECHARGE,COMPLETED,Recharge,Simulated RECHARGE,False,2026-08-08T04:31:10.718686+00:00,4,1,-1.25,1
2d69321288586ec40beb15bc55e0217f,TXN-43A79272,aab296b6ecffd40138e9dd787dd7c62f,a87506818a081f5835a17049b1ca9b41,,11409.65,5.0,SEND_MONEY,COMPLETED,Send Money,Simulated SEND_MONEY,False,2026-08-05T18:37:35.718686+00:00,18,0,4.95,1
5e19467b17b5d876d7d57644c822a237,TXN-25A3F6D8,3db00c6efa2ff90560fd5e189b42a097,44441b337855f3507cd7f3f529f9ed9b,,3417.63,0.0,BILL_PAY,COMPLETED,Bill Pay,Simulated BILL_PAY,False,2026-08-08T16:27:19.718686+00:00,16,0,0.51,1
aa551680ad5659a8baf1ba4804ff019d,TXN-0E5574CE,5d4470618fa83366c874eea88d34d4d1,c85db54ea070ffe0c9c2c638737e31ca,,2386.06,5.0,SEND_MONEY,COMPLETED,Send Money,Simulated SEND_MONEY,False,2026-08-07T23:31:11.718686+00:00,23,0,-0.06,1
d3a023191711c3c741a90ea9cd1374e9,TXN-E013DDFC,a0a78b533b925cc977153bb8cccf195f,d1e7a9987d0f9ba4aae3ede8a912f4e5,a0a78b533b925cc977153bb8cccf195f,5983.78,0.0,CASH_IN,COMPLETED,Cash In,Simulated CASH_IN,False,2026-08-28T16:45:21.718686+00:00,16,0,1.94,1
8979a15ec943d02497fab1dfe42e93ad,TXN-60C586DF,d2c0e952054db218612de01b8b401e3d,7646bcb6920612b5e359b12633365514,,834.83,0.0,BILL_PAY,COMPLETED,Bill Pay,Simulated BILL_PAY,False,2026-07-28T21:01:54.718686+00:00,21,0,-0.93,1
9915578acaa679b57000546c28364e72,TXN-98B07431,d5ad98674d6c69eab07fbb6c5f6ec434,81253f4aa18bb992bcd0e6e9b1fa0507,,143.9,0.0,RECHARGE,COMPLETED,Recharge,Simulated RECHARGE,False,2026-08-13T03:28:27.718686+00:00,3,1,-1.31,2
800c8b9ea2793a782005069fdc6b7827,TXN-D42ED23D,93ed20f7af298133b5d5c110715e43f5,10331bea5f8789681791495ed9517fe2,,107.28,0.0,RECHARGE,COMPLETED,Recharge,Simulated RECHARGE,False,2026-09-10T03:50:12.718686+00:00,3,1,-1.33,1
ce0f1d55c98f3adde254c168d9215614,TXN-0CBCEE64,019eb181a60b72600fe1522fabe4cd00,81253f4aa18bb992bcd0e6e9b1fa0507,,2960.53,0.0,BILL_PAY,COMPLETED,Bill Pay,Simulated BILL_PAY,False,2026-07-30T13:55:51.718686+00:00,13,0,0.26,1
3112e31ef5ebfa058d9fea96c7002423,TXN-38146543,5c110f190a3951baa533cec59ffb6aa1,ba3acf686a1a0d53a2f66a6207dcd795,,283.36,0.0,MERCHANT_PAY,COMPLETED,Merchant Pay,Simulated MERCHANT_PAY,False,2026-07-20T08:47:09.718686+00:00,8,0,-1.23,1
86178c50813ff5773b9a0ef8770acfad,TXN-91DFB8FE,65fc47ce4974867b6829d72772afdcf1,93ed20f7af298133b5d5c110715e43f5,,447.07,0.0,RECHARGE,COMPLETED,Recharge,Simulated RECHARGE,False,2026-08-20T22:39:07.718686+00:00,22,0,-1.14,1
2968f8a01db4235166c2d03cc76b001f,TXN-C63AA75D,c72d75458cab25be0e2c630a41129bf2,00bf0432ba6bf892a4b11dc619ce7ad3,,144.96,0.0,RECHARGE,COMPLETED,Recharge,Simulated RECHARGE,False,2026-07-21T01:41:11.718686+00:00,1,1,-1.31,1
4df91e9b060a8d58c7595ed9a55a2117,TXN-9F523A68,fe650fe8f7f1b92ef09c9e9930e4af3f,fadf4e0aa4e6db699191d450e3cfca90,,3907.26,5.0,SEND_MONEY,COMPLETED,Send Money,Simulated SEND_MONEY,False,2026-08-28T21:39:30.718686+00:00,21,0,0.78,1
0dbd7f5859f5e353fb7711ab605ae76f,TXN-2518484A,1e002e71e6b9a839b69d43969374e33e,dfcc900c6dbec41542ed1b6650d9edf5,,1801.06,0.0,BILL_PAY,COMPLETED,Bill Pay,Simulated BILL_PAY,False,2026-09-28T12:17:09.718686+00:00,12,0,-0.39,1
0062675c534a2359ab30762c0f87ca30,TXN-312154CD,0e65de46311e9c847c499c11aa845484,6ab9575a1b7d1060f24d980c1141bfa8,0e65de46311e9c847c499c11aa845484,3875.62,0.0,CASH_IN,COMPLETED,Cash In,Simulated CASH_IN,False,2026-07-17T22:05:52.718686+00:00,22,0,0.76,1
cf7bf669cc0849ebe1aa2f9645f8f74f,TXN-4FD42105,4475a6a8efb7ee576f44e9a1cf97e616,fc9c1388504a06a82f25be52c4a6f5a5,,928.7,5.0,SEND_MONEY,COMPLETED,Send Money,Simulated SEND_MONEY,False,2026-08-10T14:41:56.718686+00:00,14,0,-0.87,1
062d2a7ba3cd5fda6c2618a92102ff8e,TXN-F4BB7C47,920d641d4f1838031412092365b508f9,ba184c813197d29e79ddc76c6d457c16,,1817.95,0.0,MERCHANT_PAY,COMPLETED,Merchant Pay,Simulated MERCHANT_PAY,False,2026-09-17T18:05:59.718686+00:00,18,0,-0.38,1
2aeaf90d3004acab8633a81dcf6540f9,TXN-FD3AB200,97732b7d2a0cf42e45df8e38eede305b,163b7bf9da2842a111d4d8c94377f29f,97732b7d2a0cf42e45df8e38eede305b,7646.02,0.0,CASH_IN,COMPLETED,Cash In,Simulated CASH_IN,False,2026-07-18T01:22:58.718686+00:00,1,1,2.86,1
f6f2b934f238d59d3a3715233ae3730e,TXN-FE382AFE,7646bcb6920612b5e359b12633365514,a9d8772b2a6882090ec5f80427432dbd,,93.36,0.0,RECHARGE,COMPLETED,Recharge,Simulated RECHARGE,False,2026-08-29T01:23:32.718686+00:00,1,1,-1.34,2
e0bdc86106e44b86e6ef5c47e44e888d,TXN-4030D9AA,de5424d71169e0b98a120957644e7040,cd014c6c636613884125f62c886cd09e,,27.31,0.0,RECHARGE,COMPLETED,Recharge,Simulated RECHARGE,False,2026-08-21T04:05:11.718686+00:00,4,1,-1.37,1
98f766c24096995a4db27cfe007b8fef,TXN-A9BBE908,ec6e284035e6331bdc37fe8d94a47b09,f24ec36fe902d9fc366bf6c5c42558c0,,2125.32,5.0,SEND_MONEY,COMPLETED,Send Money,Simulated SEND_MONEY,False,2026-08-14T09:45:17.718686+00:00,9,0,-0.21,1
4a8618c8d77c9ee6f9229148ae051ebc,TXN-4235A228,67108e809ac0c87e3f3f926a9e8a9569,163b7bf9da2842a111d4d8c94377f29f,,13737.24,5.0,SEND_MONEY,COMPLETED,Send Money,Simulated SEND_MONEY,False,2026-09-04T06:58:08.718686+00:00,6,0,6.24,1
ff9c0c31df58712059bc81e3c504f23b,TXN-188663BB,914ea800aac501972796ea5d55d04ec0,ba184c813197d29e79ddc76c6d457c16,,1768.09,0.0,MERCHANT_PAY,COMPLETED,Merchant Pay,Simulated MERCHANT_PAY,False,2026-07-20T22:48:38.718686+00:00,22,0,-0.41,1
8e11a3bfc00afb70c33bd37561f322ba,TXN-5BB1F04C,a9d8772b2a6882090ec5f80427432dbd,d604f2ebd984a759fc53f682396031cd,,3470.12,0.0,BILL_PAY,COMPLETED,Bill Pay,Simulated BILL_PAY,False,2026-08-18T00:52:55.718686+00:00,0,0,0.54,1
448bfa66ad8588b30d500809fd70d459,TXN-52BAA568,4c576c0ae86216b6f6e0065855ef4b55,c85db54ea070ffe0c9c2c638737e31ca,,2720.17,0.0,BILL_PAY,COMPLETED,Bill Pay,Simulated BILL_PAY,False,2026-08-10T14:46:40.718686+00:00,14,0,0.12,1
6718eeb6c5f61bed4213155bf6fdee9e,TXN-95F01416,1cd31cec7165b0f999e22f35ea0f297b,2f12019338fde08f7f9d2612b6f5b02b,,453.7,0.0,MERCHANT_PAY,COMPLETED,Merchant Pay,Simulated MERCHANT_PAY,False,2026-08-26T11:13:55.718686+00:00,11,0,-1.14,1
b2fd2ce1e52f60fe422582c9f163295a,TXN-8092E71D,aab296b6ecffd40138e9dd787dd7c62f,ec39bb7cabcf592c12d346c409defd7e,,3728.32,5.0,SEND_MONEY,COMPLETED,Send Money,Simulated SEND_MONEY,False,2026-08-04T16:28:08.718686+00:00,16,0,0.68,1
19fb9f66a19523e4364511dd5a2c07c8,TXN-3F30DE57,d5ad98674d6c69eab07fbb6c5f6ec434,ac9fb77bcbd378402146779c00a5ffff,,788.76,0.0,BILL_PAY,COMPLETED,Bill Pay,Simulated BILL_PAY,False,2026-08-23T15:36:11.718686+00:00,15,0,-0.95,1
91856e8285023b884223e2a537f7d7e3,TXN-0B46ED7A,92d9cb140eda53d5046b82d656354805,39495bec7941dda30d5ffb10dc7835a0,,11373.25,5.0,SEND_MONEY,COMPLETED,Send Money,Simulated SEND_MONEY,False,2026-09-07T10:33:29.718686+00:00,10,0,4.93,1
edeb8127cefa1e04656f76ab98844d0a,TXN-E91C9012,fe650fe8f7f1b92ef09c9e9930e4af3f,88763c3e84f0d3eb136c4d4e1aeecdaf,88763c3e84f0d3eb136c4d4e1aeecdaf,736.99,15.0,CASH_OUT,COMPLETED,Cash Out,Simulated CASH_OUT,False,2026-09-12T18:14:03.718686+00:00,18,0,-0.98,1
1c1054f18f226b748a43fc01d93f7c7c,TXN-80CD6A1D,5c65507c2e3b7c0043daa0a1ffae75d3,36abffacfee81ff100accb009afd7377,,1007.82,5.0,SEND_MONEY,COMPLETED,Send Money,Simulated SEND_MONEY,False,2026-08-31T10:19:35.718686+00:00,10,0,-0.83,1
868d428b5f7b22c2026bc77eee193ad0,TXN-E768453D,94c1c7dc8088ba9666392ead9b770797,c93486184196482ee09eeb5394eb3284,,293.05,0.0,RECHARGE,COMPLETED,Recharge,Simulated RECHARGE,False,2026-08-24T11:20:18.718686+00:00,11,0,-1.23,1
38fcdc3adaefe32960d53780d9f9dcaa,TXN-9633DC2A,cd014c6c636613884125f62c886cd09e,955ec133542f6e80c30f4952fee80d33,,1039.32,0.0,MERCHANT_PAY,COMPLETED,Merchant Pay,Simulated MERCHANT_PAY,False,2026-09-04T14:03:42.718686+00:00,14,0,-0.81,1
879d58a9b7a3920ec5b3588e39050d94,TXN-694DDE7E,6574d17462a87d1730068b859da056f2,b59d7cf42c5bfc03b00fa5ae8417f581,,126.28,0.0,RECHARGE,COMPLETED,Recharge,Simulated RECHARGE,False,2026-08-11T05:15:33.718686+00:00,5,1,-1.32,2
8eb606e6c0c7ee2ddbe5aa1b31aca63f,TXN-30D324CC,c85db54ea070ffe0c9c2c638737e31ca,a4363f535992847636e40ad27ccc907f,,1127.56,0.0,MERCHANT_PAY,COMPLETED,Merchant Pay,Simulated MERCHANT_PAY,False,2026-09-24T06:00:56.718686+00:00,6,0,-0.76,1
cf8884b4ba0ef33fdc18a87d276eb49e,TXN-8BB94615,b56e04675e530859a4cde7562b4786e5,00bf0432ba6bf892a4b11dc619ce7ad3,,183.87,0.0,RECHARGE,COMPLETED,Recharge,Simulated RECHARGE,False,2026-08-06T02:07:59.718686+00:00,2,1,-1.29,1
e294a6a2ba968cfc21a8c4ae0d85835e,TXN-EEB184DB,29cc202556f422d15cf82e1512bff950,d6b3bdced8ec51ba8bfd3d4c8c1cf865,,2172.08,0.0,MERCHANT_PAY,COMPLETED,Merchant Pay,Simulated MERCHANT_PAY,False,2026-08-15T18:57:06.718686+00:00,18,0,-0.18,1
b7cfbcf81e8419b79d3c3ff6886f9486,TXN-7B8591D4,1b99ddafaa28f74dc164af9e24830bad,ff0283fc6d6fcb75b58eb34c73cfeaeb,ff0283fc6d6fcb75b58eb34c73cfeaeb,3333.03,15.0,CASH_OUT,COMPLETED,Cash Out,Simulated CASH_OUT,False,2026-10-03T10:41:31.718686+00:00,10,0,0.46,1
a9e05ad34d227e539aafd47a5926a8e1,TXN-FCD62118,0dd188fb9dd3735e1ba71bddcf9b5680,b59d7cf42c5bfc03b00fa5ae8417f581,,7166.15,5.0,SEND_MONEY,COMPLETED,Send Money,Simulated SEND_MONEY,False,2026-10-02T01:05:15.718686+00:00,1,1,2.59,2
8994ea67bd66a0045bd82ba45dd8f931,TXN-C7153A0A,0dd188fb9dd3735e1ba71bddcf9b5680,63d8729ad99d6620a0333cebe2d7207a,,1436.0,5.0,SEND_MONEY,COMPLETED,Send Money,Simulated SEND_MONEY,False,2026-07-15T13:05:59.718686+00:00,13,0,-0.59,1
c3a4ab227516c11ea74c6fa5b2a03946,TXN-8E40F403,aab296b6ecffd40138e9dd787dd7c62f,29cc202556f422d15cf82e1512bff950,,1783.66,5.0,SEND_MONEY,COMPLETED,Send Money,Simulated SEND_MONEY,False,2026-07-17T14:38:31.718686+00:00,14,0,-0.4,1
da09eec092812814f4a7a66d0238ca3f,TXN-E4C8A945,0dd188fb9dd3735e1ba71bddcf9b5680,fe650fe8f7f1b92ef09c9e9930e4af3f,,1265.91,0.0,BILL_PAY,COMPLETED,Bill Pay,Simulated BILL_PAY,False,2026-08-01T06:14:10.718686+00:00,6,0,-0.69,1
ced13461503d372faacce53cdc8633a6,TXN-0EB76FD4,e11d3919fbbacb05b53b3da8bde233d6,995a897619c18fbb346657bdfc41c6f7,,2649.54,5.0,SEND_MONEY,COMPLETED,Send Money,Simulated SEND_MONEY,False,2026-08-28T08:14:17.718686+00:00,8,0,0.08,1
0dc0ed95c5c409d41c69d025bf5273e6,TXN-B5D775A8,65934a85ba1c9c2d039acb02a4e9f5a7,a2e926c1267324ec26163a35e075df06,,981.45,0.0,BILL_PAY,COMPLETED,Bill Pay,Simulated BILL_PAY,False,2026-09-10T00:22:57.718686+00:00,0,0,-0.84,1
63fe387cf59f41189d256d5c2a1ef9f7,TXN-DEDC98FD,52431bf282c88707e62fd18b75abcf77,59b4db4760e9c7b71f89662b46b5744d,59b4db4760e9c7b71f89662b46b5744d,5949.61,15.0,CASH_OUT,COMPLETED,Cash Out,Simulated CASH_OUT,False,2026-09-22T09:22:56.718686+00:00,9,0,1.92,1
608f37f726b032f5d39fe73c90e277b9,TXN-B5F81B66,b56e04675e530859a4cde7562b4786e5,f6b5bf942ce96cc22eedc473be850090,,2164.45,0.0,MERCHANT_PAY,COMPLETED,Merchant Pay,Simulated MERCHANT_PAY,False,2026-07-25T04:31:24.718686+00:00,4,1,-0.19,2
69e63f77eae98d264cffea37e64934aa,TXN-2D811F64,fc9c1388504a06a82f25be52c4a6f5a5,f611ce5213887ad5e4699085f1c73845,,62.5,0.0,RECHARGE,COMPLETED,Recharge,Simulated RECHARGE,False,2026-07-26T02:55:39.718686+00:00,2,1,-1.35,1
2cb423cd78566305bc30473129add480,TXN-130F750F,947ad30ee89e026f62bb39e7b8666c6e,016214150e97fb9ec49141665b32485f,,2479.1,0.0,MERCHANT_PAY,COMPLETED,Merchant Pay,Simulated MERCHANT_PAY,False,2026-08-14T10:29:25.718686+00:00,10,0,-0.01,1
3cfdff84497bff83d778accde5c93617,TXN-7CF3BE02,fadf4e0aa4e6db699191d450e3cfca90,74a9e2d1020eb53493a1eb482d915981,,2820.92,5.0,SEND_MONEY,COMPLETED,Send Money,Simulated SEND_MONEY,False,2026-07-09T02:59:55.718686+00:00,2,1,0.18,1
e38f0ebdde72155af5d7ef1579cd1a79,TXN-6716195A,6fa7dee9d506c590d0adc559242b754b,b59d7cf42c5bfc03b00fa5ae8417f581,,458.37,5.0,SEND_MONEY,COMPLETED,Send Money,Simulated SEND_MONEY,False,2026-08-15T15:29:39.718686+00:00,15,0,-1.13,1
c1d6de990d47ad37edf2a9a4615628d2,TXN-0EA80D9B,4475a6a8efb7ee576f44e9a1cf97e616,3db00c6efa2ff90560fd5e189b42a097,,2919.22,5.0,SEND_MONEY,COMPLETED,Send Money,Simulated SEND_MONEY,False,2026-08-24T22:42:30.718686+00:00,22,0,0.23,1
17016af8b54c96a8f73bd6627cb4ca7f,TXN-9FF45540,a9d8772b2a6882090ec5f80427432dbd,7646bcb6920612b5e359b12633365514,,36.24,0.0,RECHARGE,COMPLETED,Recharge,Simulated RECHARGE,False,2026-09-11T02:45:31.718686+00:00,2,1,-1.37,2
da5e9511a12720c4af286bb32b2d6d6d,TXN-A5D6EE28,a9471c06d90eef52295526c0ef9c12bf,422286bab6d7b8eea429bfee3894aa7b,422286bab6d7b8eea429bfee3894aa7b,7277.01,15.0,CASH_OUT,COMPLETED,Cash Out,Simulated CASH_OUT,False,2026-08-05T08:59:13.718686+00:00,8,0,2.65,1
8b46a5ed8a22e3920bb1326012055070,TXN-E081BBC4,947ad30ee89e026f62bb39e7b8666c6e,f5abc8efbbbec1c7c7a75fac1fbeb42a,f5abc8efbbbec1c7c7a75fac1fbeb42a,9114.37,15.0,CASH_OUT,COMPLETED,Cash Out,Simulated CASH_OUT,False,2026-09-06T13:00:49.718686+00:00,13,0,3.67,1
7d2432f56151cc2bda1306a973752fc2,TXN-A06EEC3A,00bf0432ba6bf892a4b11dc619ce7ad3,b780a4cf9f6267374ca9ca7c3042586f,,982.57,0.0,MERCHANT_PAY,COMPLETED,Merchant Pay,Simulated MERCHANT_PAY,False,2026-07-24T06:48:25.718686+00:00,6,0,-0.84,1
45fd9d5c24dc39357fa1445efea365b5,TXN-593AE95A,fc9c1388504a06a82f25be52c4a6f5a5,1e002e71e6b9a839b69d43969374e33e,,2824.17,0.0,BILL_PAY,COMPLETED,Bill Pay,Simulated BILL_PAY,False,2026-07-09T19:34:53.718686+00:00,19,0,0.18,1
b13de90118bc4c6d79f31d8743df7500,TXN-42C41DFE,d0b4cd2df32ef122a0c71b82035e6dc3,d9df0dce0fdbee946099d135178b0651,,2011.71,0.0,BILL_PAY,COMPLETED,Bill Pay,Simulated BILL_PAY,False,2026-10-03T06:48:07.718686+00:00,6,0,-0.27,1
08e105a552b56204609de784e3081532,TXN-8AADC8F6,d0b4cd2df32ef122a0c71b82035e6dc3,0dd188fb9dd3735e1ba71bddcf9b5680,,188.54,0.0,RECHARGE,COMPLETED,Recharge,Simulated RECHARGE,False,2026-08-25T02:53:40.718686+00:00,2,1,-1.28,1
dbba4fd27b0ef824a352659cc0e41b75,TXN-A1A13884,6fa7dee9d506c590d0adc559242b754b,e2725c5bff2b6162cf06fb1afa9b4940,,4089.4,5.0,SEND_MONEY,COMPLETED,Send Money,Simulated SEND_MONEY,False,2026-08-31T16:34:39.718686+00:00,16,0,0.88,1
5d7370f127a0a62deb072d55811eed6f,TXN-7CBAFC96,c3b37cdf478b5f1365d70e59a9bc7db5,9e7e17b731d68635812244997dbab941,c3b37cdf478b5f1365d70e59a9bc7db5,5658.11,0.0,CASH_IN,COMPLETED,Cash In,Simulated CASH_IN,False,2026-09-06T10:44:33.718686+00:00,10,0,1.75,1
29dd57df9657988390c4fc92c761de69,TXN-F69E22C7,de5424d71169e0b98a120957644e7040,1cd31cec7165b0f999e22f35ea0f297b,,2902.97,0.0,BILL_PAY,COMPLETED,Bill Pay,Simulated BILL_PAY,False,2026-08-20T08:54:51.718686+00:00,8,0,0.22,1
7b0d750b0c21ee38e767760751f9c678,TXN-A528AB90,5d4470618fa83366c874eea88d34d4d1,48788294ece10d689d0579adc948163a,,2300.51,5.0,SEND_MONEY,COMPLETED,Send Money,Simulated SEND_MONEY,False,2026-09-26T16:57:01.718686+00:00,16,0,-0.11,1
143aebcfc3ac1d74fc810f228f978c5b,TXN-E23AA51C,774b058b32fa45e881e3520560698426,5c110f190a3951baa533cec59ffb6aa1,,915.44,5.0,SEND_MONEY,COMPLETED,Send Money,Simulated SEND_MONEY,False,2026-08-15T14:33:19.718686+00:00,14,0,-0.88,1
ed4398512f8ebb7e8ec7e61f8f784e3c,TXN-443458F5,92d9cb140eda53d5046b82d656354805,d491f477c542d1707119e8c77ba730c8,,1864.41,0.0,MERCHANT_PAY,COMPLETED,Merchant Pay,Simulated MERCHANT_PAY,False,2026-08-15T10:01:44.718686+00:00,10,0,-0.35,1
52e24af92a9cb865c0b79e0584110f9f,TXN-AD370BBF,5fde7da627ef89562f5d2e5138fcc716,955ec133542f6e80c30f4952fee80d33,,1932.86,5.0,SEND_MONEY,COMPLETED,Send Money,Simulated SEND_MONEY,False,2026-08-11T00:49:26.718686+00:00,0,0,-0.32,1
eb3851be66c7d4817e1342a5da5ea951,TXN-AF74481C,92768e2a43ab36f88cb4b3850d783b04,d3c308a1208710510c3bcb610dc42d08,92768e2a43ab36f88cb4b3850d783b04,10059.49,0.0,CASH_IN,COMPLETED,Cash In,Simulated CASH_IN,False,2026-08-02T18:20:44.718686+00:00,18,0,4.2,1
a76234286d6eb373aaf81efc6eee3e04,TXN-3322682A,92d9cb140eda53d5046b82d656354805,942a55200af93c74d921d93f2beb656e,,1129.37,0.0,MERCHANT_PAY,COMPLETED,Merchant Pay,Simulated MERCHANT_PAY,False,2026-07-26T19:24:12.718686+00:00,19,0,-0.76,1
ff296ca63626c52d9810b29d442bdb33,TXN-9A2CEA2F,1cd31cec7165b0f999e22f35ea0f297b,cd014c6c636613884125f62c886cd09e,,2700.31,5.0,SEND_MONEY,COMPLETED,Send Money,Simulated SEND_MONEY,False,2026-09-15T21:51:48.718686+00:00,21,0,0.11,1
bd3e4c76f21406d8a50002454273828c,TXN-C7BF2A28,5c110f190a3951baa533cec59ffb6aa1,fe650fe8f7f1b92ef09c9e9930e4af3f,,108.95,0.0,RECHARGE,COMPLETED,Recharge,Simulated RECHARGE,False,2026-07-30T03:16:58.718686+00:00,3,1,-1.33,1
556e28ce1b2493bb262d9b36e0ddba55,TXN-17089A2B,9ca2c035804c1751d9bb84108e46b24b,afcf8f047d02a8cefb9e5053b9802e7a,,1080.46,0.0,MERCHANT_PAY,COMPLETED,Merchant Pay,Simulated MERCHANT_PAY,False,2026-08-11T00:29:07.718686+00:00,0,0,-0.79,1
88924f1685702158152b83ee99e9c1e8,TXN-A8B53754,65fb813c4a8070e7d6f1e3c595c14972,8cefe33bc85b06476d4145b5395ea644,65fb813c4a8070e7d6f1e3c595c14972,6174.93,0.0,CASH_IN,COMPLETED,Cash In,Simulated CASH_IN,False,2026-09-23T10:00:37.718686+00:00,10,0,2.04,1
d559b8bbd6d8a35dc7670ba4676db5fd,TXN-E0CB707B,5458c6d9f0729c3bde4bb221abc8b6b5,035c936add07d70d3d44b37710f68d9b,,360.06,0.0,RECHARGE,COMPLETED,Recharge,Simulated RECHARGE,False,2026-10-02T08:03:55.718686+00:00,8,0,-1.19,1
f92701129481a0741385daf927c6c008,TXN-D5B41FEF,dfcc900c6dbec41542ed1b6650d9edf5,5702a1644e9aebb91bb00367c4c52710,,83.77,0.0,RECHARGE,COMPLETED,Recharge,Simulated RECHARGE,False,2026-08-17T02:08:28.718686+00:00,2,1,-1.34,2
0fbf675d5acfe52dcfb4ade39ac0fa69,TXN-A0ABB3B6,fadf4e0aa4e6db699191d450e3cfca90,8370e53dac1eee251fae5e9d3383e82d,,4477.3,5.0,SEND_MONEY,COMPLETED,Send Money,Simulated SEND_MONEY,False,2026-08-25T07:05:41.718686+00:00,7,0,1.1,1
8757757a7cdfd3990931eb50a897b3ae,TXN-BFF9A92B,d1e7a9987d0f9ba4aae3ede8a912f4e5,fe650fe8f7f1b92ef09c9e9930e4af3f,,77.12,0.0,RECHARGE,COMPLETED,Recharge,Simulated RECHARGE,False,2026-09-07T05:56:23.718686+00:00,5,1,-1.35,1
50c474ce5394ba349b3b8cbf518252f1,TXN-70BF2B8C,56d3630d48a7c5213076e6c42c8e9cc3,fe650fe8f7f1b92ef09c9e9930e4af3f,56d3630d48a7c5213076e6c42c8e9cc3,12687.26,0.0,CASH_IN,COMPLETED,Cash In,Simulated CASH_IN,False,2026-07-22T11:45:59.718686+00:00,11,0,5.66,1
52b799748759177b32ab5156ea2308a6,TXN-85BCC339,7646bcb6920612b5e359b12633365514,94c1c7dc8088ba9666392ead9b770797,,4479.46,5.0,SEND_MONEY,COMPLETED,Send Money,Simulated SEND_MONEY,False,2026-08-08T12:24:47.718686+00:00,12,0,1.1,1
a00520514c97176ab4fe43a1bfbebd4a,TXN-56C129A1,942a55200af93c74d921d93f2beb656e,887489e7c99502841ba83eec893afe1d,,45.55,0.0,RECHARGE,COMPLETED,Recharge,Simulated RECHARGE,False,2026-09-28T16:46:14.718686+00:00,16,0,-1.36,1
bf44dc31909b1c9b1e52c4603c30db77,TXN-FFD2AD47,cd014c6c636613884125f62c886cd09e,fadf4e0aa4e6db699191d450e3cfca90,,2488.48,0.0,MERCHANT_PAY,COMPLETED,Merchant Pay,Simulated MERCHANT_PAY,False,2026-08-07T23:32:44.718686+00:00,23,0,-0.01,1
ac0402156479d1ad46ae7eba836ae945,TXN-596DEB4A,9ca2c035804c1751d9bb84108e46b24b,a9d8772b2a6882090ec5f80427432dbd,,369.98,0.0,MERCHANT_PAY,COMPLETED,Merchant Pay,Simulated MERCHANT_PAY,False,2026-09-15T11:15:23.718686+00:00,11,0,-1.18,1
8ba278e6e498edeb5b6633363e6a5f87,TXN-C608F77E,5ea78e239a56f60e7a73667f804942f5,b105797ce7097a9d7175762f71c33e73,,379.97,0.0,RECHARGE,COMPLETED,Recharge,Simulated RECHARGE,False,2026-08-11T00:10:05.718686+00:00,0,0,-1.18,1
5c99ef8ac55cf331e3cf46c4128ca0ae,TXN-0DA0C086,d529ec7c7730634f441257c91dad22c0,ac9fb77bcbd378402146779c00a5ffff,,1469.89,0.0,MERCHANT_PAY,COMPLETED,Merchant Pay,Simulated MERCHANT_PAY,False,2026-09-17T17:44:27.718686+00:00,17,0,-0.57,1
b5eda0f852e87132723e3427e806967b,TXN-81E849DD,a9d8772b2a6882090ec5f80427432dbd,5fde7da627ef89562f5d2e5138fcc716,,142.64,0.0,RECHARGE,COMPLETED,Recharge,Simulated RECHARGE,False,2026-07-18T05:33:24.718686+00:00,5,1,-1.31,2
a2501da0b02a0c24178ffd1c1d2011a5,TXN-44593039,8275aee7949dab0b3757c0d16495741a,1cd31cec7165b0f999e22f35ea0f297b,,2382.13,5.0,SEND_MONEY,COMPLETED,Send Money,Simulated SEND_MONEY,False,2026-08-15T23:11:22.718686+00:00,23,0,-0.07,1
0e3432634dce125478e3792d8e388301,TXN-0898177D,0d3fa09ecaba91e19a1f466e6ed0ab3d,de5424d71169e0b98a120957644e7040,,362.66,5.0,SEND_MONEY,COMPLETED,Send Money,Simulated SEND_MONEY,False,2026-09-27T17:48:07.718686+00:00,17,0,-1.19,1
857efdcf30f0350a8eaf2f1b6ed65e60,TXN-9D68E245,920d641d4f1838031412092365b508f9,d2c0e952054db218612de01b8b401e3d,,386.11,5.0,SEND_MONEY,COMPLETED,Send Money,Simulated SEND_MONEY,False,2026-09-15T22:17:57.718686+00:00,22,0,-1.17,1
6500d2f2c31fcd106488f6d2979f9109,TXN-328CA498,7ec15cd222dd1fc98dd0e7cd9751fa9d,fc9c1388504a06a82f25be52c4a6f5a5,,1057.26,0.0,MERCHANT_PAY,COMPLETED,Merchant Pay,Simulated MERCHANT_PAY,False,2026-09-14T15:31:10.718686+00:00,15,0,-0.8,1
71808a548fd908ecc03694ac63de2903,TXN-F47B7245,885e891c4171db3ca38bbb35f664c8fc,920d641d4f1838031412092365b508f9,885e891c4171db3ca38bbb35f664c8fc,3281.17,0.0,CASH_IN,COMPLETED,Cash In,Simulated CASH_IN,False,2026-07-16T18:20:15.718686+00:00,18,0,0.43,1
be1b53f85e5f365fb324a51e58e77940,TXN-8D73C973,d5ad98674d6c69eab07fbb6c5f6ec434,7e25924565710a7c41b0ba3c9f3bfbe9,,1448.94,0.0,BILL_PAY,COMPLETED,Bill Pay,Simulated BILL_PAY,False,2026-08-30T04:52:52.718686+00:00,4,1,-0.58,1
20deb7ac1ebb311d6d2a8c80dfb15093,TXN-11363B15,7e25924565710a7c41b0ba3c9f3bfbe9,6ab9575a1b7d1060f24d980c1141bfa8,,156.17,0.0,RECHARGE,COMPLETED,Recharge,Simulated RECHARGE,False,2026-09-04T03:21:57.718686+00:00,3,1,-1.3,2
8c0c8cefd5eaffd529dfc8335af50b22,TXN-31A594A0,4c64ccf00086f53c7786ee74543a024a,7b43b48cc2385f8eb14372d3a02b76eb,7b43b48cc2385f8eb14372d3a02b76eb,5573.3,15.0,CASH_OUT,COMPLETED,Cash Out,Simulated CASH_OUT,False,2026-09-09T06:02:00.718686+00:00,6,0,1.71,1
73e8b1df756c43dc889e431e18b1e58f,TXN-5AA6355F,8275aee7949dab0b3757c0d16495741a,0dd188fb9dd3735e1ba71bddcf9b5680,,2277.3,0.0,MERCHANT_PAY,COMPLETED,Merchant Pay,Simulated MERCHANT_PAY,False,2026-08-12T10:38:17.718686+00:00,10,0,-0.12,1
47c5d6268a9501e63f783f4cd04b8b22,TXN-28EEF5D6,bdd1bcc71ed6717c4a5f4df6a382d2c0,c93486184196482ee09eeb5394eb3284,,73.19,0.0,RECHARGE,COMPLETED,Recharge,Simulated RECHARGE,False,2026-08-13T02:38:38.718686+00:00,2,1,-1.35,1
153486c56635640aba9fe449933c9dbe,TXN-62707941,29cc202556f422d15cf82e1512bff950,1e002e71e6b9a839b69d43969374e33e,,1215.18,0.0,MERCHANT_PAY,COMPLETED,Merchant Pay,Simulated MERCHANT_PAY,False,2026-09-09T09:03:41.718686+00:00,9,0,-0.71,1
ea71b8b07166bf7cd87eb04622e5347f,TXN-3BE0006C,995a897619c18fbb346657bdfc41c6f7,5fde7da627ef89562f5d2e5138fcc716,,7334.18,5.0,SEND_MONEY,COMPLETED,Send Money,Simulated SEND_MONEY,False,2026-09-07T18:10:59.718686+00:00,18,0,2.69,1
2a0fd20740bc103787ca7139e81af2ff,TXN-81508399,0d3fa09ecaba91e19a1f466e6ed0ab3d,e2b37ac0f1e35aae80becc0986504993,,101.9,0.0,RECHARGE,COMPLETED,Recharge,Simulated RECHARGE,False,2026-08-13T05:01:16.718686+00:00,5,1,-1.33,2
426f866fa928ad580fe1d76e8b71280f,TXN-A93064D3,92d9cb140eda53d5046b82d656354805,2f12019338fde08f7f9d2612b6f5b02b,,154.47,0.0,RECHARGE,COMPLETED,Recharge,Simulated RECHARGE,False,2026-07-29T01:16:32.718686+00:00,1,1,-1.3,2
d3396ea195baaad977f51bebaeab90c8,TXN-BCB2D8C8,09f548833bd96f4cda1bac60ea3bdfe9,74a9e2d1020eb53493a1eb482d915981,,2464.03,5.0,SEND_MONEY,COMPLETED,Send Money,Simulated SEND_MONEY,False,2026-07-19T18:04:30.718686+00:00,18,0,-0.02,1
8690567ff239789d61f718135b60c931,TXN-2E2239D8,67108e809ac0c87e3f3f926a9e8a9569,5c65507c2e3b7c0043daa0a1ffae75d3,,3382.05,0.0,BILL_PAY,COMPLETED,Bill Pay,Simulated BILL_PAY,False,2026-09-22T06:43:28.718686+00:00,6,0,0.49,1
f4aa909178fbf61593fac16dfc84d257,TXN-249B0F05,f24ec36fe902d9fc366bf6c5c42558c0,91c41a04edd64e4c32a0af71604f336a,,354.1,0.0,RECHARGE,COMPLETED,Recharge,Simulated RECHARGE,False,2026-07-29T21:39:55.718686+00:00,21,0,-1.19,1
08bc4a953e14c8337f676abfd5b2d168,TXN-B16D7330,cf34c4e00ac75bb140c3d733b7d0acdf,f24ec36fe902d9fc366bf6c5c42558c0,,132.69,0.0,RECHARGE,COMPLETED,Recharge,Simulated RECHARGE,False,2026-09-27T02:23:37.718686+00:00,2,1,-1.32,1
0a59ea1315a1da371ccec84f22ec45b2,TXN-2D618688,d9df0dce0fdbee946099d135178b0651,b1a66b3f63e51e2a843b9028fcb6ded2,b1a66b3f63e51e2a843b9028fcb6ded2,16731.4,15.0,CASH_OUT,COMPLETED,Cash Out,Simulated CASH_OUT,False,2026-09-04T08:57:03.718686+00:00,8,0,7.91,1
cff0e4c27f7d105420e7ab24c9f5a2cc,TXN-6C32DE40,4c78b5ebb63af8ec922f3fa771763324,914ea800aac501972796ea5d55d04ec0,,5661.99,5.0,SEND_MONEY,COMPLETED,Send Money,Simulated SEND_MONEY,False,2026-08-06T00:55:16.718686+00:00,0,0,1.76,1
1cf94976d728fb7bb8dee93ada670a84,TXN-D7637030,c93486184196482ee09eeb5394eb3284,79a30ec2ffa4cd645fd6ad37bf5a2a92,,306.0,0.0,RECHARGE,COMPLETED,Recharge,Simulated RECHARGE,False,2026-08-28T11:38:19.718686+00:00,11,0,-1.22,1
72ac38b5bf5472f6b77fa5896e08bc24,TXN-21040CA6,74a9e2d1020eb53493a1eb482d915981,d604f2ebd984a759fc53f682396031cd,,468.93,0.0,RECHARGE,COMPLETED,Recharge,Simulated RECHARGE,False,2026-09-09T15:06:35.718686+00:00,15,0,-1.13,1
c05c6b89af34ef12e048f613a06ad939,TXN-81E856FC,d529ec7c7730634f441257c91dad22c0,6d9b4fa238dde07f567f7dbd00b23fd7,,458.03,5.0,SEND_MONEY,COMPLETED,Send Money,Simulated SEND_MONEY,False,2026-08-29T14:34:37.718686+00:00,14,0,-1.13,1
66cc7a7d95e3d6697cc1e2ff347edfd6,TXN-AEB062CF,10331bea5f8789681791495ed9517fe2,b9376a572eeedc5c8dfd978d9d452846,,1146.95,0.0,MERCHANT_PAY,COMPLETED,Merchant Pay,Simulated MERCHANT_PAY,False,2026-09-26T06:12:58.718686+00:00,6,0,-0.75,1
cc5631df915f9dacd6af383a389fdc69,TXN-EEFA7291,ab033cdcb66402849ab1b6df20d638bb,65934a85ba1c9c2d039acb02a4e9f5a7,,125.78,0.0,RECHARGE,COMPLETED,Recharge,Simulated RECHARGE,False,2026-08-31T02:02:29.718686+00:00,2,1,-1.32,1
db308160a8fae2efff4d2dabb519d1aa,TXN-DA01B7FF,a87506818a081f5835a17049b1ca9b41,9708ab5e440dc80ab8deaa5aa649c2a6,,343.09,0.0,RECHARGE,COMPLETED,Recharge,Simulated RECHARGE,False,2026-08-24T08:46:05.718686+00:00,8,0,-1.2,1
fabd92050aa94297e5306f674aa8e8d6,TXN-5EFF8C71,8d188907e63291714835adb689e38229,5c110f190a3951baa533cec59ffb6aa1,,154.87,0.0,RECHARGE,COMPLETED,Recharge,Simulated RECHARGE,False,2026-09-23T01:08:06.718686+00:00,1,1,-1.3,1
0ea6bb6a30a663896cb08ae830c18a6b,TXN-1B2FE2AC,d0b4cd2df32ef122a0c71b82035e6dc3,921012c6b11c284a1771d9b434a6c279,921012c6b11c284a1771d9b434a6c279,4202.94,15.0,CASH_OUT,COMPLETED,Cash Out,Simulated CASH_OUT,False,2026-07-18T08:44:10.718686+00:00,8,0,0.95,1
044f997037479b23630388a09498eee4,TXN-180D6365,4475a6a8efb7ee576f44e9a1cf97e616,e2725c5bff2b6162cf06fb1afa9b4940,,859.09,0.0,BILL_PAY,COMPLETED,Bill Pay,Simulated BILL_PAY,False,2026-08-08T06:35:25.718686+00:00,6,0,-0.91,1
0a244a8a0dde5b0c6ccf30a03381b1ef,TXN-0886AF5D,74a9e2d1020eb53493a1eb482d915981,92d9cb140eda53d5046b82d656354805,,2875.61,5.0,SEND_MONEY,COMPLETED,Send Money,Simulated SEND_MONEY,False,2026-07-20T16:04:32.718686+00:00,16,0,0.21,1
fff0c99ecdb7e704cdfa8966366bf01b,TXN-038DB303,d6b3bdced8ec51ba8bfd3d4c8c1cf865,914ea800aac501972796ea5d55d04ec0,,883.22,5.0,SEND_MONEY,COMPLETED,Send Money,Simulated SEND_MONEY,False,2026-07-11T13:52:17.718686+00:00,13,0,-0.9,1
dc19bf6c0830c9b13f79036e3a80ffe0,TXN-B516A44B,2f12019338fde08f7f9d2612b6f5b02b,921012c6b11c284a1771d9b434a6c279,921012c6b11c284a1771d9b434a6c279,6168.23,15.0,CASH_OUT,COMPLETED,Cash Out,Simulated CASH_OUT,False,2026-08-31T10:14:04.718686+00:00,10,0,2.04,1
d284a824916fd73123a255a2cb4b703a,TXN-FF0A53C9,92768e2a43ab36f88cb4b3850d783b04,79a30ec2ffa4cd645fd6ad37bf5a2a92,92768e2a43ab36f88cb4b3850d783b04,13753.8,0.0,CASH_IN,COMPLETED,Cash In,Simulated CASH_IN,False,2026-09-23T21:53:21.718686+00:00,21,0,6.25,1
3bc2f7aaeca4ccd8a9a7c458b65abae0,TXN-854E57E1,641575d590fb761036ec5b80cdf1203a,a9d8772b2a6882090ec5f80427432dbd,,1370.74,0.0,BILL_PAY,COMPLETED,Bill Pay,Simulated BILL_PAY,False,2026-07-17T23:12:30.718686+00:00,23,0,-0.63,1
4254a68c78da59cb8dc172676fb821ae,TXN-5560F2D2,93ed20f7af298133b5d5c110715e43f5,b9376a572eeedc5c8dfd978d9d452846,,4074.35,5.0,SEND_MONEY,COMPLETED,Send Money,Simulated SEND_MONEY,False,2026-08-27T17:49:50.718686+00:00,17,0,0.87,1
03e0ee8983e7f9783b09628a707ea5a5,TXN-493742E9,942a55200af93c74d921d93f2beb656e,d1e7a9987d0f9ba4aae3ede8a912f4e5,,1695.99,0.0,MERCHANT_PAY,COMPLETED,Merchant Pay,Simulated MERCHANT_PAY,False,2026-08-22T08:42:03.718686+00:00,8,0,-0.45,1
623ec4b8e334b374ef8a009d206ff12c,TXN-05AE780C,65fb813c4a8070e7d6f1e3c595c14972,a87506818a081f5835a17049b1ca9b41,65fb813c4a8070e7d6f1e3c595c14972,13572.91,0.0,CASH_IN,COMPLETED,Cash In,Simulated CASH_IN,False,2026-08-29T08:38:33.718686+00:00,8,0,6.15,1
4642dd6106e9e3f328f33f49e9e68a7f,TXN-20492266,36abffacfee81ff100accb009afd7377,f89e0aa9ae8d55dcb43d0315270b2238,,1676.8,5.0,SEND_MONEY,COMPLETED,Send Money,Simulated SEND_MONEY,False,2026-09-09T20:07:27.718686+00:00,20,0,-0.46,1
fdf95dae5b9bde1a4d01a2e2405e83e1,TXN-57C15451,65fc47ce4974867b6829d72772afdcf1,85f0ded8f46c29dac6e1885bc1cd8cb0,,2936.6,5.0,SEND_MONEY,COMPLETED,Send Money,Simulated SEND_MONEY,False,2026-09-28T16:56:45.718686+00:00,16,0,0.24,1
e7b18ad53deaf7881be72724dfabb05d,TXN-2855A617,df17af4790a0efbcb2dd7af3dc7310ac,4c78b5ebb63af8ec922f3fa771763324,,170.57,0.0,RECHARGE,COMPLETED,Recharge,Simulated RECHARGE,False,2026-10-03T13:44:49.718686+00:00,13,0,-1.29,1
d823e389ff3f423beafc9234757743bc,TXN-A2E1AEAF,f6b5bf942ce96cc22eedc473be850090,24854d7b3ae8bedc178ece65566f1a29,,234.17,0.0,RECHARGE,COMPLETED,Recharge,Simulated RECHARGE,False,2026-09-21T22:56:16.718686+00:00,22,0,-1.26,1
eb9876b605c9454e2bf3180ba4bef2be,TXN-DA53B15F,56d3630d48a7c5213076e6c42c8e9cc3,ba62a89e273f83051020288c4d221f17,56d3630d48a7c5213076e6c42c8e9cc3,11941.88,0.0,CASH_IN,COMPLETED,Cash In,Simulated CASH_IN,False,2026-08-31T06:09:39.718686+00:00,6,0,5.25,1
81a921115777b96849de79bd16122c83,TXN-C604AC27,ba43d28df7fba6619bbe4dc11c06298b,28bad9c9332ec0e5025efc44e6a7a54f,,1397.9,0.0,MERCHANT_PAY,COMPLETED,Merchant Pay,Simulated MERCHANT_PAY,False,2026-08-23T22:10:42.718686+00:00,22,0,-0.61,1
e4d9f6c131bdec596eb79679a7791e54,TXN-05B91403,39495bec7941dda30d5ffb10dc7835a0,92d9cb140eda53d5046b82d656354805,,285.27,5.0,SEND_MONEY,COMPLETED,Send Money,Simulated SEND_MONEY,False,2026-08-18T16:44:07.718686+00:00,16,0,-1.23,1
91f3a0909ce2782cada9338108ed7e56,TXN-9760AAF4,44441b337855f3507cd7f3f529f9ed9b,92d9cb140eda53d5046b82d656354805,,440.74,5.0,SEND_MONEY,COMPLETED,Send Money,Simulated SEND_MONEY,False,2026-08-29T11:59:14.718686+00:00,11,0,-1.14,1
925f2521bfd903784d0dde9a4e875018,TXN-283FFE14,63d8729ad99d6620a0333cebe2d7207a,92768e2a43ab36f88cb4b3850d783b04,92768e2a43ab36f88cb4b3850d783b04,3865.53,15.0,CASH_OUT,COMPLETED,Cash Out,Simulated CASH_OUT,False,2026-07-12T17:17:29.718686+00:00,17,0,0.76,1
238a24768726150c1ea51e63ed31a566,TXN-40913BA1,81253f4aa18bb992bcd0e6e9b1fa0507,d604f2ebd984a759fc53f682396031cd,,470.02,0.0,RECHARGE,COMPLETED,Recharge,Simulated RECHARGE,False,2026-09-18T14:11:00.718686+00:00,14,0,-1.13,1
9b035383001e558911d5553124fa2c3e,TXN-053BAC30,3a288796c66b6cb72b3c765d5f0440db,914ea800aac501972796ea5d55d04ec0,,269.44,0.0,RECHARGE,COMPLETED,Recharge,Simulated RECHARGE,False,2026-09-16T22:41:13.718686+00:00,22,0,-1.24,1
0da49b35babfa4748ba00ccaf3b47d83,TXN-30081AFA,a4363f535992847636e40ad27ccc907f,db05a31aa77a8230c08e634a3795fe26,,3601.46,5.0,SEND_MONEY,COMPLETED,Send Money,Simulated SEND_MONEY,False,2026-08-21T10:07:54.718686+00:00,10,0,0.61,1
d533c7e6e8ba2d3aab1f20fb74ecafda,TXN-7BED56C7,019eb181a60b72600fe1522fabe4cd00,09f548833bd96f4cda1bac60ea3bdfe9,,528.65,5.0,SEND_MONEY,COMPLETED,Send Money,Simulated SEND_MONEY,False,2026-07-22T10:55:50.718686+00:00,10,0,-1.1,1
e6b76298cff9f5cdad4174cca813a5c9,TXN-3BAA2872,163b7bf9da2842a111d4d8c94377f29f,94c1c7dc8088ba9666392ead9b770797,,134.56,0.0,RECHARGE,COMPLETED,Recharge,Simulated RECHARGE,False,2026-08-25T03:11:29.718686+00:00,3,1,-1.31,2
e9e5e0b3fbc0008d4e073acf71568299,TXN-DCF521A5,d6b3bdced8ec51ba8bfd3d4c8c1cf865,d1e7a9987d0f9ba4aae3ede8a912f4e5,,82.1,0.0,RECHARGE,COMPLETED,Recharge,Simulated RECHARGE,False,2026-07-22T11:14:26.718686+00:00,11,0,-1.34,1
570217650c6786ac38e61da0bf06237d,TXN-29E1FC39,3db00c6efa2ff90560fd5e189b42a097,97732b7d2a0cf42e45df8e38eede305b,97732b7d2a0cf42e45df8e38eede305b,3269.99,15.0,CASH_OUT,COMPLETED,Cash Out,Simulated CASH_OUT,False,2026-09-03T18:46:40.718686+00:00,18,0,0.43,1
794acb9e16beceb58e0360bdbde13d96,TXN-C6247170,44441b337855f3507cd7f3f529f9ed9b,5c65507c2e3b7c0043daa0a1ffae75d3,,1951.62,5.0,SEND_MONEY,COMPLETED,Send Money,Simulated SEND_MONEY,False,2026-07-11T12:37:28.718686+00:00,12,0,-0.3,1
68ed6adfe68ac84421d8143d7147e43f,TXN-99D7BE66,00bf0432ba6bf892a4b11dc619ce7ad3,920d641d4f1838031412092365b508f9,,222.44,0.0,RECHARGE,COMPLETED,Recharge,Simulated RECHARGE,False,2026-07-23T22:45:57.718686+00:00,22,0,-1.27,1
5b8919fa99ef8d3b5c31b2bc85d7cf2a,TXN-1DE808CA,dfcc900c6dbec41542ed1b6650d9edf5,d529ec7c7730634f441257c91dad22c0,,5878.34,5.0,SEND_MONEY,COMPLETED,Send Money,Simulated SEND_MONEY,False,2026-09-05T17:40:00.718686+00:00,17,0,1.88,1
52f66d0e4c6ec88bd3a9ea3bbfc64068,TXN-F856C6D8,5c110f190a3951baa533cec59ffb6aa1,641575d590fb761036ec5b80cdf1203a,,149.61,0.0,RECHARGE,COMPLETED,Recharge,Simulated RECHARGE,False,2026-09-01T05:53:26.718686+00:00,5,1,-1.31,2
bc0577bdd66a331a70f9ba3862f72258,TXN-F162516A,6fa7dee9d506c590d0adc559242b754b,1b99ddafaa28f74dc164af9e24830bad,,132.46,0.0,RECHARGE,COMPLETED,Recharge,Simulated RECHARGE,False,2026-07-25T05:25:53.718686+00:00,5,1,-1.32,1
0e9a7eb90cecd8c63006b0248dffc042,TXN-A263007C,36abffacfee81ff100accb009afd7377,91c41a04edd64e4c32a0af71604f336a,,330.04,0.0,RECHARGE,COMPLETED,Recharge,Simulated RECHARGE,False,2026-07-11T09:43:24.718686+00:00,9,0,-1.21,1
beb1486a25928a41c00ef336b70381e8,TXN-592D6059,8cefe33bc85b06476d4145b5395ea644,3b07bdc1c386d1c7a5047c4d4a4a0ea7,,2360.53,0.0,BILL_PAY,COMPLETED,Bill Pay,Simulated BILL_PAY,False,2026-08-14T14:01:04.718686+00:00,14,0,-0.08,1
38ebfaf5c520d08e4094f8cc6551e1ea,TXN-FC30DFE4,4475a6a8efb7ee576f44e9a1cf97e616,ba3acf686a1a0d53a2f66a6207dcd795,,1901.34,0.0,MERCHANT_PAY,COMPLETED,Merchant Pay,Simulated MERCHANT_PAY,False,2026-07-12T14:21:10.718686+00:00,14,0,-0.33,1
1e8771852de03a712492509f6db369cb,TXN-CF4257CA,8370e53dac1eee251fae5e9d3383e82d,d9df0dce0fdbee946099d135178b0651,,1148.15,5.0,SEND_MONEY,COMPLETED,Send Money,Simulated SEND_MONEY,False,2026-07-28T18:16:53.718686+00:00,18,0,-0.75,1
afe8894fd9e76efdc4e97df8449bb772,TXN-B36B6AA6,b780a4cf9f6267374ca9ca7c3042586f,93ed20f7af298133b5d5c110715e43f5,,1872.71,0.0,BILL_PAY,COMPLETED,Bill Pay,Simulated BILL_PAY,False,2026-08-16T08:13:11.718686+00:00,8,0,-0.35,1
a5264fba02aa4ddbf063e3bc8c7b8b56,TXN-2C133DC2,9e7e17b731d68635812244997dbab941,39495bec7941dda30d5ffb10dc7835a0,,36.38,0.0,RECHARGE,COMPLETED,Recharge,Simulated RECHARGE,False,2026-09-11T05:08:46.718686+00:00,5,1,-1.37,1
3296a26c4564fbc93e10458c8be66930,TXN-057B4591,ba184c813197d29e79ddc76c6d457c16,52431bf282c88707e62fd18b75abcf77,,2125.29,5.0,SEND_MONEY,COMPLETED,Send Money,Simulated SEND_MONEY,False,2026-07-16T23:12:21.718686+00:00,23,0,-0.21,1
61857e3fd777328696fa60403a0e5a69,TXN-FB7F65C8,7bfa12e52337128e6a95dc4ae4de2ee1,a4363f535992847636e40ad27ccc907f,,628.91,5.0,SEND_MONEY,COMPLETED,Send Money,Simulated SEND_MONEY,False,2026-07-08T19:43:14.718686+00:00,19,0,-1.04,1
b094e10e5dcde25e0f4192e473602e77,TXN-4584CFDC,d0b4cd2df32ef122a0c71b82035e6dc3,cd014c6c636613884125f62c886cd09e,,3797.85,5.0,SEND_MONEY,COMPLETED,Send Money,Simulated SEND_MONEY,False,2026-07-20T19:28:46.718686+00:00,19,0,0.72,1
36e18e2cb43dd3946e84bf1397a07202,TXN-F6956B4D,6fa7dee9d506c590d0adc559242b754b,b56e04675e530859a4cde7562b4786e5,,103.67,0.0,RECHARGE,COMPLETED,Recharge,Simulated RECHARGE,False,2026-07-20T03:23:43.718686+00:00,3,1,-1.33,2
326fc8ed85a3bef2576b4186b8160f39,TXN-90C34CD4,9e7e17b731d68635812244997dbab941,3a288796c66b6cb72b3c765d5f0440db,,125.51,0.0,RECHARGE,COMPLETED,Recharge,Simulated RECHARGE,False,2026-07-08T03:23:26.718686+00:00,3,1,-1.32,1
4c1c0422cab4194465a064731048e592,TXN-3E204E4B,7bfa12e52337128e6a95dc4ae4de2ee1,44441b337855f3507cd7f3f529f9ed9b,,1978.92,0.0,MERCHANT_PAY,COMPLETED,Merchant Pay,Simulated MERCHANT_PAY,False,2026-07-16T16:44:22.718686+00:00,16,0,-0.29,1
ed04ff9ecb3a1a6528502e920e401947,TXN-12689FC4,fadf4e0aa4e6db699191d450e3cfca90,92768e2a43ab36f88cb4b3850d783b04,92768e2a43ab36f88cb4b3850d783b04,4663.64,15.0,CASH_OUT,COMPLETED,Cash Out,Simulated CASH_OUT,False,2026-08-06T13:09:42.718686+00:00,13,0,1.2,1
858e7dd7d39cc571b4e058a70a778234,TXN-ADFBD1F8,8d188907e63291714835adb689e38229,5ea78e239a56f60e7a73667f804942f5,,4677.51,5.0,SEND_MONEY,COMPLETED,Send Money,Simulated SEND_MONEY,False,2026-09-26T23:41:06.718686+00:00,23,0,1.21,1
4a783e2feab9525c2d62ba3394bd9371,TXN-DC8FCB1A,76d2086982f4a9e6bed9b3147eed7cbc,920d641d4f1838031412092365b508f9,,122.12,0.0,RECHARGE,COMPLETED,Recharge,Simulated RECHARGE,False,2026-08-23T06:23:08.718686+00:00,6,0,-1.32,1
34069ddcc495434074a3044816295919,TXN-236A75D3,a9d8772b2a6882090ec5f80427432dbd,641575d590fb761036ec5b80cdf1203a,,2067.23,5.0,SEND_MONEY,COMPLETED,Send Money,Simulated SEND_MONEY,False,2026-09-15T20:08:13.718686+00:00,20,0,-0.24,1
b6c984c9dec306c6e8f82bac17c03fe3,TXN-823DB537,f1fd93ab956002b687a10b08b5d72967,93ed20f7af298133b5d5c110715e43f5,,192.34,0.0,RECHARGE,COMPLETED,Recharge,Simulated RECHARGE,False,2026-08-30T01:16:03.718686+00:00,1,1,-1.28,2
f2ef4b7e800373a2171f78b91b56c517,TXN-1F0A50E5,b13eb846b74a47cc34cd153c313fc9b4,a789b4fc165147cd64a864ea50e2f99b,,77.89,0.0,RECHARGE,COMPLETED,Recharge,Simulated RECHARGE,False,2026-08-09T02:32:41.718686+00:00,2,1,-1.35,2
afbd714260b9335d675f5e5bc2d8f98b,TXN-4D80D1E4,4c78b5ebb63af8ec922f3fa771763324,d491f477c542d1707119e8c77ba730c8,,313.69,0.0,BILL_PAY,COMPLETED,Bill Pay,Simulated BILL_PAY,False,2026-09-25T17:39:55.718686+00:00,17,0,-1.21,1
b220f46837e9eaad90c21e03f4d73a11,TXN-FBD8FD39,ac9fb77bcbd378402146779c00a5ffff,cf34c4e00ac75bb140c3d733b7d0acdf,,331.57,0.0,RECHARGE,COMPLETED,Recharge,Simulated RECHARGE,False,2026-09-06T07:53:30.718686+00:00,7,0,-1.2,1
096ee75b488e6c9eb4229ec7f7538a73,TXN-BF1ACD04,955ec133542f6e80c30f4952fee80d33,c85db54ea070ffe0c9c2c638737e31ca,,1429.58,0.0,BILL_PAY,COMPLETED,Bill Pay,Simulated BILL_PAY,False,2026-09-29T09:47:57.718686+00:00,9,0,-0.59,1
640afde46b886acba2338da05c605176,TXN-9E63FCFA,d9df0dce0fdbee946099d135178b0651,4c78b5ebb63af8ec922f3fa771763324,,17171.22,5.0,SEND_MONEY,COMPLETED,Send Money,Simulated SEND_MONEY,False,2026-10-02T17:53:52.718686+00:00,17,0,8.15,1
15b789504234b275ea377c317b9939ae,TXN-4FA625F7,5c65507c2e3b7c0043daa0a1ffae75d3,61874613550dc5121fdaaac0737a643d,,4108.96,5.0,SEND_MONEY,COMPLETED,Send Money,Simulated SEND_MONEY,False,2026-08-10T06:37:07.718686+00:00,6,0,0.89,1
cf13813f8cfac4a06dc26ecbf23be819,TXN-48F75A38,b13eb846b74a47cc34cd153c313fc9b4,5702a1644e9aebb91bb00367c4c52710,,4536.86,5.0,SEND_MONEY,COMPLETED,Send Money,Simulated SEND_MONEY,False,2026-08-20T18:55:49.718686+00:00,18,0,1.13,1
348912dea97b746e10f51ec75f1b1739,TXN-FE5B394E,921012c6b11c284a1771d9b434a6c279,ba184c813197d29e79ddc76c6d457c16,921012c6b11c284a1771d9b434a6c279,8967.43,0.0,CASH_IN,COMPLETED,Cash In,Simulated CASH_IN,False,2026-08-24T21:37:48.718686+00:00,21,0,3.59,1
bc32497b3846c3efe4f77c2795c003e0,TXN-BC4B3027,6574d17462a87d1730068b859da056f2,b56e04675e530859a4cde7562b4786e5,,509.15,0.0,BILL_PAY,COMPLETED,Bill Pay,Simulated BILL_PAY,False,2026-09-30T15:32:39.718686+00:00,15,0,-1.11,1
ded75af1d81f0007c345fe2bef4d1a88,TXN-D165AB60,b780a4cf9f6267374ca9ca7c3042586f,81253f4aa18bb992bcd0e6e9b1fa0507,,4261.19,5.0,SEND_MONEY,COMPLETED,Send Money,Simulated SEND_MONEY,False,2026-08-04T12:38:08.718686+00:00,12,0,0.98,1
f473aafa0c368e2df6a6f00ce96c5b05,TXN-EC745AF9,887489e7c99502841ba83eec893afe1d,d2c0e952054db218612de01b8b401e3d,,3317.84,0.0,BILL_PAY,COMPLETED,Bill Pay,Simulated BILL_PAY,False,2026-09-01T17:39:43.718686+00:00,17,0,0.45,1
91df0d4810b2dec95fb328f7f16f8715,TXN-5C6A21DE,a87506818a081f5835a17049b1ca9b41,774b058b32fa45e881e3520560698426,,1793.08,0.0,BILL_PAY,COMPLETED,Bill Pay,Simulated BILL_PAY,False,2026-08-09T22:01:20.718686+00:00,22,0,-0.39,1
81094994158aa2d4c759da2732a84e1b,TXN-012BFD47,7646bcb6920612b5e359b12633365514,5702a1644e9aebb91bb00367c4c52710,,11921.33,5.0,SEND_MONEY,COMPLETED,Send Money,Simulated SEND_MONEY,False,2026-08-02T19:18:02.718686+00:00,19,0,5.23,1
f49744a4794a45e5e1f44fc3b934b77c,TXN-BF7B3A35,947ad30ee89e026f62bb39e7b8666c6e,f5abc8efbbbec1c7c7a75fac1fbeb42a,f5abc8efbbbec1c7c7a75fac1fbeb42a,2192.21,15.0,CASH_OUT,COMPLETED,Cash Out,Simulated CASH_OUT,False,2026-09-16T18:30:52.718686+00:00,18,0,-0.17,1
93c901d8752cc136ed51887bfd604bb3,TXN-CE97A12C,fe650fe8f7f1b92ef09c9e9930e4af3f,91c41a04edd64e4c32a0af71604f336a,,389.19,0.0,BILL_PAY,COMPLETED,Bill Pay,Simulated BILL_PAY,False,2026-07-14T16:22:57.718686+00:00,16,0,-1.17,1
4bf777a1d0ce3b91d667fdce70e199a3,TXN-7108E38A,93ed20f7af298133b5d5c110715e43f5,887489e7c99502841ba83eec893afe1d,,105.24,0.0,RECHARGE,COMPLETED,Recharge,Simulated RECHARGE,False,2026-08-17T02:42:28.718686+00:00,2,1,-1.33,2
25b0d1fdb1a9517fb616f0327b128a1e,TXN-0F7504C5,0fc954a8903d8d3906c6f655090a2772,8370e53dac1eee251fae5e9d3383e82d,,2745.12,0.0,BILL_PAY,COMPLETED,Bill Pay,Simulated BILL_PAY,False,2026-07-15T15:26:05.718686+00:00,15,0,0.14,1
c39b57dddb82444e845c90c798c4a712,TXN-3B329708,b56e04675e530859a4cde7562b4786e5,6574d17462a87d1730068b859da056f2,,4261.31,5.0,SEND_MONEY,COMPLETED,Send Money,Simulated SEND_MONEY,False,2026-07-10T07:19:52.718686+00:00,7,0,0.98,1
524736cfb45fb2596e9c891c2b88e103,TXN-CC459823,914ea800aac501972796ea5d55d04ec0,3e8f0387819d64fd0b03881045eac7c8,,97.73,0.0,RECHARGE,COMPLETED,Recharge,Simulated RECHARGE,False,2026-07-13T04:34:01.718686+00:00,4,1,-1.33,1
91c706a481549563e61f63d493ab7f2f,TXN-1F914C34,4c78b5ebb63af8ec922f3fa771763324,1cd31cec7165b0f999e22f35ea0f297b,,131.89,0.0,RECHARGE,COMPLETED,Recharge,Simulated RECHARGE,False,2026-07-18T16:03:58.718686+00:00,16,0,-1.32,1
2354af326ff24126892ccdeccf4223d4,TXN-728E0F77,91c41a04edd64e4c32a0af71604f336a,1cd31cec7165b0f999e22f35ea0f297b,,3306.97,5.0,SEND_MONEY,COMPLETED,Send Money,Simulated SEND_MONEY,False,2026-09-23T16:08:10.718686+00:00,16,0,0.45,1
a26dae5d2d381b3578002013651dc643,TXN-63F29341,3b07bdc1c386d1c7a5047c4d4a4a0ea7,63d8729ad99d6620a0333cebe2d7207a,,3609.5,5.0,SEND_MONEY,COMPLETED,Send Money,Simulated SEND_MONEY,False,2026-07-18T21:19:46.718686+00:00,21,0,0.62,1
da0a9e6eaeed84261438de3c65fb6b7f,TXN-675D82BB,6ab9575a1b7d1060f24d980c1141bfa8,b7602bda5c16c93cd75c0dbcdd2f6d6c,,1590.04,0.0,MERCHANT_PAY,COMPLETED,Merchant Pay,Simulated MERCHANT_PAY,False,2026-08-20T08:55:09.718686+00:00,8,0,-0.51,1
a3972679bbbc7c1f1ca9eea8b4d65c32,TXN-77CC8664,c85db54ea070ffe0c9c2c638737e31ca,f60a322e38c9343ece39f96df2f9dd6e,,112.36,0.0,RECHARGE,COMPLETED,Recharge,Simulated RECHARGE,False,2026-07-22T04:56:17.718686+00:00,4,1,-1.33,1
cb07d11914e2a9bb5122522e8ae2aeb1,TXN-96D788BA,9ca2c035804c1751d9bb84108e46b24b,3e8f0387819d64fd0b03881045eac7c8,,21.45,0.0,RECHARGE,COMPLETED,Recharge,Simulated RECHARGE,False,2026-08-18T04:11:17.718686+00:00,4,1,-1.38,1
19204bcc879413615361518e1f8e1eb4,TXN-77A0F060,137a8acc36e33a1b4682c358e6592082,aab296b6ecffd40138e9dd787dd7c62f,,4886.08,5.0,SEND_MONEY,COMPLETED,Send Money,Simulated SEND_MONEY,False,2026-07-12T08:57:27.718686+00:00,8,0,1.33,1
8e217681d3452ef6e9c778b24d821ae0,TXN-88DAA3A0,f073b58ca6bf5f68a77b501b3e16b8fa,0dd188fb9dd3735e1ba71bddcf9b5680,,2955.29,5.0,SEND_MONEY,COMPLETED,Send Money,Simulated SEND_MONEY,False,2026-10-02T10:36:30.718686+00:00,10,0,0.25,1
8b41cb8043c49f737934da9aacf79351,TXN-C9B29EE6,cce557b7c5670116283705cc1e96e85a,65934a85ba1c9c2d039acb02a4e9f5a7,cce557b7c5670116283705cc1e96e85a,9942.74,0.0,CASH_IN,COMPLETED,Cash In,Simulated CASH_IN,False,2026-09-01T19:07:37.718686+00:00,19,0,4.13,1
3ec83440fce127f8250dc82c30bc815e,TXN-442ED17D,5702a1644e9aebb91bb00367c4c52710,a87506818a081f5835a17049b1ca9b41,,1043.59,5.0,SEND_MONEY,BLOCKED,Send Money,Simulated SEND_MONEY,True,2026-08-17T07:16:38.718686+00:00,7,0,-0.81,1
9f364178e513a72966fa58ce5c36b4f9,TXN-EB0F7B58,a87506818a081f5835a17049b1ca9b41,dfcc900c6dbec41542ed1b6650d9edf5,,133.64,0.0,RECHARGE,COMPLETED,Recharge,Simulated RECHARGE,False,2026-07-24T04:10:13.718686+00:00,4,1,-1.31,1
68aec214a09eadfd046b09f92d03dce8,TXN-5165250C,7ec15cd222dd1fc98dd0e7cd9751fa9d,ba62a89e273f83051020288c4d221f17,,119.81,0.0,RECHARGE,COMPLETED,Recharge,Simulated RECHARGE,False,2026-08-03T03:07:47.718686+00:00,3,1,-1.32,1
95687a1a178ea27ac4709e4ffc5cd1c6,TXN-315B3F8D,57707b18e970117a25c5297be1006ebb,ab033cdcb66402849ab1b6df20d638bb,,85.88,0.0,RECHARGE,COMPLETED,Recharge,Simulated RECHARGE,False,2026-07-17T18:21:18.718686+00:00,18,0,-1.34,1
8d5e35589a9c7a0995bdf101cb099d1e,TXN-91B5522E,f89e0aa9ae8d55dcb43d0315270b2238,b56e04675e530859a4cde7562b4786e5,,3311.72,0.0,BILL_PAY,COMPLETED,Bill Pay,Simulated BILL_PAY,False,2026-08-05T07:02:56.718686+00:00,7,0,0.45,1
0a11606d5d25c37c2a2385cbfae0b2fc,TXN-F96B69E4,44441b337855f3507cd7f3f529f9ed9b,f1fd93ab956002b687a10b08b5d72967,,1984.25,5.0,SEND_MONEY,COMPLETED,Send Money,Simulated SEND_MONEY,False,2026-07-22T00:29:43.718686+00:00,0,0,-0.29,1
c7cfcb86c92f2800a66812cbe36606ff,TXN-82D32527,85f0ded8f46c29dac6e1885bc1cd8cb0,942a55200af93c74d921d93f2beb656e,,3034.19,0.0,BILL_PAY,COMPLETED,Bill Pay,Simulated BILL_PAY,False,2026-08-05T19:16:21.718686+00:00,19,0,0.3,1
f161c81668c5998c93f84b282dfc5fa7,TXN-0CA0590D,a0a78b533b925cc977153bb8cccf195f,b13eb846b74a47cc34cd153c313fc9b4,a0a78b533b925cc977153bb8cccf195f,14557.38,0.0,CASH_IN,COMPLETED,Cash In,Simulated CASH_IN,False,2026-08-09T22:11:42.718686+00:00,22,0,6.7,1
e78f4b8792eb5a3744e6ea0ac635b15b,TXN-63FD0F6B,76d2086982f4a9e6bed9b3147eed7cbc,44441b337855f3507cd7f3f529f9ed9b,,2032.36,5.0,SEND_MONEY,COMPLETED,Send Money,Simulated SEND_MONEY,False,2026-09-21T19:57:10.718686+00:00,19,0,-0.26,1
9a6a366185383f58ba67b96ddea5e39d,TXN-CA5974E6,cd014c6c636613884125f62c886cd09e,6d9b4fa238dde07f567f7dbd00b23fd7,,1259.91,0.0,MERCHANT_PAY,COMPLETED,Merchant Pay,Simulated MERCHANT_PAY,False,2026-08-16T07:12:12.718686+00:00,7,0,-0.69,1
b25c31f83ab3de1f775dfc87311c3ec4,TXN-E631F8F4,137a8acc36e33a1b4682c358e6592082,0d3fa09ecaba91e19a1f466e6ed0ab3d,,1214.7,5.0,SEND_MONEY,COMPLETED,Send Money,Simulated SEND_MONEY,False,2026-09-18T17:14:49.718686+00:00,17,0,-0.71,1
8f21c8c678664c59f1cd9d608eb974a5,TXN-0C52D395,921012c6b11c284a1771d9b434a6c279,5458c6d9f0729c3bde4bb221abc8b6b5,921012c6b11c284a1771d9b434a6c279,8999.19,0.0,CASH_IN,COMPLETED,Cash In,Simulated CASH_IN,False,2026-08-14T09:03:55.718686+00:00,9,0,3.61,1
58a52f45d4af2d989cd843b061837d85,TXN-5BFB8779,fadf4e0aa4e6db699191d450e3cfca90,65934a85ba1c9c2d039acb02a4e9f5a7,,652.43,0.0,MERCHANT_PAY,COMPLETED,Merchant Pay,Simulated MERCHANT_PAY,False,2026-08-12T09:46:29.718686+00:00,9,0,-1.03,1
0771067726eda150437072c8c014c891,TXN-7068B524,5ea78e239a56f60e7a73667f804942f5,0f2255d256be218b494e0e4b1a7f5e1c,,1294.1,0.0,MERCHANT_PAY,COMPLETED,Merchant Pay,Simulated MERCHANT_PAY,False,2026-09-01T10:36:49.718686+00:00,10,0,-0.67,1
b882d21a1c3954e1a13cb2aa5386301a,TXN-4AF723BC,85f0ded8f46c29dac6e1885bc1cd8cb0,4475a6a8efb7ee576f44e9a1cf97e616,,4522.16,5.0,SEND_MONEY,COMPLETED,Send Money,Simulated SEND_MONEY,False,2026-08-08T17:05:14.718686+00:00,17,0,1.12,1
ae2c1aa9cad7ad2024ac7e0071e6237f,TXN-3101156A,016214150e97fb9ec49141665b32485f,24854d7b3ae8bedc178ece65566f1a29,,32.84,0.0,RECHARGE,COMPLETED,Recharge,Simulated RECHARGE,False,2026-08-10T01:52:57.718686+00:00,1,1,-1.37,1
76ac7d5e5247aaf3ed0cbbdbfe5f1ddc,TXN-6BB123E2,641575d590fb761036ec5b80cdf1203a,24854d7b3ae8bedc178ece65566f1a29,,111.51,0.0,RECHARGE,BLOCKED,Recharge,Simulated RECHARGE,True,2026-08-07T04:36:44.718686+00:00,4,1,-1.33,2
469fb7d4fc3cd2a7547e97c65dce1fd9,TXN-5F735574,56e8207d13bee145b0139e9bb3a77636,9708ab5e440dc80ab8deaa5aa649c2a6,,383.75,0.0,RECHARGE,COMPLETED,Recharge,Simulated RECHARGE,False,2026-08-26T08:21:50.718686+00:00,8,0,-1.18,1
ebe17f4a4c11146b89107cffed1322c1,TXN-DA92B018,b13eb846b74a47cc34cd153c313fc9b4,6d9b4fa238dde07f567f7dbd00b23fd7,,3658.18,5.0,SEND_MONEY,COMPLETED,Send Money,Simulated SEND_MONEY,False,2026-07-25T08:03:48.718686+00:00,8,0,0.64,1
58dfc6d4daa14c82710f601cf9f90ffd,TXN-E3C01091,8cefe33bc85b06476d4145b5395ea644,7646bcb6920612b5e359b12633365514,,241.47,0.0,RECHARGE,COMPLETED,Recharge,Simulated RECHARGE,False,2026-09-14T10:39:25.718686+00:00,10,0,-1.25,1
cbfd34db4cd7932ddd868c85a3c09104,TXN-2B39981B,afcf8f047d02a8cefb9e5053b9802e7a,44441b337855f3507cd7f3f529f9ed9b,,16088.27,5.0,SEND_MONEY,COMPLETED,Send Money,Simulated SEND_MONEY,False,2026-10-03T08:47:54.718686+00:00,8,0,7.55,1
787db3b9d7a3580695c6a54aebe42685,TXN-3CCC8B75,f1d3d9ce7cc465b1935b28bd8972bcdf,ab033cdcb66402849ab1b6df20d638bb,,1681.24,0.0,MERCHANT_PAY,COMPLETED,Merchant Pay,Simulated MERCHANT_PAY,False,2026-08-13T17:56:35.718686+00:00,17,0,-0.45,1
1ff27a222dda96f3db24c130f8b85d62,TXN-9FF9DC88,29cc202556f422d15cf82e1512bff950,e2725c5bff2b6162cf06fb1afa9b4940,,2996.73,5.0,SEND_MONEY,COMPLETED,Send Money,Simulated SEND_MONEY,False,2026-08-26T13:09:51.718686+00:00,13,0,0.28,1
c776e61d38d7c6ee5198f6d9929c47d9,TXN-07ADBB38,63d8729ad99d6620a0333cebe2d7207a,5fde7da627ef89562f5d2e5138fcc716,,2229.61,0.0,BILL_PAY,COMPLETED,Bill Pay,Simulated BILL_PAY,False,2026-08-17T14:16:40.718686+00:00,14,0,-0.15,1
568a42d2744ceb8815946514d69ad158,TXN-DA9236F4,2f12019338fde08f7f9d2612b6f5b02b,687322ba46ad7d1a6dcdcbed6b3c57d9,,552.01,0.0,MERCHANT_PAY,COMPLETED,Merchant Pay,Simulated MERCHANT_PAY,False,2026-08-24T19:54:37.718686+00:00,19,0,-1.08,1
90e2da04ff3f5a91b810af19970ef2ab,TXN-B98482FF,7ec15cd222dd1fc98dd0e7cd9751fa9d,e2725c5bff2b6162cf06fb1afa9b4940,,3423.19,5.0,SEND_MONEY,COMPLETED,Send Money,Simulated SEND_MONEY,False,2026-08-12T20:59:08.718686+00:00,20,0,0.51,1
5639574b9387fafc224296845fca31fd,TXN-133A15CC,2e83ddfe2c55078090a49c56b71a1ae2,920d641d4f1838031412092365b508f9,,4570.02,5.0,SEND_MONEY,COMPLETED,Send Money,Simulated SEND_MONEY,False,2026-07-09T00:23:17.718686+00:00,0,0,1.15,1
a3fc5188d1a7781ae3a63ef7f7f94f60,TXN-CD699BDB,4c78b5ebb63af8ec922f3fa771763324,ba184c813197d29e79ddc76c6d457c16,,984.77,0.0,MERCHANT_PAY,COMPLETED,Merchant Pay,Simulated MERCHANT_PAY,False,2026-09-10T20:08:19.718686+00:00,20,0,-0.84,1
ad1088b5ac9aa9d1e567a589834853a7,TXN-BCF4CF81,fd47a55fd1e7be8b66eb4061f0a37bc1,a0a78b533b925cc977153bb8cccf195f,a0a78b533b925cc977153bb8cccf195f,1468.53,15.0,CASH_OUT,COMPLETED,Cash Out,Simulated CASH_OUT,False,2026-08-24T23:18:29.718686+00:00,23,0,-0.57,1
cc8b259694623b56da4758ffcc2492d7,TXN-AE4B25CE,cce557b7c5670116283705cc1e96e85a,22c8bad4d62b01cf4e1270d7be143d90,cce557b7c5670116283705cc1e96e85a,5336.6,0.0,CASH_IN,COMPLETED,Cash In,Simulated CASH_IN,False,2026-07-31T22:19:17.718686+00:00,22,0,1.58,1
2163c76103fb67a98b6d340d55ce5333,TXN-062EFB7C,137a8acc36e33a1b4682c358e6592082,5702a1644e9aebb91bb00367c4c52710,,240.3,0.0,RECHARGE,COMPLETED,Recharge,Simulated RECHARGE,False,2026-07-31T11:53:07.718686+00:00,11,0,-1.26,1
763969c451d97b73020ba569302bcc8a,TXN-462E5633,29cc202556f422d15cf82e1512bff950,94c1c7dc8088ba9666392ead9b770797,,272.41,0.0,RECHARGE,COMPLETED,Recharge,Simulated RECHARGE,False,2026-08-26T15:36:45.718686+00:00,15,0,-1.24,1
15c7098876c1202c255eba635f46ad46,TXN-B24CB704,df17af4790a0efbcb2dd7af3dc7310ac,0dd188fb9dd3735e1ba71bddcf9b5680,,185.4,0.0,RECHARGE,COMPLETED,Recharge,Simulated RECHARGE,False,2026-07-17T04:04:24.718686+00:00,4,1,-1.29,2
458decab6ab7ded42f8fb0a3246ce1e7,TXN-CEAF3C7F,fe650fe8f7f1b92ef09c9e9930e4af3f,a789b4fc165147cd64a864ea50e2f99b,,4514.83,5.0,SEND_MONEY,COMPLETED,Send Money,Simulated SEND_MONEY,False,2026-07-28T08:42:08.718686+00:00,8,0,1.12,1
e496d73388b53f41b074e3cbc89036b5,TXN-23FDB134,22c8bad4d62b01cf4e1270d7be143d90,921012c6b11c284a1771d9b434a6c279,921012c6b11c284a1771d9b434a6c279,8116.04,15.0,CASH_OUT,COMPLETED,Cash Out,Simulated CASH_OUT,False,2026-10-03T14:17:36.718686+00:00,14,0,3.12,1
952e75b6ca2ee653c65278141ee74ac9,TXN-E57481CC,a9d8772b2a6882090ec5f80427432dbd,7e25924565710a7c41b0ba3c9f3bfbe9,,157.13,0.0,RECHARGE,COMPLETED,Recharge,Simulated RECHARGE,False,2026-10-03T01:30:03.718686+00:00,1,1,-1.3,1
75d5cfb0cd747e237f2d416a6ee1b01e,TXN-661130EE,f63764957f52e118034140e73b764fd8,dfcc900c6dbec41542ed1b6650d9edf5,,706.64,0.0,MERCHANT_PAY,COMPLETED,Merchant Pay,Simulated MERCHANT_PAY,False,2026-08-16T08:31:19.718686+00:00,8,0,-1.0,1
961c9d4dca9aceb4bf5dc58a99b94928,TXN-C16F36D2,67108e809ac0c87e3f3f926a9e8a9569,016214150e97fb9ec49141665b32485f,,16125.05,5.0,SEND_MONEY,BLOCKED,Send Money,Simulated SEND_MONEY,True,2026-10-02T10:24:29.718686+00:00,10,0,7.57,1
155ee0b47c53659d3d20758e172c6e19,TXN-799879C1,e11d3919fbbacb05b53b3da8bde233d6,b7602bda5c16c93cd75c0dbcdd2f6d6c,,263.77,0.0,MERCHANT_PAY,COMPLETED,Merchant Pay,Simulated MERCHANT_PAY,False,2026-08-16T10:29:36.718686+00:00,10,0,-1.24,1
36defaddba8a0a1e81f00976cc70f519,TXN-450433E8,9e7e17b731d68635812244997dbab941,7ec15cd222dd1fc98dd0e7cd9751fa9d,,23.25,0.0,RECHARGE,COMPLETED,Recharge,Simulated RECHARGE,False,2026-09-04T03:45:14.718686+00:00,3,1,-1.38,2
b5ab56435551bad578d58e22cc2e0453,TXN-00347F09,5ea78e239a56f60e7a73667f804942f5,4c64ccf00086f53c7786ee74543a024a,,335.87,0.0,BILL_PAY,COMPLETED,Bill Pay,Simulated BILL_PAY,False,2026-07-26T20:24:56.718686+00:00,20,0,-1.2,1
9a38532afe30fb814661dc51e31ae0bc,TXN-F7B8637A,65fc47ce4974867b6829d72772afdcf1,914ea800aac501972796ea5d55d04ec0,,3529.2,5.0,SEND_MONEY,COMPLETED,Send Money,Simulated SEND_MONEY,False,2026-07-10T12:58:16.718686+00:00,12,0,0.57,1
a1dca1f956518c68208f9c8cee2ebb9c,TXN-242DEFD5,137a8acc36e33a1b4682c358e6592082,3a288796c66b6cb72b3c765d5f0440db,,3896.19,5.0,SEND_MONEY,COMPLETED,Send Money,Simulated SEND_MONEY,False,2026-07-12T15:22:14.718686+00:00,15,0,0.78,1
1069f7c84f445f50f3436e3fee620e16,TXN-A8B1C91C,ab033cdcb66402849ab1b6df20d638bb,3b07bdc1c386d1c7a5047c4d4a4a0ea7,,2474.3,0.0,MERCHANT_PAY,COMPLETED,Merchant Pay,Simulated MERCHANT_PAY,False,2026-07-16T18:10:29.718686+00:00,18,0,-0.01,1
9d865f62f04127b9a437bcf107557ccb,TXN-B60D1376,d6b3bdced8ec51ba8bfd3d4c8c1cf865,2f12019338fde08f7f9d2612b6f5b02b,,41.13,0.0,RECHARGE,COMPLETED,Recharge,Simulated RECHARGE,False,2026-07-17T23:42:11.718686+00:00,23,0,-1.37,1
d22c06cfe1a0b7739c013802a412262e,TXN-7C93082A,67108e809ac0c87e3f3f926a9e8a9569,ec6e284035e6331bdc37fe8d94a47b09,,3289.85,0.0,BILL_PAY,COMPLETED,Bill Pay,Simulated BILL_PAY,False,2026-09-24T00:29:31.718686+00:00,0,0,0.44,1
bf2e7f56ad856bea82554ac6b8e51a8b,TXN-0B9FC5DB,7646bcb6920612b5e359b12633365514,56e8207d13bee145b0139e9bb3a77636,,92.39,0.0,RECHARGE,COMPLETED,Recharge,Simulated RECHARGE,False,2026-08-20T05:21:51.718686+00:00,5,1,-1.34,2
b7bc0178b587b55c362c9052911f976b,TXN-8AB8B30A,aab296b6ecffd40138e9dd787dd7c62f,6a060089e6f56f9afb27d9b83a2b7c9f,,86.42,0.0,RECHARGE,COMPLETED,Recharge,Simulated RECHARGE,False,2026-09-28T03:43:44.718686+00:00,3,1,-1.34,2
c35f8f58804cd124ea48f79768e9246e,TXN-7BAB1A8E,29cc202556f422d15cf82e1512bff950,ba184c813197d29e79ddc76c6d457c16,,462.67,0.0,RECHARGE,COMPLETED,Recharge,Simulated RECHARGE,False,2026-07-19T13:06:45.718686+00:00,13,0,-1.13,1
b871eb1c68197d698a796a03895373ec,TXN-6D467C5E,5d4470618fa83366c874eea88d34d4d1,f073b58ca6bf5f68a77b501b3e16b8fa,,2469.28,0.0,BILL_PAY,COMPLETED,Bill Pay,Simulated BILL_PAY,False,2026-08-16T16:33:36.718686+00:00,16,0,-0.02,1
c4842e020ba463aa9eff50a31a5ad61f,TXN-18B7FB78,ba3acf686a1a0d53a2f66a6207dcd795,5aeb81f0b34f243855d547a027205162,,32.15,0.0,RECHARGE,COMPLETED,Recharge,Simulated RECHARGE,False,2026-10-02T05:10:03.718686+00:00,5,1,-1.37,2
569f0f1ae312c7a5d5efa1b81c5cc578,TXN-7AFAB3A0,a9d8772b2a6882090ec5f80427432dbd,f5abc8efbbbec1c7c7a75fac1fbeb42a,f5abc8efbbbec1c7c7a75fac1fbeb42a,2244.54,15.0,CASH_OUT,COMPLETED,Cash Out,Simulated CASH_OUT,False,2026-08-04T11:55:11.718686+00:00,11,0,-0.14,1
0e77fb517fc61f6040e1990ea0f497df,TXN-CC3CFD86,85f0ded8f46c29dac6e1885bc1cd8cb0,137a8acc36e33a1b4682c358e6592082,,1966.44,5.0,SEND_MONEY,COMPLETED,Send Money,Simulated SEND_MONEY,False,2026-09-22T20:28:52.718686+00:00,20,0,-0.3,1
ac37190d9155cf77c3844d3dc6d108fe,TXN-98605DC8,687322ba46ad7d1a6dcdcbed6b3c57d9,5d4470618fa83366c874eea88d34d4d1,,3326.8,0.0,BILL_PAY,COMPLETED,Bill Pay,Simulated BILL_PAY,False,2026-07-10T02:15:30.718686+00:00,2,1,0.46,2
865ba57b20c2e7e298241de609d20154,TXN-75BB4563,b9376a572eeedc5c8dfd978d9d452846,91c41a04edd64e4c32a0af71604f336a,,219.15,0.0,RECHARGE,COMPLETED,Recharge,Simulated RECHARGE,False,2026-07-11T12:33:18.718686+00:00,12,0,-1.27,1
1052bd21371c71dccd228fa436e8fd9f,TXN-B63F8F58,3a288796c66b6cb72b3c765d5f0440db,61874613550dc5121fdaaac0737a643d,,29.73,0.0,RECHARGE,COMPLETED,Recharge,Simulated RECHARGE,False,2026-08-18T02:24:39.718686+00:00,2,1,-1.37,2
818841329cce6c10228a30d915326235,TXN-E38DB136,3b07bdc1c386d1c7a5047c4d4a4a0ea7,887489e7c99502841ba83eec893afe1d,,2534.47,5.0,SEND_MONEY,COMPLETED,Send Money,Simulated SEND_MONEY,False,2026-09-23T17:48:39.718686+00:00,17,0,0.02,1
2b74b117a05bf1e1ee9c975993a2fe31,TXN-F794E9D1,f6b5bf942ce96cc22eedc473be850090,d0b4cd2df32ef122a0c71b82035e6dc3,,3024.26,5.0,SEND_MONEY,COMPLETED,Send Money,Simulated SEND_MONEY,False,2026-07-31T22:09:44.718686+00:00,22,0,0.29,1
7175f01e4a55b426fb668d6ba19446a9,TXN-A49C0470,7ec15cd222dd1fc98dd0e7cd9751fa9d,56d3630d48a7c5213076e6c42c8e9cc3,56d3630d48a7c5213076e6c42c8e9cc3,8184.02,15.0,CASH_OUT,COMPLETED,Cash Out,Simulated CASH_OUT,False,2026-09-03T04:55:51.718686+00:00,4,1,3.16,2
6cae7cc95eb192940baf950f95a49ad4,TXN-78367620,a87506818a081f5835a17049b1ca9b41,67108e809ac0c87e3f3f926a9e8a9569,,2382.43,0.0,MERCHANT_PAY,COMPLETED,Merchant Pay,Simulated MERCHANT_PAY,False,2026-07-31T03:29:20.718686+00:00,3,1,-0.07,2
7a4a525811a383d39b06c6d44724a6a5,TXN-E1D62D6E,8d188907e63291714835adb689e38229,b780a4cf9f6267374ca9ca7c3042586f,,384.96,0.0,RECHARGE,COMPLETED,Recharge,Simulated RECHARGE,False,2026-09-08T15:46:41.718686+00:00,15,0,-1.18,1
debb635b28d890e813b2fc76c9c74fec,TXN-7B9AEAE1,d491f477c542d1707119e8c77ba730c8,5458c6d9f0729c3bde4bb221abc8b6b5,,47.5,0.0,RECHARGE,COMPLETED,Recharge,Simulated RECHARGE,False,2026-07-16T04:31:18.718686+00:00,4,1,-1.36,2
7cba328b2346f2e12878b75698c7d2a4,TXN-727238EF,5d4470618fa83366c874eea88d34d4d1,9708ab5e440dc80ab8deaa5aa649c2a6,,530.21,0.0,BILL_PAY,COMPLETED,Bill Pay,Simulated BILL_PAY,False,2026-08-23T14:03:28.718686+00:00,14,0,-1.09,1
77af94ecebceec04e9e11977e3b5cf8c,TXN-9F444BBF,09f548833bd96f4cda1bac60ea3bdfe9,d529ec7c7730634f441257c91dad22c0,,199.64,0.0,RECHARGE,COMPLETED,Recharge,Simulated RECHARGE,False,2026-07-05T18:03:29.718686+00:00,18,0,-1.28,1
d38f23bfe215154c08c7f571f843fb31,TXN-0C93C2AC,035c936add07d70d3d44b37710f68d9b,6fa7dee9d506c590d0adc559242b754b,,1638.52,0.0,MERCHANT_PAY,COMPLETED,Merchant Pay,Simulated MERCHANT_PAY,False,2026-08-22T07:34:23.718686+00:00,7,0,-0.48,1
12f2afd02f285122f1d1829a58bd59b7,TXN-366ADC83,f89e0aa9ae8d55dcb43d0315270b2238,0e65de46311e9c847c499c11aa845484,0e65de46311e9c847c499c11aa845484,1717.72,15.0,CASH_OUT,COMPLETED,Cash Out,Simulated CASH_OUT,False,2026-07-21T07:36:06.718686+00:00,7,0,-0.43,1
f4a0a6af4f6738af81fb210c6522fc57,TXN-4CF5A0B7,3a288796c66b6cb72b3c765d5f0440db,b7602bda5c16c93cd75c0dbcdd2f6d6c,,3264.86,0.0,BILL_PAY,COMPLETED,Bill Pay,Simulated BILL_PAY,False,2026-10-02T06:59:45.718686+00:00,6,0,0.42,1
5c6a0078460de1d5b6b416a37be7bc30,TXN-54783149,9ca2c035804c1751d9bb84108e46b24b,92d9cb140eda53d5046b82d656354805,,33.56,0.0,RECHARGE,COMPLETED,Recharge,Simulated RECHARGE,False,2026-08-21T16:33:47.718686+00:00,16,0,-1.37,1
5a47b1d5c62b47846897a377604ead01,TXN-31734F3F,10331bea5f8789681791495ed9517fe2,56e8207d13bee145b0139e9bb3a77636,,124.1,0.0,RECHARGE,COMPLETED,Recharge,Simulated RECHARGE,False,2026-07-24T02:50:57.718686+00:00,2,1,-1.32,1
a6fa79d0ead2f0930f645859bce815b2,TXN-F7A3CBE3,db05a31aa77a8230c08e634a3795fe26,774b058b32fa45e881e3520560698426,,487.59,0.0,RECHARGE,COMPLETED,Recharge,Simulated RECHARGE,False,2026-08-24T08:04:09.718686+00:00,8,0,-1.12,1
e6dd4ebfc89d3bcafc25e99ab1e7934a,TXN-FF034145,81253f4aa18bb992bcd0e6e9b1fa0507,0f2255d256be218b494e0e4b1a7f5e1c,,1615.76,5.0,SEND_MONEY,COMPLETED,Send Money,Simulated SEND_MONEY,False,2026-07-27T09:07:57.718686+00:00,9,0,-0.49,1
6a55ec1513521be378aff18f2267322c,TXN-8328530C,df17af4790a0efbcb2dd7af3dc7310ac,7bfa12e52337128e6a95dc4ae4de2ee1,,2785.41,0.0,BILL_PAY,COMPLETED,Bill Pay,Simulated BILL_PAY,False,2026-07-16T21:34:09.718686+00:00,21,0,0.16,1
849ceedf42dbcd6c61c68bf10bcd4075,TXN-FBED1666,94c1c7dc8088ba9666392ead9b770797,48788294ece10d689d0579adc948163a,,50.31,0.0,RECHARGE,COMPLETED,Recharge,Simulated RECHARGE,False,2026-08-25T04:48:30.718686+00:00,4,1,-1.36,1
fbd85f10f4b34457d9fb24dced9f00e5,TXN-DDE1AFD0,ba184c813197d29e79ddc76c6d457c16,7ec15cd222dd1fc98dd0e7cd9751fa9d,,2645.74,0.0,BILL_PAY,COMPLETED,Bill Pay,Simulated BILL_PAY,False,2026-09-11T08:46:03.718686+00:00,8,0,0.08,1
4c9690421d17baedfc0247213dacf8e4,TXN-421E0A24,0d3fa09ecaba91e19a1f466e6ed0ab3d,29cc202556f422d15cf82e1512bff950,,4750.14,5.0,SEND_MONEY,COMPLETED,Send Money,Simulated SEND_MONEY,False,2026-07-31T11:18:09.718686+00:00,11,0,1.25,1
5c699205830f8a546df65c0d768235d7,TXN-FDBB1D11,6fa7dee9d506c590d0adc559242b754b,163b7bf9da2842a111d4d8c94377f29f,,112.1,0.0,RECHARGE,COMPLETED,Recharge,Simulated RECHARGE,False,2026-07-13T00:14:37.718686+00:00,0,0,-1.33,1
96f53d54538768b04c344963f9f06bc0,TXN-7679D94C,a9d8772b2a6882090ec5f80427432dbd,a9471c06d90eef52295526c0ef9c12bf,,565.68,5.0,SEND_MONEY,COMPLETED,Send Money,Simulated SEND_MONEY,False,2026-09-24T23:38:21.718686+00:00,23,0,-1.07,1
5203e7ffad671c7c184a5a075907e3d7,TXN-8CFAF8E9,a2e926c1267324ec26163a35e075df06,5702a1644e9aebb91bb00367c4c52710,,24.56,0.0,RECHARGE,COMPLETED,Recharge,Simulated RECHARGE,False,2026-08-05T10:59:25.718686+00:00,10,0,-1.38,1
521639333f271aaf9a7ddcc23761b3dc,TXN-68D398BF,955ec133542f6e80c30f4952fee80d33,65fc47ce4974867b6829d72772afdcf1,,3990.16,5.0,SEND_MONEY,COMPLETED,Send Money,Simulated SEND_MONEY,False,2026-07-10T21:07:00.718686+00:00,21,0,0.83,1
5334dd4b6fbdc0f3de1c1a8939ee9f9a,TXN-D21BB10B,93ed20f7af298133b5d5c110715e43f5,7646bcb6920612b5e359b12633365514,,1376.96,0.0,BILL_PAY,COMPLETED,Bill Pay,Simulated BILL_PAY,False,2026-09-06T10:49:14.718686+00:00,10,0,-0.62,1
1d5055e2ac48122434b3570a0893eca1,TXN-BC29C872,c85db54ea070ffe0c9c2c638737e31ca,687322ba46ad7d1a6dcdcbed6b3c57d9,,237.38,0.0,MERCHANT_PAY,COMPLETED,Merchant Pay,Simulated MERCHANT_PAY,False,2026-09-29T08:05:55.718686+00:00,8,0,-1.26,1
84f69903cff9c342b4172b084ae4136c,TXN-0A8B3630,9f29423a96953422c38499fabad1f7e2,d1e7a9987d0f9ba4aae3ede8a912f4e5,9f29423a96953422c38499fabad1f7e2,2944.08,0.0,CASH_IN,COMPLETED,Cash In,Simulated CASH_IN,False,2026-10-03T08:13:12.718686+00:00,8,0,0.25,1
4df5968897316afb967098ae3c36bad7,TXN-A5558838,d6b3bdced8ec51ba8bfd3d4c8c1cf865,a4363f535992847636e40ad27ccc907f,,3083.53,0.0,BILL_PAY,COMPLETED,Bill Pay,Simulated BILL_PAY,False,2026-08-06T07:00:17.718686+00:00,7,0,0.32,1
bc05aa3197c12bb82721d84df11139ef,TXN-B6634CDE,dfcc900c6dbec41542ed1b6650d9edf5,de5424d71169e0b98a120957644e7040,,84.84,0.0,RECHARGE,COMPLETED,Recharge,Simulated RECHARGE,False,2026-09-25T05:19:16.718686+00:00,5,1,-1.34,2
008218f0704a62e55aa1502c3b8f5ff9,TXN-663072A8,6d9b4fa238dde07f567f7dbd00b23fd7,9e7e17b731d68635812244997dbab941,,4704.56,5.0,SEND_MONEY,COMPLETED,Send Money,Simulated SEND_MONEY,False,2026-09-21T20:33:12.718686+00:00,20,0,1.22,1
cff8c16426c33f54e7feb4c6336fa4bb,TXN-CCE68C63,885e891c4171db3ca38bbb35f664c8fc,e2725c5bff2b6162cf06fb1afa9b4940,885e891c4171db3ca38bbb35f664c8fc,13267.28,0.0,CASH_IN,COMPLETED,Cash In,Simulated CASH_IN,False,2026-07-29T22:48:11.718686+00:00,22,0,5.98,1
92cb5c1aae20f1cea2c333e2d5429397,TXN-50E6595E,0fc954a8903d8d3906c6f655090a2772,b1a66b3f63e51e2a843b9028fcb6ded2,b1a66b3f63e51e2a843b9028fcb6ded2,4001.02,15.0,CASH_OUT,COMPLETED,Cash Out,Simulated CASH_OUT,False,2026-09-30T13:34:12.718686+00:00,13,0,0.83,1
8e83cefab45f7e151203c502a9a2234a,TXN-8D1AAF4F,f89e0aa9ae8d55dcb43d0315270b2238,afcf8f047d02a8cefb9e5053b9802e7a,,586.18,0.0,BILL_PAY,COMPLETED,Bill Pay,Simulated BILL_PAY,False,2026-08-01T23:47:45.718686+00:00,23,0,-1.06,1
e3379e5d7251bb80f31757b3cd166781,TXN-F525A7D7,6d9b4fa238dde07f567f7dbd00b23fd7,a9d8772b2a6882090ec5f80427432dbd,,66.37,0.0,RECHARGE,COMPLETED,Recharge,Simulated RECHARGE,False,2026-08-24T03:47:54.718686+00:00,3,1,-1.35,1
7e67993afcce2c1eb19fe9ae79977811,TXN-8700D2E1,2fe489dc20c1708cfa581d796a164a05,b56e04675e530859a4cde7562b4786e5,,1235.46,5.0,SEND_MONEY,COMPLETED,Send Money,Simulated SEND_MONEY,False,2026-09-05T20:53:01.718686+00:00,20,0,-0.7,1
5e79ba5fbf3da1cbd222ca09cbb930eb,TXN-73FB29BE,f89e0aa9ae8d55dcb43d0315270b2238,d604f2ebd984a759fc53f682396031cd,,2098.08,0.0,BILL_PAY,COMPLETED,Bill Pay,Simulated BILL_PAY,False,2026-08-23T17:23:57.718686+00:00,17,0,-0.22,1
8affe27c1ce57e091ffa97231ff77c5f,TXN-CEACB4CF,f24ec36fe902d9fc366bf6c5c42558c0,f611ce5213887ad5e4699085f1c73845,,3741.82,5.0,SEND_MONEY,COMPLETED,Send Money,Simulated SEND_MONEY,False,2026-07-16T21:38:46.718686+00:00,21,0,0.69,1
3f8d85cb99a54aca19bfec90d81a94ee,TXN-9FA113BC,52431bf282c88707e62fd18b75abcf77,cf34c4e00ac75bb140c3d733b7d0acdf,,305.37,0.0,BILL_PAY,COMPLETED,Bill Pay,Simulated BILL_PAY,False,2026-08-15T07:25:59.718686+00:00,7,0,-1.22,1
ef4ce867a2aabffeca8dcd5e41e5bdff,TXN-F7D50579,6574d17462a87d1730068b859da056f2,65fc47ce4974867b6829d72772afdcf1,,468.28,0.0,RECHARGE,COMPLETED,Recharge,Simulated RECHARGE,False,2026-08-29T05:13:43.718686+00:00,5,1,-1.13,1
31f35bf1509c33bbcf76b2b0b209a086,TXN-67F3CB2E,ec39bb7cabcf592c12d346c409defd7e,1cd31cec7165b0f999e22f35ea0f297b,,15883.82,5.0,SEND_MONEY,COMPLETED,Send Money,Simulated SEND_MONEY,False,2026-09-02T05:05:36.718686+00:00,5,1,7.44,1
5523d7a62e7aea4c0c4feba6a8bbbce1,TXN-4F9C850B,a9d8772b2a6882090ec5f80427432dbd,a9471c06d90eef52295526c0ef9c12bf,,1288.45,0.0,BILL_PAY,COMPLETED,Bill Pay,Simulated BILL_PAY,False,2026-09-28T18:50:28.718686+00:00,18,0,-0.67,1
0aaca0e865a0d8ee48161c99e8af882d,TXN-4ADED113,955ec133542f6e80c30f4952fee80d33,52431bf282c88707e62fd18b75abcf77,,1789.94,0.0,MERCHANT_PAY,COMPLETED,Merchant Pay,Simulated MERCHANT_PAY,False,2026-09-05T16:34:03.718686+00:00,16,0,-0.39,1
747a1d5b3833ed1b3a32fbd1460db810,TXN-ECB9FB5E,7ec15cd222dd1fc98dd0e7cd9751fa9d,74a9e2d1020eb53493a1eb482d915981,,175.78,0.0,RECHARGE,COMPLETED,Recharge,Simulated RECHARGE,False,2026-08-01T01:47:07.718686+00:00,1,1,-1.29,2
9b5e2c02ec3065ec251a7f981bfd9c69,TXN-B5356979,6d9b4fa238dde07f567f7dbd00b23fd7,8dec199f53c51c5628944251dda68691,,909.78,0.0,MERCHANT_PAY,COMPLETED,Merchant Pay,Simulated MERCHANT_PAY,False,2026-07-25T18:22:33.718686+00:00,18,0,-0.88,1
733d2c37547fa5e7795635643de118fe,TXN-F6FA77E6,e11d3919fbbacb05b53b3da8bde233d6,5fde7da627ef89562f5d2e5138fcc716,,186.15,0.0,RECHARGE,COMPLETED,Recharge,Simulated RECHARGE,False,2026-09-11T03:53:45.718686+00:00,3,1,-1.29,1
c08d2b772ad05d223056654e639f8202,TXN-E8C12D5D,a789b4fc165147cd64a864ea50e2f99b,10331bea5f8789681791495ed9517fe2,,360.6,0.0,RECHARGE,COMPLETED,Recharge,Simulated RECHARGE,False,2026-09-17T19:33:41.718686+00:00,19,0,-1.19,1
12270c825bb5e6227cb513aeef760e2b,TXN-B2790B68,ba62a89e273f83051020288c4d221f17,4c78b5ebb63af8ec922f3fa771763324,,164.78,0.0,RECHARGE,COMPLETED,Recharge,Simulated RECHARGE,False,2026-09-05T04:11:19.718686+00:00,4,1,-1.3,2
982729016688636cc49639298750caeb,TXN-AEE13CAC,ba184c813197d29e79ddc76c6d457c16,3e8f0387819d64fd0b03881045eac7c8,,2458.48,0.0,MERCHANT_PAY,COMPLETED,Merchant Pay,Simulated MERCHANT_PAY,False,2026-09-29T22:57:53.718686+00:00,22,0,-0.02,1
39781614744f9ac44616ce4a840557b4,TXN-CE64A6EA,ab033cdcb66402849ab1b6df20d638bb,f89e0aa9ae8d55dcb43d0315270b2238,,2649.86,5.0,SEND_MONEY,COMPLETED,Send Money,Simulated SEND_MONEY,False,2026-07-27T19:30:04.718686+00:00,19,0,0.08,1
432876e11a72dd859bee8ef2186bbde4,TXN-AF519621,94c1c7dc8088ba9666392ead9b770797,5c65507c2e3b7c0043daa0a1ffae75d3,,63.35,0.0,RECHARGE,COMPLETED,Recharge,Simulated RECHARGE,False,2026-08-26T02:30:39.718686+00:00,2,1,-1.35,1
ea361692bfd3d1a2c9e280c225995f26,TXN-DA0665E8,0f2255d256be218b494e0e4b1a7f5e1c,a9471c06d90eef52295526c0ef9c12bf,,16243.65,5.0,SEND_MONEY,COMPLETED,Send Money,Simulated SEND_MONEY,False,2026-10-02T17:34:00.718686+00:00,17,0,7.64,1
a61ca393caa9ecc3039da58856d6b38a,TXN-59A7D67C,76d2086982f4a9e6bed9b3147eed7cbc,65fb813c4a8070e7d6f1e3c595c14972,65fb813c4a8070e7d6f1e3c595c14972,11359.84,15.0,CASH_OUT,COMPLETED,Cash Out,Simulated CASH_OUT,False,2026-07-06T21:57:35.718686+00:00,21,0,4.92,1
a83fd6e23220a61762d27d30305d869d,TXN-CD0C90AA,2e83ddfe2c55078090a49c56b71a1ae2,8d188907e63291714835adb689e38229,,126.72,0.0,RECHARGE,COMPLETED,Recharge,Simulated RECHARGE,False,2026-09-05T03:33:24.718686+00:00,3,1,-1.32,2
5e7a5b3b8deb8bd0f6a808ca7fc97729,TXN-BA89460B,cf34c4e00ac75bb140c3d733b7d0acdf,6ab9575a1b7d1060f24d980c1141bfa8,,433.86,0.0,RECHARGE,COMPLETED,Recharge,Simulated RECHARGE,False,2026-08-15T19:54:09.718686+00:00,19,0,-1.15,1
28f5662c417fc96cf73256771bbcb110,TXN-F5F37BB8,d1e7a9987d0f9ba4aae3ede8a912f4e5,94c1c7dc8088ba9666392ead9b770797,,396.07,0.0,RECHARGE,COMPLETED,Recharge,Simulated RECHARGE,False,2026-08-25T13:50:10.718686+00:00,13,0,-1.17,1
46a055d198baa2b818dc198ae1d872a8,TXN-3521CF82,3db00c6efa2ff90560fd5e189b42a097,995a897619c18fbb346657bdfc41c6f7,,3801.99,5.0,SEND_MONEY,COMPLETED,Send Money,Simulated SEND_MONEY,False,2026-09-12T17:19:06.718686+00:00,17,0,0.72,1
fa7b4e507648ec898043edb8116606c5,TXN-007E17E8,2fe489dc20c1708cfa581d796a164a05,f6b5bf942ce96cc22eedc473be850090,,339.84,5.0,SEND_MONEY,COMPLETED,Send Money,Simulated SEND_MONEY,False,2026-07-06T13:47:15.718686+00:00,13,0,-1.2,1
f71f490d3674ed3de2eb5d8801fec9a9,TXN-17BB5C19,b59d7cf42c5bfc03b00fa5ae8417f581,c3b37cdf478b5f1365d70e59a9bc7db5,c3b37cdf478b5f1365d70e59a9bc7db5,11579.93,15.0,CASH_OUT,COMPLETED,Cash Out,Simulated CASH_OUT,False,2026-08-06T18:51:55.718686+00:00,18,0,5.04,1
f95a6751cb4cbe6ae02f40a48a6b6a61,TXN-CB5620F7,d9df0dce0fdbee946099d135178b0651,641575d590fb761036ec5b80cdf1203a,,13569.05,5.0,SEND_MONEY,COMPLETED,Send Money,Simulated SEND_MONEY,False,2026-07-06T02:37:57.718686+00:00,2,1,6.15,2
efc4616e568219e79ec881fd8ef1a105,TXN-24068725,9e7e17b731d68635812244997dbab941,dfcc900c6dbec41542ed1b6650d9edf5,,603.61,0.0,MERCHANT_PAY,COMPLETED,Merchant Pay,Simulated MERCHANT_PAY,False,2026-08-20T15:39:39.718686+00:00,15,0,-1.05,1
9b68b0204d87a14e3a443902fc66b839,TXN-F337C405,c85db54ea070ffe0c9c2c638737e31ca,2560a9c45b7f736ff2833acf0ba23b3e,,991.33,0.0,BILL_PAY,COMPLETED,Bill Pay,Simulated BILL_PAY,False,2026-08-13T01:25:35.718686+00:00,1,1,-0.84,1
490ce5fe6ca9f9ebcd4c8000887e89a1,TXN-3CF5853F,10331bea5f8789681791495ed9517fe2,4c576c0ae86216b6f6e0065855ef4b55,,136.96,0.0,RECHARGE,COMPLETED,Recharge,Simulated RECHARGE,False,2026-09-14T02:52:26.718686+00:00,2,1,-1.31,2
a6c5449e3e383eac236c2c82f7684198,TXN-03C4B37C,a2e926c1267324ec26163a35e075df06,3b07bdc1c386d1c7a5047c4d4a4a0ea7,,269.34,0.0,MERCHANT_PAY,COMPLETED,Merchant Pay,Simulated MERCHANT_PAY,False,2026-08-28T22:48:22.718686+00:00,22,0,-1.24,1
bbb38d7fca40f350889e89730a73e9ed,TXN-72C2AEB2,4c64ccf00086f53c7786ee74543a024a,7646bcb6920612b5e359b12633365514,,1643.0,0.0,BILL_PAY,COMPLETED,Bill Pay,Simulated BILL_PAY,False,2026-09-26T12:12:40.718686+00:00,12,0,-0.48,1
1d7e6da2c6644ca66e3eb14229fd6ab5,TXN-BA6EF96F,81253f4aa18bb992bcd0e6e9b1fa0507,57707b18e970117a25c5297be1006ebb,,1460.11,5.0,SEND_MONEY,COMPLETED,Send Money,Simulated SEND_MONEY,False,2026-07-09T15:34:03.718686+00:00,15,0,-0.58,1
4ae8d431051c853a8499d006115847b4,TXN-483993EA,5ea78e239a56f60e7a73667f804942f5,9ca2c035804c1751d9bb84108e46b24b,,4559.84,5.0,SEND_MONEY,COMPLETED,Send Money,Simulated SEND_MONEY,False,2026-08-17T16:53:56.718686+00:00,16,0,1.14,1
532e3a0d9b42521dbaec2608c8a6368d,TXN-D7D4F413,914ea800aac501972796ea5d55d04ec0,c3b37cdf478b5f1365d70e59a9bc7db5,c3b37cdf478b5f1365d70e59a9bc7db5,9922.22,15.0,CASH_OUT,COMPLETED,Cash Out,Simulated CASH_OUT,False,2026-07-06T21:09:25.718686+00:00,21,0,4.12,1
3e40b389d8e1f17614e30ac092e1ee3b,TXN-449700C3,63d8729ad99d6620a0333cebe2d7207a,920d641d4f1838031412092365b508f9,,1842.17,5.0,SEND_MONEY,COMPLETED,Send Money,Simulated SEND_MONEY,False,2026-09-19T11:25:02.718686+00:00,11,0,-0.37,1
0cbdc2aca517cf2aeefc2b65e6140fce,TXN-7B872BF3,995a897619c18fbb346657bdfc41c6f7,df17af4790a0efbcb2dd7af3dc7310ac,,3796.58,5.0,SEND_MONEY,COMPLETED,Send Money,Simulated SEND_MONEY,False,2026-07-11T23:48:27.718686+00:00,23,0,0.72,1
20f77337e1d1e406a13d5ca517fa4017,TXN-CB39A42C,8275aee7949dab0b3757c0d16495741a,6574d17462a87d1730068b859da056f2,,3018.82,0.0,BILL_PAY,COMPLETED,Bill Pay,Simulated BILL_PAY,False,2026-09-12T13:40:35.718686+00:00,13,0,0.29,1
50ffe7372296b2203ebd4223679ac99d,TXN-CC3010B5,a2e926c1267324ec26163a35e075df06,887489e7c99502841ba83eec893afe1d,,1987.18,5.0,SEND_MONEY,COMPLETED,Send Money,Simulated SEND_MONEY,False,2026-07-25T17:31:55.718686+00:00,17,0,-0.28,1
e7219c651b7d1f6cc42eef8ea7b8828f,TXN-4E0C3C5B,a789b4fc165147cd64a864ea50e2f99b,995a897619c18fbb346657bdfc41c6f7,,95.28,0.0,RECHARGE,COMPLETED,Recharge,Simulated RECHARGE,False,2026-08-22T02:39:38.718686+00:00,2,1,-1.34,2
a3603a535c8414d846fea89141fc68c0,TXN-E318C8BF,c72d75458cab25be0e2c630a41129bf2,00bf0432ba6bf892a4b11dc619ce7ad3,,97.0,0.0,RECHARGE,COMPLETED,Recharge,Simulated RECHARGE,False,2026-09-08T04:02:01.718686+00:00,4,1,-1.33,1
57ad2d973ce1481c4c168a6a6ab0f842,TXN-8FF9C18C,fc9c1388504a06a82f25be52c4a6f5a5,28bad9c9332ec0e5025efc44e6a7a54f,,545.42,0.0,BILL_PAY,COMPLETED,Bill Pay,Simulated BILL_PAY,False,2026-08-14T20:52:21.718686+00:00,20,0,-1.09,1
62a7e7c1135920c2faa9d38be081cdad,TXN-D08A7D61,7b43b48cc2385f8eb14372d3a02b76eb,947ad30ee89e026f62bb39e7b8666c6e,7b43b48cc2385f8eb14372d3a02b76eb,12316.86,0.0,CASH_IN,COMPLETED,Cash In,Simulated CASH_IN,False,2026-08-11T13:46:01.718686+00:00,13,0,5.45,1
10d3b1181c9fa02a387b64bbe23dcab9,TXN-FA9EEB7D,a9d8772b2a6882090ec5f80427432dbd,09f548833bd96f4cda1bac60ea3bdfe9,,2003.71,0.0,BILL_PAY,BLOCKED,Bill Pay,Simulated BILL_PAY,True,2026-09-07T12:20:30.718686+00:00,12,0,-0.28,1
edce95ba80c6c100b2268753f0d36120,TXN-887CF841,d1e7a9987d0f9ba4aae3ede8a912f4e5,fadf4e0aa4e6db699191d450e3cfca90,,137.23,0.0,RECHARGE,COMPLETED,Recharge,Simulated RECHARGE,False,2026-07-06T09:03:49.718686+00:00,9,0,-1.31,1
d750ec060e480b90320f4a0f2c63d11e,TXN-EEF03EE3,7b43b48cc2385f8eb14372d3a02b76eb,5d4470618fa83366c874eea88d34d4d1,7b43b48cc2385f8eb14372d3a02b76eb,3447.4,0.0,CASH_IN,COMPLETED,Cash In,Simulated CASH_IN,False,2026-09-30T12:39:05.718686+00:00,12,0,0.53,1
356b0e406c8e1af15e9fede3409e445d,TXN-22A74553,3a288796c66b6cb72b3c765d5f0440db,97732b7d2a0cf42e45df8e38eede305b,97732b7d2a0cf42e45df8e38eede305b,9393.46,15.0,CASH_OUT,COMPLETED,Cash Out,Simulated CASH_OUT,False,2026-09-07T07:23:35.718686+00:00,7,0,3.83,1
f7d8caab951093dccd08bb55cf36304f,TXN-9C5C833F,5fde7da627ef89562f5d2e5138fcc716,6a060089e6f56f9afb27d9b83a2b7c9f,,133.61,0.0,RECHARGE,COMPLETED,Recharge,Simulated RECHARGE,False,2026-08-08T01:20:53.718686+00:00,1,1,-1.31,2
cf27a032be18f007fac1fa57fae17099,TXN-4AA13485,74a9e2d1020eb53493a1eb482d915981,0e65de46311e9c847c499c11aa845484,0e65de46311e9c847c499c11aa845484,7193.7,15.0,CASH_OUT,BLOCKED,Cash Out,Simulated CASH_OUT,True,2026-09-08T18:52:50.718686+00:00,18,0,2.61,1
c685d09dbce54d7afde5265ee4dd784b,TXN-670C4673,4c576c0ae86216b6f6e0065855ef4b55,f1d3d9ce7cc465b1935b28bd8972bcdf,,3653.8,5.0,SEND_MONEY,BLOCKED,Send Money,Simulated SEND_MONEY,True,2026-07-18T17:46:42.718686+00:00,17,0,0.64,1
64cdd0b4f472d9e6c38ce8c468972c82,TXN-D441C5D1,885e891c4171db3ca38bbb35f664c8fc,5702a1644e9aebb91bb00367c4c52710,885e891c4171db3ca38bbb35f664c8fc,6750.07,0.0,CASH_IN,COMPLETED,Cash In,Simulated CASH_IN,False,2026-09-11T12:18:59.718686+00:00,12,0,2.36,1
b5b0a1b0b90ad49c805a1575211f1002,TXN-E71CDE2E,995a897619c18fbb346657bdfc41c6f7,cf34c4e00ac75bb140c3d733b7d0acdf,,10568.44,5.0,SEND_MONEY,COMPLETED,Send Money,Simulated SEND_MONEY,False,2026-09-04T07:59:07.718686+00:00,7,0,4.48,1
75869de38ab0b4392c0dc32f5f1147e7,TXN-65065B44,f1d3d9ce7cc465b1935b28bd8972bcdf,f89e0aa9ae8d55dcb43d0315270b2238,,97.68,0.0,RECHARGE,BLOCKED,Recharge,Simulated RECHARGE,True,2026-08-31T17:29:06.718686+00:00,17,0,-1.33,1
4f46eb4f92df35a8a79e42254b08bb0e,TXN-78D1AFD4,fd47a55fd1e7be8b66eb4061f0a37bc1,687322ba46ad7d1a6dcdcbed6b3c57d9,,798.35,5.0,SEND_MONEY,COMPLETED,Send Money,Simulated SEND_MONEY,False,2026-07-20T00:29:33.718686+00:00,0,0,-0.95,1
006105465273b8b8a782559cf7b5ddbf,TXN-4295B770,3db00c6efa2ff90560fd5e189b42a097,b1a66b3f63e51e2a843b9028fcb6ded2,b1a66b3f63e51e2a843b9028fcb6ded2,7871.97,15.0,CASH_OUT,COMPLETED,Cash Out,Simulated CASH_OUT,False,2026-07-31T11:02:29.718686+00:00,11,0,2.98,1
db9a17fa0213bcbc636e32181406f2ab,TXN-CE411C64,1b99ddafaa28f74dc164af9e24830bad,5c110f190a3951baa533cec59ffb6aa1,,211.94,0.0,RECHARGE,COMPLETED,Recharge,Simulated RECHARGE,False,2026-07-22T05:25:10.718686+00:00,5,1,-1.27,1
9a5ccce941a228a99efabe7c078192c9,TXN-7D126C4F,d0b4cd2df32ef122a0c71b82035e6dc3,887489e7c99502841ba83eec893afe1d,,216.2,5.0,SEND_MONEY,COMPLETED,Send Money,Simulated SEND_MONEY,False,2026-07-21T23:15:14.718686+00:00,23,0,-1.27,1
e7ea1719d67d412da573c14c6c58e492,TXN-9EB2A7E5,74a9e2d1020eb53493a1eb482d915981,8cefe33bc85b06476d4145b5395ea644,,794.72,0.0,MERCHANT_PAY,COMPLETED,Merchant Pay,Simulated MERCHANT_PAY,False,2026-09-19T17:52:59.718686+00:00,17,0,-0.95,1
036dc5153df8a1b472c229196719885b,TXN-BF22802F,f611ce5213887ad5e4699085f1c73845,e2b37ac0f1e35aae80becc0986504993,,1513.52,5.0,SEND_MONEY,COMPLETED,Send Money,Simulated SEND_MONEY,False,2026-07-25T12:12:16.718686+00:00,12,0,-0.55,1
1fd092aedafa68513b873925e89e0b46,TXN-0B1211A8,914ea800aac501972796ea5d55d04ec0,4475a6a8efb7ee576f44e9a1cf97e616,,1978.52,0.0,MERCHANT_PAY,COMPLETED,Merchant Pay,Simulated MERCHANT_PAY,False,2026-08-29T00:48:53.718686+00:00,0,0,-0.29,1
9b6c948e9a58a15ef8288d1f6eda234a,TXN-62B9C81B,5c110f190a3951baa533cec59ffb6aa1,4c576c0ae86216b6f6e0065855ef4b55,,1034.03,0.0,BILL_PAY,COMPLETED,Bill Pay,Simulated BILL_PAY,False,2026-09-19T16:29:19.718686+00:00,16,0,-0.81,1
81d01f5848a3deee0bdac5037427ad2e,TXN-D727A57B,887489e7c99502841ba83eec893afe1d,0f2255d256be218b494e0e4b1a7f5e1c,,1118.27,5.0,SEND_MONEY,COMPLETED,Send Money,Simulated SEND_MONEY,False,2026-07-24T09:06:43.718686+00:00,9,0,-0.77,1
70a9712177cbe33cd886b2f8266c47bd,TXN-97520250,52431bf282c88707e62fd18b75abcf77,76d2086982f4a9e6bed9b3147eed7cbc,,96.69,0.0,RECHARGE,COMPLETED,Recharge,Simulated RECHARGE,False,2026-09-25T02:01:00.718686+00:00,2,1,-1.34,2
3a0e4e9b8cf21d031c78b6acad47777e,TXN-EA2D13A6,fd47a55fd1e7be8b66eb4061f0a37bc1,3a288796c66b6cb72b3c765d5f0440db,,1852.47,5.0,SEND_MONEY,COMPLETED,Send Money,Simulated SEND_MONEY,False,2026-08-09T06:49:41.718686+00:00,6,0,-0.36,1
1732bb772dfd3bec1440850f6d4c58e3,TXN-495A550F,ba43d28df7fba6619bbe4dc11c06298b,b9376a572eeedc5c8dfd978d9d452846,,3762.06,5.0,SEND_MONEY,COMPLETED,Send Money,Simulated SEND_MONEY,False,2026-07-10T17:36:37.718686+00:00,17,0,0.7,1
6dbb49ec556b2266389ae0bb245c72f2,TXN-91896BEC,b59d7cf42c5bfc03b00fa5ae8417f581,f073b58ca6bf5f68a77b501b3e16b8fa,,4749.39,5.0,SEND_MONEY,COMPLETED,Send Money,Simulated SEND_MONEY,False,2026-07-18T09:16:46.718686+00:00,9,0,1.25,1
62d7269eb42e713df0b61428299256d3,TXN-1E89BF02,a87506818a081f5835a17049b1ca9b41,d1e7a9987d0f9ba4aae3ede8a912f4e5,,1898.76,5.0,SEND_MONEY,COMPLETED,Send Money,Simulated SEND_MONEY,False,2026-07-07T13:40:48.718686+00:00,13,0,-0.33,1
9e5430959c500379e2bc1b032364381a,TXN-06D60377,2f12019338fde08f7f9d2612b6f5b02b,5c110f190a3951baa533cec59ffb6aa1,,35.7,0.0,RECHARGE,COMPLETED,Recharge,Simulated RECHARGE,False,2026-08-10T01:14:16.718686+00:00,1,1,-1.37,1
5805736a86a25340f20bb771e91e0f61,TXN-A1BC17EC,9e7e17b731d68635812244997dbab941,ac9fb77bcbd378402146779c00a5ffff,,2311.98,5.0,SEND_MONEY,COMPLETED,Send Money,Simulated SEND_MONEY,False,2026-09-27T00:31:27.718686+00:00,0,0,-0.1,1
201124d9a05bc8d9d0da1acfa89580a2,TXN-48F0293F,4c64ccf00086f53c7786ee74543a024a,885e891c4171db3ca38bbb35f664c8fc,885e891c4171db3ca38bbb35f664c8fc,2014.99,15.0,CASH_OUT,COMPLETED,Cash Out,Simulated CASH_OUT,False,2026-08-13T10:51:21.718686+00:00,10,0,-0.27,1
a0f9cf5d6123036a585895dc892580d6,TXN-6FC289B4,a0a78b533b925cc977153bb8cccf195f,f89e0aa9ae8d55dcb43d0315270b2238,a0a78b533b925cc977153bb8cccf195f,7278.75,0.0,CASH_IN,COMPLETED,Cash In,Simulated CASH_IN,False,2026-08-07T13:59:32.718686+00:00,13,0,2.65,1
d72c5b59a7058970b5fc40ada90fdd6b,TXN-EDFB7610,5c110f190a3951baa533cec59ffb6aa1,79a30ec2ffa4cd645fd6ad37bf5a2a92,,14057.18,5.0,SEND_MONEY,COMPLETED,Send Money,Simulated SEND_MONEY,False,2026-09-07T18:23:14.718686+00:00,18,0,6.42,1
65ffb172926d5684f7403bd416c20df2,TXN-E99DBF1E,d6b3bdced8ec51ba8bfd3d4c8c1cf865,ac9fb77bcbd378402146779c00a5ffff,,1743.27,0.0,MERCHANT_PAY,COMPLETED,Merchant Pay,Simulated MERCHANT_PAY,False,2026-10-02T00:30:55.718686+00:00,0,0,-0.42,1
8b89306c5963f55053a9585f0a9655f0,TXN-478C10BD,5ea78e239a56f60e7a73667f804942f5,f6b5bf942ce96cc22eedc473be850090,,212.41,0.0,RECHARGE,COMPLETED,Recharge,Simulated RECHARGE,False,2026-08-24T14:04:14.718686+00:00,14,0,-1.27,1
b577abb16bddf2b36aea3f4e3ce99aad,TXN-CD9C3360,7b43b48cc2385f8eb14372d3a02b76eb,4475a6a8efb7ee576f44e9a1cf97e616,7b43b48cc2385f8eb14372d3a02b76eb,12069.06,0.0,CASH_IN,COMPLETED,Cash In,Simulated CASH_IN,False,2026-08-02T15:08:56.718686+00:00,15,0,5.32,1
97342edb1065b0c06b4c7f4993868fab,TXN-F3C68AE3,dfcc900c6dbec41542ed1b6650d9edf5,81253f4aa18bb992bcd0e6e9b1fa0507,,50.8,0.0,RECHARGE,COMPLETED,Recharge,Simulated RECHARGE,False,2026-08-12T03:22:01.718686+00:00,3,1,-1.36,1
4d3d2e752b148b5189dca2ae24ffc6a7,TXN-81AFA71E,3a288796c66b6cb72b3c765d5f0440db,b13eb846b74a47cc34cd153c313fc9b4,,3984.51,5.0,SEND_MONEY,COMPLETED,Send Money,Simulated SEND_MONEY,False,2026-08-09T22:25:55.718686+00:00,22,0,0.82,1
d18f0d65bb704bde3605220ed23e8ae0,TXN-6372D5B3,8cefe33bc85b06476d4145b5395ea644,e11d3919fbbacb05b53b3da8bde233d6,,1481.15,0.0,BILL_PAY,COMPLETED,Bill Pay,Simulated BILL_PAY,False,2026-08-19T16:37:34.718686+00:00,16,0,-0.57,1
faad4dae201275fed036af5a191c1cac,TXN-8795A633,4c78b5ebb63af8ec922f3fa771763324,c85db54ea070ffe0c9c2c638737e31ca,,30.31,0.0,RECHARGE,COMPLETED,Recharge,Simulated RECHARGE,False,2026-09-22T04:19:39.718686+00:00,4,1,-1.37,1
e1ac96fe625466d3a50f3607e6979a40,TXN-CEE69466,5aeb81f0b34f243855d547a027205162,88763c3e84f0d3eb136c4d4e1aeecdaf,88763c3e84f0d3eb136c4d4e1aeecdaf,6336.39,15.0,CASH_OUT,COMPLETED,Cash Out,Simulated CASH_OUT,False,2026-08-06T18:09:36.718686+00:00,18,0,2.13,1
13030a62f1643e76c4cd4f888d5aeff8,TXN-1B0739C0,d9df0dce0fdbee946099d135178b0651,61874613550dc5121fdaaac0737a643d,,959.71,0.0,BILL_PAY,COMPLETED,Bill Pay,Simulated BILL_PAY,False,2026-09-24T16:41:06.718686+00:00,16,0,-0.86,1
c55107da8ba716a96f43d2cc42c0cacb,TXN-91A8531E,f89e0aa9ae8d55dcb43d0315270b2238,7e25924565710a7c41b0ba3c9f3bfbe9,,1273.86,5.0,SEND_MONEY,COMPLETED,Send Money,Simulated SEND_MONEY,False,2026-09-24T07:59:21.718686+00:00,7,0,-0.68,1
6da4ad2a049f150cf1452172e0489b86,TXN-AC53DA92,29cc202556f422d15cf82e1512bff950,94c1c7dc8088ba9666392ead9b770797,,104.53,0.0,RECHARGE,COMPLETED,Recharge,Simulated RECHARGE,False,2026-09-07T00:11:58.718686+00:00,0,0,-1.33,1
93f42b66b5e4a15ec4c920aac69021b6,TXN-EDED70D2,5fde7da627ef89562f5d2e5138fcc716,f24ec36fe902d9fc366bf6c5c42558c0,,4443.48,5.0,SEND_MONEY,COMPLETED,Send Money,Simulated SEND_MONEY,False,2026-08-10T18:21:25.718686+00:00,18,0,1.08,1
1cf36c4f9eb65f2d3dbb97397afa6da3,TXN-68CE5887,019eb181a60b72600fe1522fabe4cd00,65fb813c4a8070e7d6f1e3c595c14972,65fb813c4a8070e7d6f1e3c595c14972,1251.75,15.0,CASH_OUT,COMPLETED,Cash Out,Simulated CASH_OUT,False,2026-08-06T10:09:27.718686+00:00,10,0,-0.69,1
9ec32f8f7fd2574ab092f9fd8be1512c,TXN-CEE3C3C1,dfcc900c6dbec41542ed1b6650d9edf5,5c110f190a3951baa533cec59ffb6aa1,,329.35,0.0,RECHARGE,COMPLETED,Recharge,Simulated RECHARGE,False,2026-07-07T21:35:49.718686+00:00,21,0,-1.21,1
bc346aee581fd443232ccde4aa6e3cee,TXN-5725AEA1,4c78b5ebb63af8ec922f3fa771763324,2f12019338fde08f7f9d2612b6f5b02b,,2835.68,0.0,BILL_PAY,COMPLETED,Bill Pay,Simulated BILL_PAY,False,2026-07-24T16:25:59.718686+00:00,16,0,0.19,1
f2a05ec030a9eaaf68eb8121d1f90389,TXN-CB32EAC1,d9df0dce0fdbee946099d135178b0651,10331bea5f8789681791495ed9517fe2,,3834.41,5.0,SEND_MONEY,COMPLETED,Send Money,Simulated SEND_MONEY,False,2026-07-16T00:57:25.718686+00:00,0,0,0.74,1
1fd20131ccebf03f32568a61385ced40,TXN-CB0357B7,b780a4cf9f6267374ca9ca7c3042586f,dfcc900c6dbec41542ed1b6650d9edf5,,2786.52,5.0,SEND_MONEY,COMPLETED,Send Money,Simulated SEND_MONEY,False,2026-08-05T19:37:30.718686+00:00,19,0,0.16,1
9474a1defb1ac4e1238e8c7c7cffb534,TXN-1CDDC21A,91c41a04edd64e4c32a0af71604f336a,c72d75458cab25be0e2c630a41129bf2,,4574.01,5.0,SEND_MONEY,COMPLETED,Send Money,Simulated SEND_MONEY,False,2026-09-09T08:42:39.718686+00:00,8,0,1.15,1
c4863d41c9ad4cfff7f150d2b0ca4155,TXN-49273170,2e83ddfe2c55078090a49c56b71a1ae2,57707b18e970117a25c5297be1006ebb,,178.22,0.0,RECHARGE,COMPLETED,Recharge,Simulated RECHARGE,False,2026-09-27T04:02:04.718686+00:00,4,1,-1.29,2
e7efcc1a51871e95d1d15a642f5df664,TXN-96C3FFF6,3db00c6efa2ff90560fd5e189b42a097,a87506818a081f5835a17049b1ca9b41,,130.83,0.0,RECHARGE,COMPLETED,Recharge,Simulated RECHARGE,False,2026-07-19T03:51:04.718686+00:00,3,1,-1.32,1
29cb8f7b823a63deca676ffd27a8b149,TXN-5043E039,947ad30ee89e026f62bb39e7b8666c6e,942a55200af93c74d921d93f2beb656e,,1539.07,0.0,MERCHANT_PAY,COMPLETED,Merchant Pay,Simulated MERCHANT_PAY,False,2026-07-28T09:11:48.718686+00:00,9,0,-0.53,1
162c2a4eb14881fb29fad873f3feb471,TXN-F27020B8,ec39bb7cabcf592c12d346c409defd7e,7e25924565710a7c41b0ba3c9f3bfbe9,,38.71,0.0,RECHARGE,COMPLETED,Recharge,Simulated RECHARGE,False,2026-09-23T04:02:25.718686+00:00,4,1,-1.37,2
65005a0cf490e766e61b2088e5d34794,TXN-68DF9A68,885e891c4171db3ca38bbb35f664c8fc,f1fd93ab956002b687a10b08b5d72967,885e891c4171db3ca38bbb35f664c8fc,14692.69,0.0,CASH_IN,COMPLETED,Cash In,Simulated CASH_IN,False,2026-07-14T17:40:12.718686+00:00,17,0,6.77,1
f340e7f77a1f8483909bb6dd75939817,TXN-8FBD395B,2560a9c45b7f736ff2833acf0ba23b3e,9ca2c035804c1751d9bb84108e46b24b,,17474.61,5.0,SEND_MONEY,COMPLETED,Send Money,Simulated SEND_MONEY,False,2026-09-04T20:02:29.718686+00:00,20,0,8.32,1
4b025665f2809abf84eab40dc7cd5354,TXN-9D78F01A,8d188907e63291714835adb689e38229,a4363f535992847636e40ad27ccc907f,,1286.1,0.0,MERCHANT_PAY,COMPLETED,Merchant Pay,Simulated MERCHANT_PAY,False,2026-07-29T07:36:32.718686+00:00,7,0,-0.67,1
5ff2c754a23f9aabd1d1407c0a2760ed,TXN-D9D5A137,921012c6b11c284a1771d9b434a6c279,ec39bb7cabcf592c12d346c409defd7e,921012c6b11c284a1771d9b434a6c279,6364.59,0.0,CASH_IN,COMPLETED,Cash In,Simulated CASH_IN,False,2026-07-23T17:24:02.718686+00:00,17,0,2.15,1
ec305f7cd43ab7d76b4a7acb7ed46d55,TXN-3C143C5E,61874613550dc5121fdaaac0737a643d,d3c308a1208710510c3bcb610dc42d08,,11850.3,5.0,SEND_MONEY,COMPLETED,Send Money,Simulated SEND_MONEY,False,2026-08-04T07:35:40.718686+00:00,7,0,5.19,1
e85c4c839f43da1523e444fff8b55b03,TXN-8C275CCD,57707b18e970117a25c5297be1006ebb,52431bf282c88707e62fd18b75abcf77,,3364.37,0.0,BILL_PAY,COMPLETED,Bill Pay,Simulated BILL_PAY,False,2026-07-08T06:47:07.718686+00:00,6,0,0.48,1
60fd879eda3a9e3dabeea9d5668799d8,TXN-B1DE6118,c93486184196482ee09eeb5394eb3284,fd47a55fd1e7be8b66eb4061f0a37bc1,,170.35,0.0,RECHARGE,COMPLETED,Recharge,Simulated RECHARGE,False,2026-07-23T04:19:13.718686+00:00,4,1,-1.29,1
04cc63534d0dec28b49ffa4233ef2647,TXN-D90A8069,955ec133542f6e80c30f4952fee80d33,422286bab6d7b8eea429bfee3894aa7b,422286bab6d7b8eea429bfee3894aa7b,5779.72,15.0,CASH_OUT,COMPLETED,Cash Out,Simulated CASH_OUT,False,2026-07-22T21:51:33.718686+00:00,21,0,1.82,1
43db706eeca38a92109f83448f026370,TXN-E12A1E63,22c8bad4d62b01cf4e1270d7be143d90,afcf8f047d02a8cefb9e5053b9802e7a,,4211.57,5.0,SEND_MONEY,COMPLETED,Send Money,Simulated SEND_MONEY,False,2026-09-28T14:45:59.718686+00:00,14,0,0.95,1
5191a040a404d5b12e830c73f7c816b2,TXN-66528549,995a897619c18fbb346657bdfc41c6f7,9708ab5e440dc80ab8deaa5aa649c2a6,,6946.32,5.0,SEND_MONEY,COMPLETED,Send Money,Simulated SEND_MONEY,False,2026-08-05T20:23:48.718686+00:00,20,0,2.47,1
5d50e49859aaad17c4117fabd3948d1e,TXN-A5851FC3,56e8207d13bee145b0139e9bb3a77636,b9376a572eeedc5c8dfd978d9d452846,,1647.63,0.0,MERCHANT_PAY,COMPLETED,Merchant Pay,Simulated MERCHANT_PAY,False,2026-10-03T04:29:44.718686+00:00,4,1,-0.47,1
4313f399e4c2c5f98d49a1911dfdfc91,TXN-D7E3F217,4c78b5ebb63af8ec922f3fa771763324,67108e809ac0c87e3f3f926a9e8a9569,,261.58,0.0,RECHARGE,COMPLETED,Recharge,Simulated RECHARGE,False,2026-07-10T15:35:17.718686+00:00,15,0,-1.24,1
b0576e5f2ca9fea5f61704bd7fad6c10,TXN-FAC8A3A8,00bf0432ba6bf892a4b11dc619ce7ad3,c72d75458cab25be0e2c630a41129bf2,,2924.52,5.0,SEND_MONEY,COMPLETED,Send Money,Simulated SEND_MONEY,False,2026-09-02T13:46:01.718686+00:00,13,0,0.24,1
ecc17d39a9820d4c1975aad334923dfb,TXN-246DF827,ba43d28df7fba6619bbe4dc11c06298b,4c576c0ae86216b6f6e0065855ef4b55,,2382.58,0.0,MERCHANT_PAY,COMPLETED,Merchant Pay,Simulated MERCHANT_PAY,False,2026-07-17T12:34:41.718686+00:00,12,0,-0.07,1
fa261dd63d99580e195be9fb73e1d724,TXN-37F28927,65934a85ba1c9c2d039acb02a4e9f5a7,8275aee7949dab0b3757c0d16495741a,,547.07,0.0,BILL_PAY,COMPLETED,Bill Pay,Simulated BILL_PAY,False,2026-07-29T13:57:14.718686+00:00,13,0,-1.08,1
eb5b494f4ed9d756104fcc91c3cf3e9f,TXN-C83BC889,947ad30ee89e026f62bb39e7b8666c6e,3b07bdc1c386d1c7a5047c4d4a4a0ea7,,1951.67,5.0,SEND_MONEY,COMPLETED,Send Money,Simulated SEND_MONEY,False,2026-08-22T23:35:30.718686+00:00,23,0,-0.3,1
5d91676c0460249e7ee6a4a2784d13cc,TXN-C046A7FB,fc9c1388504a06a82f25be52c4a6f5a5,920d641d4f1838031412092365b508f9,,181.03,0.0,RECHARGE,COMPLETED,Recharge,Simulated RECHARGE,False,2026-08-21T15:33:08.718686+00:00,15,0,-1.29,1
a282bcac42fda58c9f29b0d7cd068a7d,TXN-DB820527,137a8acc36e33a1b4682c358e6592082,e2725c5bff2b6162cf06fb1afa9b4940,,7440.67,5.0,SEND_MONEY,COMPLETED,Send Money,Simulated SEND_MONEY,False,2026-08-02T15:19:51.718686+00:00,15,0,2.74,1
795ac84cb68a0265717f77853c9ef851,TXN-FEDE44E4,8d188907e63291714835adb689e38229,dfcc900c6dbec41542ed1b6650d9edf5,,4934.5,5.0,SEND_MONEY,COMPLETED,Send Money,Simulated SEND_MONEY,False,2026-09-16T14:09:16.718686+00:00,14,0,1.35,1
db7ed85058ef7aff3fc9946c0164256f,TXN-F38DA446,67108e809ac0c87e3f3f926a9e8a9569,59b4db4760e9c7b71f89662b46b5744d,59b4db4760e9c7b71f89662b46b5744d,6137.6,15.0,CASH_OUT,COMPLETED,Cash Out,Simulated CASH_OUT,False,2026-08-13T17:53:58.718686+00:00,17,0,2.02,1
af7064762c93714f9837708861b64ce1,TXN-A24D0634,6fa7dee9d506c590d0adc559242b754b,4475a6a8efb7ee576f44e9a1cf97e616,,66.74,0.0,RECHARGE,COMPLETED,Recharge,Simulated RECHARGE,False,2026-08-19T22:18:23.718686+00:00,22,0,-1.35,1
726398f0ca5eaadb31bc4de055ddb1a6,TXN-5D147CCF,016214150e97fb9ec49141665b32485f,79a30ec2ffa4cd645fd6ad37bf5a2a92,,1522.76,0.0,BILL_PAY,COMPLETED,Bill Pay,Simulated BILL_PAY,False,2026-07-24T18:27:11.718686+00:00,18,0,-0.54,1
2a3d4765fe76d90475b34fa9863596eb,TXN-23C0C472,6a060089e6f56f9afb27d9b83a2b7c9f,7bfa12e52337128e6a95dc4ae4de2ee1,,3634.54,5.0,SEND_MONEY,COMPLETED,Send Money,Simulated SEND_MONEY,False,2026-07-16T16:22:51.718686+00:00,16,0,0.63,1
bf5b9213f0afeaea463779a7cb0a6635,TXN-19688E9B,65fc47ce4974867b6829d72772afdcf1,92768e2a43ab36f88cb4b3850d783b04,92768e2a43ab36f88cb4b3850d783b04,5065.54,15.0,CASH_OUT,COMPLETED,Cash Out,Simulated CASH_OUT,False,2026-09-08T12:23:19.718686+00:00,12,0,1.43,1
88e388acd0296eced0e61f82e4648c8a,TXN-634DBD4C,59b4db4760e9c7b71f89662b46b5744d,fc9c1388504a06a82f25be52c4a6f5a5,59b4db4760e9c7b71f89662b46b5744d,7032.62,0.0,CASH_IN,COMPLETED,Cash In,Simulated CASH_IN,False,2026-08-21T16:17:26.718686+00:00,16,0,2.52,1
4633e05096580c89365df00c8ef12472,TXN-DADEC2F4,56e8207d13bee145b0139e9bb3a77636,7bfa12e52337128e6a95dc4ae4de2ee1,,1892.07,0.0,BILL_PAY,COMPLETED,Bill Pay,Simulated BILL_PAY,False,2026-07-25T14:13:51.718686+00:00,14,0,-0.34,1
bdd108413a448e6de6dd436cd7a2aa4a,TXN-062EA26C,85f0ded8f46c29dac6e1885bc1cd8cb0,10331bea5f8789681791495ed9517fe2,,1671.54,5.0,SEND_MONEY,COMPLETED,Send Money,Simulated SEND_MONEY,False,2026-07-17T11:45:20.718686+00:00,11,0,-0.46,1
6fc38e1e7ce67da52f0f3221992765ae,TXN-7015D4C4,a789b4fc165147cd64a864ea50e2f99b,92d9cb140eda53d5046b82d656354805,,3596.68,5.0,SEND_MONEY,COMPLETED,Send Money,Simulated SEND_MONEY,False,2026-08-19T20:50:22.718686+00:00,20,0,0.61,1
4b30f96aa8700ae3fe32cb51e139669d,TXN-1A3B5232,b9ee744cc6893b8e4e16d19dfafb9284,74a9e2d1020eb53493a1eb482d915981,b9ee744cc6893b8e4e16d19dfafb9284,14157.61,0.0,CASH_IN,COMPLETED,Cash In,Simulated CASH_IN,False,2026-08-31T17:16:02.718686+00:00,17,0,6.48,1
d86c35b5280ad9a6c7d46286759905b4,TXN-9F8C4D16,cce557b7c5670116283705cc1e96e85a,d6b3bdced8ec51ba8bfd3d4c8c1cf865,cce557b7c5670116283705cc1e96e85a,2805.78,0.0,CASH_IN,COMPLETED,Cash In,Simulated CASH_IN,False,2026-08-27T16:09:10.718686+00:00,16,0,0.17,1
97ed3e5ec4a6eff48a2e426d0070543a,TXN-1EE1092A,fadf4e0aa4e6db699191d450e3cfca90,3e8f0387819d64fd0b03881045eac7c8,,4396.35,5.0,SEND_MONEY,COMPLETED,Send Money,Simulated SEND_MONEY,False,2026-10-01T08:38:05.718686+00:00,8,0,1.05,1
2c36ea7f8c5b8e7801ec07249b6eaeb6,TXN-A9E339A0,955ec133542f6e80c30f4952fee80d33,22c8bad4d62b01cf4e1270d7be143d90,,660.7,5.0,SEND_MONEY,COMPLETED,Send Money,Simulated SEND_MONEY,False,2026-09-14T17:52:48.718686+00:00,17,0,-1.02,1
8f634fe3ae9e5eb543f09758a73a0427,TXN-5838D689,65934a85ba1c9c2d039acb02a4e9f5a7,81253f4aa18bb992bcd0e6e9b1fa0507,,1416.6,0.0,BILL_PAY,COMPLETED,Bill Pay,Simulated BILL_PAY,False,2026-08-03T07:43:32.718686+00:00,7,0,-0.6,1
1f66925227f8f14fb9c930b41172550c,TXN-A37349AA,67108e809ac0c87e3f3f926a9e8a9569,fe650fe8f7f1b92ef09c9e9930e4af3f,,460.38,0.0,RECHARGE,COMPLETED,Recharge,Simulated RECHARGE,False,2026-07-16T00:09:15.718686+00:00,0,0,-1.13,1
58117d052b215df79d1f93e3dece354d,TXN-49A5DF14,6d9b4fa238dde07f567f7dbd00b23fd7,9f29423a96953422c38499fabad1f7e2,9f29423a96953422c38499fabad1f7e2,4147.21,15.0,CASH_OUT,COMPLETED,Cash Out,Simulated CASH_OUT,False,2026-08-15T06:03:29.718686+00:00,6,0,0.92,1
05713de071ba06ba9c377e8f653e0213,TXN-ECDFE775,0f2255d256be218b494e0e4b1a7f5e1c,52431bf282c88707e62fd18b75abcf77,,301.92,5.0,SEND_MONEY,COMPLETED,Send Money,Simulated SEND_MONEY,False,2026-09-03T22:53:19.718686+00:00,22,0,-1.22,1
8f4a40267a352671193d446890e98d3b,TXN-80D59862,b780a4cf9f6267374ca9ca7c3042586f,947ad30ee89e026f62bb39e7b8666c6e,,1175.74,5.0,SEND_MONEY,COMPLETED,Send Money,Simulated SEND_MONEY,False,2026-08-30T10:49:37.718686+00:00,10,0,-0.74,1
8a1821d514c6af76fbac91d7d90af021,TXN-AF485FC2,0dd188fb9dd3735e1ba71bddcf9b5680,0d3fa09ecaba91e19a1f466e6ed0ab3d,,2114.58,5.0,SEND_MONEY,COMPLETED,Send Money,Simulated SEND_MONEY,False,2026-07-15T22:45:04.718686+00:00,22,0,-0.21,1
0f61240da68131418f5b2ef83c226571,TXN-3EA97F36,ec6e284035e6331bdc37fe8d94a47b09,93ed20f7af298133b5d5c110715e43f5,,29.67,0.0,RECHARGE,COMPLETED,Recharge,Simulated RECHARGE,False,2026-09-29T03:02:13.718686+00:00,3,1,-1.37,2
6402bc236d3b4a47e4d60c9944b7702d,TXN-D85008E7,10331bea5f8789681791495ed9517fe2,f89e0aa9ae8d55dcb43d0315270b2238,,1753.19,0.0,MERCHANT_PAY,COMPLETED,Merchant Pay,Simulated MERCHANT_PAY,False,2026-08-28T11:07:34.718686+00:00,11,0,-0.41,1
7d9051f0cb7cd2aa3305b5cb0222cada,TXN-1A265224,ba62a89e273f83051020288c4d221f17,ac9fb77bcbd378402146779c00a5ffff,,3160.09,0.0,BILL_PAY,COMPLETED,Bill Pay,Simulated BILL_PAY,False,2026-08-23T17:57:08.718686+00:00,17,0,0.37,1
fc8d553f81138c0f22ca42a9be1bba6b,TXN-19E31BA6,f1fd93ab956002b687a10b08b5d72967,56e8207d13bee145b0139e9bb3a77636,,168.23,0.0,RECHARGE,COMPLETED,Recharge,Simulated RECHARGE,False,2026-07-24T05:22:39.718686+00:00,5,1,-1.3,1
1d491f35d463cb2b2ba1350b50be2ef5,TXN-7D0CC9E5,48788294ece10d689d0579adc948163a,0d3fa09ecaba91e19a1f466e6ed0ab3d,,8416.44,5.0,SEND_MONEY,COMPLETED,Send Money,Simulated SEND_MONEY,False,2026-09-07T05:06:39.718686+00:00,5,1,3.29,1
153e3739cdbaf6cdf9e8330e5dc39f8e,TXN-6A240BBD,f24ec36fe902d9fc366bf6c5c42558c0,fd47a55fd1e7be8b66eb4061f0a37bc1,,3766.68,5.0,SEND_MONEY,COMPLETED,Send Money,Simulated SEND_MONEY,False,2026-09-17T21:08:19.718686+00:00,21,0,0.7,1
4f9acc5b60215b5d4952fca88c1d0a7e,TXN-3BAEFB02,f24ec36fe902d9fc366bf6c5c42558c0,2fe489dc20c1708cfa581d796a164a05,,1167.35,5.0,SEND_MONEY,COMPLETED,Send Money,Simulated SEND_MONEY,False,2026-09-20T07:20:14.718686+00:00,7,0,-0.74,1
ae9694f2f6d7479f3127c944eb3fe95e,TXN-223EE728,a9d8772b2a6882090ec5f80427432dbd,ec39bb7cabcf592c12d346c409defd7e,,1638.78,5.0,SEND_MONEY,COMPLETED,Send Money,Simulated SEND_MONEY,False,2026-08-20T18:10:49.718686+00:00,18,0,-0.48,1
dc0c640826aa9f16f9a1468fdc0a008b,TXN-A9A8DB21,65fc47ce4974867b6829d72772afdcf1,f073b58ca6bf5f68a77b501b3e16b8fa,,1401.92,0.0,MERCHANT_PAY,COMPLETED,Merchant Pay,Simulated MERCHANT_PAY,False,2026-08-27T06:23:48.718686+00:00,6,0,-0.61,1
4da12cd8837d56e0f2501c8ce26d7582,TXN-2E10AC34,39495bec7941dda30d5ffb10dc7835a0,f89e0aa9ae8d55dcb43d0315270b2238,,3035.23,5.0,SEND_MONEY,COMPLETED,Send Money,Simulated SEND_MONEY,False,2026-08-29T07:10:32.718686+00:00,7,0,0.3,1
21d983545b8eadc1630e7cd785c421b2,TXN-3EB6E826,9e7e17b731d68635812244997dbab941,d3c308a1208710510c3bcb610dc42d08,,470.19,0.0,RECHARGE,COMPLETED,Recharge,Simulated RECHARGE,False,2026-10-02T09:31:10.718686+00:00,9,0,-1.13,1
f770e9ce5fcb69089f88876d42421475,TXN-792901CB,ec39bb7cabcf592c12d346c409defd7e,24854d7b3ae8bedc178ece65566f1a29,,1616.09,0.0,BILL_PAY,COMPLETED,Bill Pay,Simulated BILL_PAY,False,2026-09-26T18:11:20.718686+00:00,18,0,-0.49,1
26708fd420e4aae25e69231b623c681b,TXN-1A04D986,ba43d28df7fba6619bbe4dc11c06298b,a780a78582d457ca210edde8e3c1d88d,,3025.46,0.0,BILL_PAY,COMPLETED,Bill Pay,Simulated BILL_PAY,False,2026-09-17T18:46:44.718686+00:00,18,0,0.29,1
39020668c49b134416995d389e5e7837,TXN-7446E451,422286bab6d7b8eea429bfee3894aa7b,21432700fffec608e4fd2fb0ddb36d82,422286bab6d7b8eea429bfee3894aa7b,14307.72,0.0,CASH_IN,COMPLETED,Cash In,Simulated CASH_IN,False,2026-07-20T00:42:39.718686+00:00,0,0,6.56,1
f246c0b6234c050dd5120618263164c2,TXN-1895BE2F,f63764957f52e118034140e73b764fd8,9f29423a96953422c38499fabad1f7e2,9f29423a96953422c38499fabad1f7e2,6366.47,15.0,CASH_OUT,COMPLETED,Cash Out,Simulated CASH_OUT,False,2026-08-24T17:52:03.718686+00:00,17,0,2.15,1
1aeabb2eb1b8c0ba616db7ba6316ead5,TXN-C0EF6B36,e2725c5bff2b6162cf06fb1afa9b4940,56e8207d13bee145b0139e9bb3a77636,,183.63,0.0,RECHARGE,COMPLETED,Recharge,Simulated RECHARGE,False,2026-08-28T02:23:08.718686+00:00,2,1,-1.29,1
0cdb5ba184eca92f9d6d47d448b779ba,TXN-EA9603DD,63d8729ad99d6620a0333cebe2d7207a,fe650fe8f7f1b92ef09c9e9930e4af3f,,976.49,5.0,SEND_MONEY,COMPLETED,Send Money,Simulated SEND_MONEY,False,2026-09-10T15:26:03.718686+00:00,15,0,-0.85,1
4b35bd49b6aa5d4d03fed93881294a7d,TXN-32F57DA9,2fe489dc20c1708cfa581d796a164a05,ec6e284035e6331bdc37fe8d94a47b09,,2951.36,0.0,BILL_PAY,COMPLETED,Bill Pay,Simulated BILL_PAY,False,2026-07-30T16:01:42.718686+00:00,16,0,0.25,1
d5ae838731ac8f30d47018bfab452127,TXN-1583706F,97732b7d2a0cf42e45df8e38eede305b,d604f2ebd984a759fc53f682396031cd,97732b7d2a0cf42e45df8e38eede305b,8241.88,0.0,CASH_IN,COMPLETED,Cash In,Simulated CASH_IN,False,2026-07-28T08:16:04.718686+00:00,8,0,3.19,1
20779e281618e7f01a3c08678c90a266,TXN-A6FB96A7,92d9cb140eda53d5046b82d656354805,c93486184196482ee09eeb5394eb3284,,1554.44,0.0,BILL_PAY,COMPLETED,Bill Pay,Simulated BILL_PAY,False,2026-07-21T16:34:51.718686+00:00,16,0,-0.53,1
711741536caffbc8f1095833afc99f37,TXN-D38C86B2,4c64ccf00086f53c7786ee74543a024a,afcf8f047d02a8cefb9e5053b9802e7a,,205.96,5.0,SEND_MONEY,COMPLETED,Send Money,Simulated SEND_MONEY,False,2026-07-16T20:59:11.718686+00:00,20,0,-1.27,1
124897e6f1f845cec50435b51e982009,TXN-5519957B,5c110f190a3951baa533cec59ffb6aa1,1cd31cec7165b0f999e22f35ea0f297b,,1881.62,0.0,MERCHANT_PAY,COMPLETED,Merchant Pay,Simulated MERCHANT_PAY,False,2026-07-16T14:24:33.718686+00:00,14,0,-0.34,1
c27e4b919481ef97e0416769e82a3b2c,TXN-4E972C2B,3b07bdc1c386d1c7a5047c4d4a4a0ea7,cf34c4e00ac75bb140c3d733b7d0acdf,,59.92,0.0,RECHARGE,COMPLETED,Recharge,Simulated RECHARGE,False,2026-07-29T02:19:07.718686+00:00,2,1,-1.36,1
6e2f23df7dfa795b05b9204d21bae251,TXN-CA5D244F,7bfa12e52337128e6a95dc4ae4de2ee1,b780a4cf9f6267374ca9ca7c3042586f,,69.49,0.0,RECHARGE,COMPLETED,Recharge,Simulated RECHARGE,False,2026-08-23T03:04:28.718686+00:00,3,1,-1.35,1
6640173b963b1b6982ee3c55ffc1951d,TXN-C7D7ADDD,995a897619c18fbb346657bdfc41c6f7,28bad9c9332ec0e5025efc44e6a7a54f,,1420.67,5.0,SEND_MONEY,COMPLETED,Send Money,Simulated SEND_MONEY,False,2026-07-20T21:29:21.718686+00:00,21,0,-0.6,1
ed51053de1deb8bb0afe290aaf307f8f,TXN-DE9EB3B0,74a9e2d1020eb53493a1eb482d915981,59b4db4760e9c7b71f89662b46b5744d,59b4db4760e9c7b71f89662b46b5744d,10378.69,15.0,CASH_OUT,COMPLETED,Cash Out,Simulated CASH_OUT,False,2026-08-01T07:49:09.718686+00:00,7,0,4.38,1
9802f4664224c73da264a26dffada18b,TXN-66159D73,65fb813c4a8070e7d6f1e3c595c14972,0dd188fb9dd3735e1ba71bddcf9b5680,65fb813c4a8070e7d6f1e3c595c14972,12319.69,0.0,CASH_IN,COMPLETED,Cash In,Simulated CASH_IN,False,2026-08-15T16:39:27.718686+00:00,16,0,5.46,1
02551e058adc5a5d664271d327f5a034,TXN-F17303EA,b1a66b3f63e51e2a843b9028fcb6ded2,df17af4790a0efbcb2dd7af3dc7310ac,b1a66b3f63e51e2a843b9028fcb6ded2,2640.9,0.0,CASH_IN,COMPLETED,Cash In,Simulated CASH_IN,False,2026-09-24T15:40:42.718686+00:00,15,0,0.08,1
ea022330bbff3801e0106e21e040f877,TXN-581C260C,afcf8f047d02a8cefb9e5053b9802e7a,cf34c4e00ac75bb140c3d733b7d0acdf,,739.73,5.0,SEND_MONEY,COMPLETED,Send Money,Simulated SEND_MONEY,False,2026-07-05T23:21:27.718686+00:00,23,0,-0.98,1
d851edc2ec4d32049ec893e2a649d87a,TXN-D9AC2582,de5424d71169e0b98a120957644e7040,641575d590fb761036ec5b80cdf1203a,,1202.25,5.0,SEND_MONEY,COMPLETED,Send Money,Simulated SEND_MONEY,False,2026-07-25T01:27:58.718686+00:00,1,1,-0.72,1
ef4e7154ce59d756b80efebc774d8e19,TXN-B78F09ED,28bad9c9332ec0e5025efc44e6a7a54f,8dec199f53c51c5628944251dda68691,,55.86,0.0,RECHARGE,COMPLETED,Recharge,Simulated RECHARGE,False,2026-07-22T03:20:00.718686+00:00,3,1,-1.36,2
f3357b833011c4d2b59ea9bb1f0e63a1,TXN-5C83EA5C,1e002e71e6b9a839b69d43969374e33e,59b4db4760e9c7b71f89662b46b5744d,59b4db4760e9c7b71f89662b46b5744d,7417.61,15.0,CASH_OUT,COMPLETED,Cash Out,Simulated CASH_OUT,False,2026-08-30T12:15:21.718686+00:00,12,0,2.73,1
f439000ee145589db2e0f8aebc25f10e,TXN-B9E620E5,f60a322e38c9343ece39f96df2f9dd6e,36abffacfee81ff100accb009afd7377,,3996.79,5.0,SEND_MONEY,COMPLETED,Send Money,Simulated SEND_MONEY,False,2026-08-10T07:53:35.718686+00:00,7,0,0.83,1
763b9d5ded4c11986e525c286b19ca31,TXN-68811FEF,f1fd93ab956002b687a10b08b5d72967,2f12019338fde08f7f9d2612b6f5b02b,,1892.99,0.0,MERCHANT_PAY,COMPLETED,Merchant Pay,Simulated MERCHANT_PAY,False,2026-09-06T09:22:22.718686+00:00,9,0,-0.34,1
0ca94663b62bde40a609c2975cbbdf45,TXN-0CB90D7C,b56e04675e530859a4cde7562b4786e5,0d3fa09ecaba91e19a1f466e6ed0ab3d,,1618.48,0.0,MERCHANT_PAY,COMPLETED,Merchant Pay,Simulated MERCHANT_PAY,False,2026-09-16T06:26:24.718686+00:00,6,0,-0.49,1
12df9ff064192c69904e54ce1173178f,TXN-0B5E0426,d1e7a9987d0f9ba4aae3ede8a912f4e5,f1d3d9ce7cc465b1935b28bd8972bcdf,,72.83,0.0,RECHARGE,COMPLETED,Recharge,Simulated RECHARGE,False,2026-09-09T02:48:16.718686+00:00,2,1,-1.35,2
95834de84080354849837a4915928a46,TXN-A705B025,035c936add07d70d3d44b37710f68d9b,6a060089e6f56f9afb27d9b83a2b7c9f,,191.72,0.0,RECHARGE,COMPLETED,Recharge,Simulated RECHARGE,False,2026-08-16T09:13:27.718686+00:00,9,0,-1.28,1
c34588b8cd55fb18bf88b98fbefe80c7,TXN-1924E9E4,687322ba46ad7d1a6dcdcbed6b3c57d9,ba43d28df7fba6619bbe4dc11c06298b,,3488.22,5.0,SEND_MONEY,COMPLETED,Send Money,Simulated SEND_MONEY,False,2026-08-14T22:02:37.718686+00:00,22,0,0.55,1
5923f4f81d13ed7f3e63c7c4d6ad991c,TXN-886E00E8,019eb181a60b72600fe1522fabe4cd00,6a060089e6f56f9afb27d9b83a2b7c9f,,12823.42,5.0,SEND_MONEY,COMPLETED,Send Money,Simulated SEND_MONEY,False,2026-08-04T14:02:22.718686+00:00,14,0,5.74,1
0ef7268029b200d2ef2a1c268f467ad8,TXN-A5F0B500,f89e0aa9ae8d55dcb43d0315270b2238,f1fd93ab956002b687a10b08b5d72967,,2368.06,0.0,BILL_PAY,COMPLETED,Bill Pay,Simulated BILL_PAY,False,2026-09-20T20:18:54.718686+00:00,20,0,-0.07,1
1b5c0ec1a5545967277227db57995ebc,TXN-55C118E4,fd47a55fd1e7be8b66eb4061f0a37bc1,3db00c6efa2ff90560fd5e189b42a097,,2476.62,0.0,MERCHANT_PAY,COMPLETED,Merchant Pay,Simulated MERCHANT_PAY,False,2026-07-12T11:34:27.718686+00:00,11,0,-0.01,1
eadbbefdf82b700d7ea8bcc5cf0fcab0,TXN-768C100B,920d641d4f1838031412092365b508f9,ba3acf686a1a0d53a2f66a6207dcd795,,1483.39,0.0,MERCHANT_PAY,COMPLETED,Merchant Pay,Simulated MERCHANT_PAY,False,2026-08-16T15:06:52.718686+00:00,15,0,-0.56,1
2e6bd78b1604185dcc528d9bb023dd42,TXN-0E421828,81253f4aa18bb992bcd0e6e9b1fa0507,d1e7a9987d0f9ba4aae3ede8a912f4e5,,5481.11,5.0,SEND_MONEY,COMPLETED,Send Money,Simulated SEND_MONEY,False,2026-07-06T10:24:12.718686+00:00,10,0,1.66,1
37814592c162df1e7dbf8ea3db054469,TXN-ECC052BC,5c65507c2e3b7c0043daa0a1ffae75d3,a9471c06d90eef52295526c0ef9c12bf,,4042.19,5.0,SEND_MONEY,COMPLETED,Send Money,Simulated SEND_MONEY,False,2026-07-14T10:41:56.718686+00:00,10,0,0.86,1
f4704ea134699be7672e98f6355c536b,TXN-099EEB22,bdd1bcc71ed6717c4a5f4df6a382d2c0,5fde7da627ef89562f5d2e5138fcc716,,257.03,0.0,RECHARGE,COMPLETED,Recharge,Simulated RECHARGE,False,2026-07-16T13:51:02.718686+00:00,13,0,-1.25,1
68ed50e406992f7ee72f393a6a7851b8,TXN-30BF7453,914ea800aac501972796ea5d55d04ec0,afcf8f047d02a8cefb9e5053b9802e7a,,1963.44,5.0,SEND_MONEY,COMPLETED,Send Money,Simulated SEND_MONEY,False,2026-09-07T16:55:56.718686+00:00,16,0,-0.3,1
302fd06554b19019acc9b112048a2908,TXN-7E2552FB,f89e0aa9ae8d55dcb43d0315270b2238,c3b37cdf478b5f1365d70e59a9bc7db5,c3b37cdf478b5f1365d70e59a9bc7db5,6960.42,15.0,CASH_OUT,COMPLETED,Cash Out,Simulated CASH_OUT,False,2026-07-22T21:25:07.718686+00:00,21,0,2.48,1
c199cdfeb63934f727f8de6e21344d72,TXN-C7BD9F49,887489e7c99502841ba83eec893afe1d,b9ee744cc6893b8e4e16d19dfafb9284,b9ee744cc6893b8e4e16d19dfafb9284,7505.83,15.0,CASH_OUT,COMPLETED,Cash Out,Simulated CASH_OUT,False,2026-08-22T13:09:45.718686+00:00,13,0,2.78,1
d5bc0066cc0ab0812c4e99005f9d4dff,TXN-4666CED6,0f2255d256be218b494e0e4b1a7f5e1c,5ea78e239a56f60e7a73667f804942f5,,130.3,0.0,RECHARGE,COMPLETED,Recharge,Simulated RECHARGE,False,2026-07-15T03:11:34.718686+00:00,3,1,-1.32,1
466ca8c99078d5a146f5ccce09315ddf,TXN-4C0D4709,5aeb81f0b34f243855d547a027205162,a4363f535992847636e40ad27ccc907f,,867.81,5.0,SEND_MONEY,COMPLETED,Send Money,Simulated SEND_MONEY,False,2026-07-20T22:11:19.718686+00:00,22,0,-0.91,1
1d74531a26cae3fa0d86da70e2cdbdbe,TXN-4C33C119,94c1c7dc8088ba9666392ead9b770797,2560a9c45b7f736ff2833acf0ba23b3e,,2467.95,5.0,SEND_MONEY,COMPLETED,Send Money,Simulated SEND_MONEY,False,2026-09-10T12:47:59.718686+00:00,12,0,-0.02,1
95a02474b9272576d1784a4455e335a0,TXN-50A1F57B,f1d3d9ce7cc465b1935b28bd8972bcdf,b62a999cc4eeb9376b4dda8f15f3b983,,14247.96,5.0,SEND_MONEY,COMPLETED,Send Money,Simulated SEND_MONEY,False,2026-08-02T20:55:59.718686+00:00,20,0,6.53,1
53b02629a1aa9e3b6e82482d972acaaf,TXN-F72D9C67,cd014c6c636613884125f62c886cd09e,52431bf282c88707e62fd18b75abcf77,,33.53,0.0,RECHARGE,BLOCKED,Recharge,Simulated RECHARGE,True,2026-09-26T01:05:13.718686+00:00,1,1,-1.37,1
6cc5368982f6304e7d6cbf22cafaaabf,TXN-CCD5B843,d1e7a9987d0f9ba4aae3ede8a912f4e5,d6b3bdced8ec51ba8bfd3d4c8c1cf865,,1162.01,5.0,SEND_MONEY,COMPLETED,Send Money,Simulated SEND_MONEY,False,2026-07-30T11:20:43.718686+00:00,11,0,-0.74,1
38af0752783e49ff5d0f865760881116,TXN-1085EB68,2f12019338fde08f7f9d2612b6f5b02b,5c110f190a3951baa533cec59ffb6aa1,,3012.98,0.0,BILL_PAY,COMPLETED,Bill Pay,Simulated BILL_PAY,False,2026-08-14T10:07:16.718686+00:00,10,0,0.28,1
fe58de497ee5e68b9219aaa65bec5b95,TXN-CBF3E7E7,2560a9c45b7f736ff2833acf0ba23b3e,947ad30ee89e026f62bb39e7b8666c6e,,110.22,0.0,RECHARGE,COMPLETED,Recharge,Simulated RECHARGE,False,2026-09-01T16:10:54.718686+00:00,16,0,-1.33,1
3c7eb0b6b41d6ade86e2d93cb9aa8c69,TXN-AB7874D0,2f12019338fde08f7f9d2612b6f5b02b,57707b18e970117a25c5297be1006ebb,,2385.63,5.0,SEND_MONEY,COMPLETED,Send Money,Simulated SEND_MONEY,False,2026-09-17T17:11:51.718686+00:00,17,0,-0.06,1
aefc625c527cbfc70ceceaf0ab208d85,TXN-7D6C4805,0d3fa09ecaba91e19a1f466e6ed0ab3d,f1d3d9ce7cc465b1935b28bd8972bcdf,,139.14,0.0,RECHARGE,COMPLETED,Recharge,Simulated RECHARGE,False,2026-07-29T03:18:11.718686+00:00,3,1,-1.31,2
2e198b048ed4ec3d93003b63e06f00a9,TXN-646F8A71,fe650fe8f7f1b92ef09c9e9930e4af3f,76d2086982f4a9e6bed9b3147eed7cbc,,2075.1,5.0,SEND_MONEY,COMPLETED,Send Money,Simulated SEND_MONEY,False,2026-08-20T09:18:01.718686+00:00,9,0,-0.24,1
06fc80fbb9b8de21b62be2ff53bb90fc,TXN-E192A93B,947ad30ee89e026f62bb39e7b8666c6e,3b07bdc1c386d1c7a5047c4d4a4a0ea7,,2005.23,5.0,SEND_MONEY,COMPLETED,Send Money,Simulated SEND_MONEY,False,2026-08-21T21:09:07.718686+00:00,21,0,-0.27,1
f82a57245895a1a54a651ce444187bfb,TXN-C670A4EB,fe650fe8f7f1b92ef09c9e9930e4af3f,2f12019338fde08f7f9d2612b6f5b02b,,108.85,0.0,RECHARGE,COMPLETED,Recharge,Simulated RECHARGE,False,2026-09-20T03:38:13.718686+00:00,3,1,-1.33,1
e410f10ff38d7320b54fc5eef19f1bce,TXN-5AB0A0FD,fc9c1388504a06a82f25be52c4a6f5a5,921012c6b11c284a1771d9b434a6c279,921012c6b11c284a1771d9b434a6c279,12478.0,15.0,CASH_OUT,COMPLETED,Cash Out,Simulated CASH_OUT,False,2026-08-02T21:47:04.718686+00:00,21,0,5.54,1
6cc1bce1cf8305e13e370eebe125a658,TXN-0DF5CEF5,a2e926c1267324ec26163a35e075df06,cd014c6c636613884125f62c886cd09e,,343.13,0.0,MERCHANT_PAY,COMPLETED,Merchant Pay,Simulated MERCHANT_PAY,False,2026-09-23T08:19:13.718686+00:00,8,0,-1.2,1
3069555a0a737010521d84e13a0d64db,TXN-246FE929,48788294ece10d689d0579adc948163a,d5ad98674d6c69eab07fbb6c5f6ec434,,3042.12,5.0,SEND_MONEY,COMPLETED,Send Money,Simulated SEND_MONEY,False,2026-08-19T16:46:46.718686+00:00,16,0,0.3,1
4196ba72380d94920be898111ebaa663,TXN-7623A372,fc9c1388504a06a82f25be52c4a6f5a5,ba184c813197d29e79ddc76c6d457c16,,429.23,0.0,RECHARGE,COMPLETED,Recharge,Simulated RECHARGE,False,2026-09-23T10:56:56.718686+00:00,10,0,-1.15,1
06dc0e48e1c4fb740782d0f0a63bbe1d,TXN-4C93FC31,6d9b4fa238dde07f567f7dbd00b23fd7,ec6e284035e6331bdc37fe8d94a47b09,,211.76,5.0,SEND_MONEY,COMPLETED,Send Money,Simulated SEND_MONEY,False,2026-07-29T05:41:03.718686+00:00,5,1,-1.27,2
d1ceee0999c4c8a87fb0897537d7207d,TXN-4F359851,f1d3d9ce7cc465b1935b28bd8972bcdf,6d9b4fa238dde07f567f7dbd00b23fd7,,3029.89,0.0,BILL_PAY,COMPLETED,Bill Pay,Simulated BILL_PAY,False,2026-07-14T23:48:24.718686+00:00,23,0,0.29,1
c0a7a677f8728ce9c05c48f1940362fc,TXN-49DEB142,79a30ec2ffa4cd645fd6ad37bf5a2a92,7b43b48cc2385f8eb14372d3a02b76eb,7b43b48cc2385f8eb14372d3a02b76eb,12374.47,15.0,CASH_OUT,COMPLETED,Cash Out,Simulated CASH_OUT,False,2026-08-06T10:47:47.718686+00:00,10,0,5.49,1
bb42a24cb66f031051127979edbb62a8,TXN-4A7C4302,0d3fa09ecaba91e19a1f466e6ed0ab3d,94c1c7dc8088ba9666392ead9b770797,,3720.5,5.0,SEND_MONEY,COMPLETED,Send Money,Simulated SEND_MONEY,False,2026-07-17T21:13:53.718686+00:00,21,0,0.68,1
9316402826747202627f762fc5c5d75f,TXN-584875EB,f1d3d9ce7cc465b1935b28bd8972bcdf,5c65507c2e3b7c0043daa0a1ffae75d3,,5176.29,5.0,SEND_MONEY,COMPLETED,Send Money,Simulated SEND_MONEY,False,2026-08-07T11:18:12.718686+00:00,11,0,1.49,1
f3d9e8c3c22e2ad35f18e2beb7478f62,TXN-765DE1E8,774b058b32fa45e881e3520560698426,b780a4cf9f6267374ca9ca7c3042586f,,747.85,0.0,MERCHANT_PAY,COMPLETED,Merchant Pay,Simulated MERCHANT_PAY,False,2026-09-28T15:16:52.718686+00:00,15,0,-0.97,1
79b2bbce7059cf2944e6e2b42ba7ad8a,TXN-0041D993,fe650fe8f7f1b92ef09c9e9930e4af3f,59b4db4760e9c7b71f89662b46b5744d,59b4db4760e9c7b71f89662b46b5744d,8176.78,15.0,CASH_OUT,COMPLETED,Cash Out,Simulated CASH_OUT,False,2026-08-02T22:44:51.718686+00:00,22,0,3.15,1
e79b8c7bac272f845c69e04255228755,TXN-B837C226,24854d7b3ae8bedc178ece65566f1a29,0d3fa09ecaba91e19a1f466e6ed0ab3d,,1478.53,5.0,SEND_MONEY,COMPLETED,Send Money,Simulated SEND_MONEY,False,2026-08-23T16:50:47.718686+00:00,16,0,-0.57,1
53935f99a1a243c3299d243bfe7cba96,TXN-5FB6A001,d529ec7c7730634f441257c91dad22c0,a9471c06d90eef52295526c0ef9c12bf,,1756.3,5.0,SEND_MONEY,COMPLETED,Send Money,Simulated SEND_MONEY,False,2026-07-28T03:15:01.718686+00:00,3,1,-0.41,2
6bae5097e0e6be8d743d8e26a50fcdb4,TXN-DD73936F,29cc202556f422d15cf82e1512bff950,df17af4790a0efbcb2dd7af3dc7310ac,,4007.36,5.0,SEND_MONEY,COMPLETED,Send Money,Simulated SEND_MONEY,False,2026-10-03T06:05:20.718686+00:00,6,0,0.84,1
d238678291919ab7b38ecc8ba8e32fcb,TXN-9524494B,b62a999cc4eeb9376b4dda8f15f3b983,10331bea5f8789681791495ed9517fe2,,4838.36,5.0,SEND_MONEY,COMPLETED,Send Money,Simulated SEND_MONEY,False,2026-09-06T22:56:51.718686+00:00,22,0,1.3,1
4655fc2f206ba7a1a43f859e4b19bb6e,TXN-63CB30D7,a9d8772b2a6882090ec5f80427432dbd,887489e7c99502841ba83eec893afe1d,,621.58,0.0,MERCHANT_PAY,COMPLETED,Merchant Pay,Simulated MERCHANT_PAY,False,2026-08-11T18:09:30.718686+00:00,18,0,-1.04,1
1e238a50f9f83cce2603bcb63d2e50f4,TXN-EA1ACBF2,920d641d4f1838031412092365b508f9,4475a6a8efb7ee576f44e9a1cf97e616,,817.94,5.0,SEND_MONEY,COMPLETED,Send Money,Simulated SEND_MONEY,False,2026-08-19T17:36:51.718686+00:00,17,0,-0.93,1
6625153dadb5136817b9a22bb26ae30b,TXN-99663925,ba62a89e273f83051020288c4d221f17,fe650fe8f7f1b92ef09c9e9930e4af3f,,88.47,0.0,RECHARGE,COMPLETED,Recharge,Simulated RECHARGE,False,2026-07-24T20:43:19.718686+00:00,20,0,-1.34,1
5ba3d87e6e03d1322569e1acebdb6be9,TXN-8BD73ED9,2e83ddfe2c55078090a49c56b71a1ae2,947ad30ee89e026f62bb39e7b8666c6e,,2048.1,0.0,MERCHANT_PAY,COMPLETED,Merchant Pay,Simulated MERCHANT_PAY,False,2026-08-02T18:45:39.718686+00:00,18,0,-0.25,1
ee828b5eca187c2b977d14b94c6baeab,TXN-1F4028A5,f89e0aa9ae8d55dcb43d0315270b2238,d2c0e952054db218612de01b8b401e3d,,51.19,0.0,RECHARGE,COMPLETED,Recharge,Simulated RECHARGE,False,2026-08-08T04:35:13.718686+00:00,4,1,-1.36,1
bc0684e281fadab0ebf7fe1843fd0956,TXN-8CE02E30,8cefe33bc85b06476d4145b5395ea644,0dd188fb9dd3735e1ba71bddcf9b5680,,1263.4,0.0,BILL_PAY,COMPLETED,Bill Pay,Simulated BILL_PAY,False,2026-07-23T08:44:53.718686+00:00,8,0,-0.69,1
3803f2f6658890c531b506c25b44b03e,TXN-578CE67C,f89e0aa9ae8d55dcb43d0315270b2238,d5ad98674d6c69eab07fbb6c5f6ec434,,2202.21,0.0,MERCHANT_PAY,COMPLETED,Merchant Pay,Simulated MERCHANT_PAY,False,2026-09-13T00:16:01.718686+00:00,0,0,-0.17,1
d66859bd3391cb6a42cd21326c21f4a9,TXN-1BE79313,65934a85ba1c9c2d039acb02a4e9f5a7,422286bab6d7b8eea429bfee3894aa7b,422286bab6d7b8eea429bfee3894aa7b,5844.49,15.0,CASH_OUT,COMPLETED,Cash Out,Simulated CASH_OUT,False,2026-08-15T11:56:03.718686+00:00,11,0,1.86,1
b579d7e0d24ec88b4a1fdce5af4eb05d,TXN-0967E487,d3c308a1208710510c3bcb610dc42d08,641575d590fb761036ec5b80cdf1203a,,3868.83,5.0,SEND_MONEY,COMPLETED,Send Money,Simulated SEND_MONEY,False,2026-09-02T18:35:54.718686+00:00,18,0,0.76,1
6d676ddf912c665edcc985abcfbe004d,TXN-97A3A136,b105797ce7097a9d7175762f71c33e73,85f0ded8f46c29dac6e1885bc1cd8cb0,,2784.86,5.0,SEND_MONEY,COMPLETED,Send Money,Simulated SEND_MONEY,False,2026-08-06T14:43:11.718686+00:00,14,0,0.16,1
1866db76377c22737dd73418d6c7303a,TXN-571A1320,774b058b32fa45e881e3520560698426,a789b4fc165147cd64a864ea50e2f99b,,1780.99,0.0,BILL_PAY,COMPLETED,Bill Pay,Simulated BILL_PAY,False,2026-07-22T08:15:41.718686+00:00,8,0,-0.4,1
caa9b9c9eb2528f572b46f4a251caf60,TXN-1BB7BA91,79a30ec2ffa4cd645fd6ad37bf5a2a92,b105797ce7097a9d7175762f71c33e73,,3032.55,5.0,SEND_MONEY,COMPLETED,Send Money,Simulated SEND_MONEY,False,2026-08-09T17:15:08.718686+00:00,17,0,0.3,1
e5c070793b5a6aee3e6f84c93b67d049,TXN-7FC17E32,887489e7c99502841ba83eec893afe1d,f6b5bf942ce96cc22eedc473be850090,,343.72,0.0,RECHARGE,COMPLETED,Recharge,Simulated RECHARGE,False,2026-07-12T22:00:44.718686+00:00,22,0,-1.2,1
ec44b910c505c0a0105226a14cd149e6,TXN-76122612,f60a322e38c9343ece39f96df2f9dd6e,b1a66b3f63e51e2a843b9028fcb6ded2,b1a66b3f63e51e2a843b9028fcb6ded2,8911.6,15.0,CASH_OUT,COMPLETED,Cash Out,Simulated CASH_OUT,False,2026-09-06T22:33:25.718686+00:00,22,0,3.56,1
c8876681c4e543ace12f4e58ac9758c1,TXN-0D906E7F,65fc47ce4974867b6829d72772afdcf1,d5ad98674d6c69eab07fbb6c5f6ec434,,4417.51,5.0,SEND_MONEY,COMPLETED,Send Money,Simulated SEND_MONEY,False,2026-07-13T17:35:31.718686+00:00,17,0,1.07,1
aeaa85eca680a1ab806a0581398a2cc3,TXN-DB472161,a9d8772b2a6882090ec5f80427432dbd,0dd188fb9dd3735e1ba71bddcf9b5680,,233.57,0.0,MERCHANT_PAY,COMPLETED,Merchant Pay,Simulated MERCHANT_PAY,False,2026-07-09T12:00:23.718686+00:00,12,0,-1.26,1
97145c8e8e66db05510a6bd281fcbbc8,TXN-9F06F24E,a9d8772b2a6882090ec5f80427432dbd,fe650fe8f7f1b92ef09c9e9930e4af3f,,16171.08,5.0,SEND_MONEY,COMPLETED,Send Money,Simulated SEND_MONEY,False,2026-08-05T13:29:46.718686+00:00,13,0,7.6,1
1baf7d2fffb5159cee38922daa5bd6a1,TXN-511778DB,24854d7b3ae8bedc178ece65566f1a29,137a8acc36e33a1b4682c358e6592082,,2630.85,5.0,SEND_MONEY,COMPLETED,Send Money,Simulated SEND_MONEY,False,2026-07-24T17:31:42.718686+00:00,17,0,0.07,1
1234ac6e7d41932be7ef3b2128456e97,TXN-9491711F,a9471c06d90eef52295526c0ef9c12bf,88763c3e84f0d3eb136c4d4e1aeecdaf,88763c3e84f0d3eb136c4d4e1aeecdaf,4197.23,15.0,CASH_OUT,COMPLETED,Cash Out,Simulated CASH_OUT,False,2026-09-28T21:13:56.718686+00:00,21,0,0.94,1
e4c335973777f2e3673d8112ebef128b,TXN-AA4949E3,3db00c6efa2ff90560fd5e189b42a097,b105797ce7097a9d7175762f71c33e73,,1524.6,5.0,SEND_MONEY,COMPLETED,Send Money,Simulated SEND_MONEY,False,2026-08-28T09:03:30.718686+00:00,9,0,-0.54,1
c32c8bcc185cd136daf9c99f45d60fd0,TXN-A3E99EEB,d9df0dce0fdbee946099d135178b0651,fadf4e0aa4e6db699191d450e3cfca90,,2403.01,0.0,BILL_PAY,COMPLETED,Bill Pay,Simulated BILL_PAY,False,2026-07-10T17:04:42.718686+00:00,17,0,-0.05,1
db324d4f76e5f7d5c5fb9bddbbeab6af,TXN-C74AF8F5,0e65de46311e9c847c499c11aa845484,22c8bad4d62b01cf4e1270d7be143d90,0e65de46311e9c847c499c11aa845484,7416.9,0.0,CASH_IN,COMPLETED,Cash In,Simulated CASH_IN,False,2026-07-23T10:37:36.718686+00:00,10,0,2.73,1
374f82e1635a11c13b5d29cbd017d980,TXN-C7AF2396,d491f477c542d1707119e8c77ba730c8,942a55200af93c74d921d93f2beb656e,,1331.31,0.0,MERCHANT_PAY,COMPLETED,Merchant Pay,Simulated MERCHANT_PAY,False,2026-08-01T06:17:29.718686+00:00,6,0,-0.65,1
2a326a4f58b3e6bc4a6649c4d78a23cf,TXN-9B9D163E,2560a9c45b7f736ff2833acf0ba23b3e,5c65507c2e3b7c0043daa0a1ffae75d3,,397.61,0.0,RECHARGE,COMPLETED,Recharge,Simulated RECHARGE,False,2026-08-18T10:19:12.718686+00:00,10,0,-1.17,1
a7e795ee14b769e2667f19b7d770d292,TXN-3D039D71,995a897619c18fbb346657bdfc41c6f7,2fe489dc20c1708cfa581d796a164a05,,1232.21,0.0,MERCHANT_PAY,COMPLETED,Merchant Pay,Simulated MERCHANT_PAY,False,2026-09-26T11:12:12.718686+00:00,11,0,-0.7,1
74b46a4c8819fb0b625aa409aa22bbf2,TXN-3D46A010,8370e53dac1eee251fae5e9d3383e82d,8dec199f53c51c5628944251dda68691,,3534.18,5.0,SEND_MONEY,COMPLETED,Send Money,Simulated SEND_MONEY,False,2026-09-28T12:43:16.718686+00:00,12,0,0.57,1
113e72ec7c0a64d49fff227fbf3759b8,TXN-E1DBF075,d604f2ebd984a759fc53f682396031cd,d5ad98674d6c69eab07fbb6c5f6ec434,,3704.46,5.0,SEND_MONEY,COMPLETED,Send Money,Simulated SEND_MONEY,False,2026-07-13T19:13:35.718686+00:00,19,0,0.67,1
9afd54081fc2e3d83c02663e51e2b4b5,TXN-A05EDB29,d0b4cd2df32ef122a0c71b82035e6dc3,914ea800aac501972796ea5d55d04ec0,,1272.94,5.0,SEND_MONEY,COMPLETED,Send Money,Simulated SEND_MONEY,False,2026-09-30T10:56:11.718686+00:00,10,0,-0.68,1
fac4288eb8d26d059513bc07c5d58a47,TXN-A895EDCD,b9ee744cc6893b8e4e16d19dfafb9284,f611ce5213887ad5e4699085f1c73845,b9ee744cc6893b8e4e16d19dfafb9284,1866.97,0.0,CASH_IN,COMPLETED,Cash In,Simulated CASH_IN,False,2026-08-24T08:53:04.718686+00:00,8,0,-0.35,1
f164cd6d9dd382604cbddef911d50bce,TXN-5ECCCC7F,d491f477c542d1707119e8c77ba730c8,d2c0e952054db218612de01b8b401e3d,,394.27,0.0,BILL_PAY,COMPLETED,Bill Pay,Simulated BILL_PAY,False,2026-08-22T15:40:26.718686+00:00,15,0,-1.17,1
45f6b7f99bef7ed9ebe8930817e0d101,TXN-2F3A5443,1e002e71e6b9a839b69d43969374e33e,94c1c7dc8088ba9666392ead9b770797,,939.15,0.0,BILL_PAY,COMPLETED,Bill Pay,Simulated BILL_PAY,False,2026-07-23T16:47:51.718686+00:00,16,0,-0.87,1
b1e001a7ed4d507e3b253c47d5b49e2e,TXN-DC3205A4,3b07bdc1c386d1c7a5047c4d4a4a0ea7,d3c308a1208710510c3bcb610dc42d08,,1368.47,0.0,MERCHANT_PAY,COMPLETED,Merchant Pay,Simulated MERCHANT_PAY,False,2026-07-30T23:29:32.718686+00:00,23,0,-0.63,1
ab608d653920d49accf9ecaa44da86aa,TXN-16D5F2BF,5702a1644e9aebb91bb00367c4c52710,a87506818a081f5835a17049b1ca9b41,,4078.54,5.0,SEND_MONEY,COMPLETED,Send Money,Simulated SEND_MONEY,False,2026-09-28T21:05:36.718686+00:00,21,0,0.88,1
bda5cc4959dd2953a99b32fb716d22e9,TXN-47B4C3B1,d1e7a9987d0f9ba4aae3ede8a912f4e5,ec39bb7cabcf592c12d346c409defd7e,,151.4,0.0,RECHARGE,COMPLETED,Recharge,Simulated RECHARGE,False,2026-07-15T05:59:44.718686+00:00,5,1,-1.3,1
7fbc47939cce871709adbee54ece1fa8,TXN-AA8633CE,163b7bf9da2842a111d4d8c94377f29f,88763c3e84f0d3eb136c4d4e1aeecdaf,88763c3e84f0d3eb136c4d4e1aeecdaf,15420.75,15.0,CASH_OUT,COMPLETED,Cash Out,Simulated CASH_OUT,False,2026-09-04T11:49:34.718686+00:00,11,0,7.18,1
6d4e8ab9ba6edcfa08bdc6d0c769c72e,TXN-6A966B18,d604f2ebd984a759fc53f682396031cd,887489e7c99502841ba83eec893afe1d,,721.95,5.0,SEND_MONEY,COMPLETED,Send Money,Simulated SEND_MONEY,False,2026-07-22T12:25:23.718686+00:00,12,0,-0.99,1
9997588a42f6e51ee437eab01ff94d54,TXN-B22F2BC7,aab296b6ecffd40138e9dd787dd7c62f,22c8bad4d62b01cf4e1270d7be143d90,,146.59,0.0,RECHARGE,COMPLETED,Recharge,Simulated RECHARGE,False,2026-08-03T04:08:44.718686+00:00,4,1,-1.31,2
0ec3b3332bda0387838140503dc51195,TXN-C88A3E58,3e8f0387819d64fd0b03881045eac7c8,24854d7b3ae8bedc178ece65566f1a29,,1058.13,0.0,MERCHANT_PAY,COMPLETED,Merchant Pay,Simulated MERCHANT_PAY,False,2026-09-10T15:50:44.718686+00:00,15,0,-0.8,1
84b949f4cc83eb573a7beda29be44fb6,TXN-74965B77,137a8acc36e33a1b4682c358e6592082,f073b58ca6bf5f68a77b501b3e16b8fa,,95.85,0.0,RECHARGE,COMPLETED,Recharge,Simulated RECHARGE,False,2026-09-04T03:10:05.718686+00:00,3,1,-1.34,1
2d22409c3fa924bc292bd22f699d31e0,TXN-985FDE18,b105797ce7097a9d7175762f71c33e73,016214150e97fb9ec49141665b32485f,,503.62,5.0,SEND_MONEY,COMPLETED,Send Money,Simulated SEND_MONEY,False,2026-08-16T19:51:36.718686+00:00,19,0,-1.11,1
5a18a6df818996a8c313633cce820cf7,TXN-C91E8C6A,c93486184196482ee09eeb5394eb3284,8275aee7949dab0b3757c0d16495741a,,466.09,0.0,RECHARGE,COMPLETED,Recharge,Simulated RECHARGE,False,2026-08-28T15:22:07.718686+00:00,15,0,-1.13,1
3ecae19e4c76a1ba9166cfaefb0a930a,TXN-C81AA443,8dec199f53c51c5628944251dda68691,fe650fe8f7f1b92ef09c9e9930e4af3f,,2611.88,5.0,SEND_MONEY,COMPLETED,Send Money,Simulated SEND_MONEY,False,2026-07-10T21:22:46.718686+00:00,21,0,0.06,1
e4b45fa3217fcf1c9343b113c9fca86a,TXN-FFB29931,ba62a89e273f83051020288c4d221f17,81253f4aa18bb992bcd0e6e9b1fa0507,,3941.84,5.0,SEND_MONEY,COMPLETED,Send Money,Simulated SEND_MONEY,False,2026-08-03T18:22:17.718686+00:00,18,0,0.8,1
e8f06b164deab544394ae41a4fa766ba,TXN-AE172872,955ec133542f6e80c30f4952fee80d33,6574d17462a87d1730068b859da056f2,,466.85,0.0,BILL_PAY,COMPLETED,Bill Pay,Simulated BILL_PAY,False,2026-09-30T18:14:58.718686+00:00,18,0,-1.13,1
51b488fd06f230da71a9df2fc98bc619,TXN-E164FEE7,7e25924565710a7c41b0ba3c9f3bfbe9,f1d3d9ce7cc465b1935b28bd8972bcdf,,2253.15,0.0,MERCHANT_PAY,COMPLETED,Merchant Pay,Simulated MERCHANT_PAY,False,2026-07-22T21:47:56.718686+00:00,21,0,-0.14,1
d758225aeb5390c50ea45d71e9bcfbb1,TXN-2A012F3F,c72d75458cab25be0e2c630a41129bf2,a4363f535992847636e40ad27ccc907f,,125.95,0.0,RECHARGE,COMPLETED,Recharge,Simulated RECHARGE,False,2026-07-13T02:15:44.718686+00:00,2,1,-1.32,1
b7754e4c50a8dcb8184fe28ee5079b58,TXN-E869C2F9,920d641d4f1838031412092365b508f9,91636429900048d39a6a81c76e775fe7,91636429900048d39a6a81c76e775fe7,10701.23,15.0,CASH_OUT,COMPLETED,Cash Out,Simulated CASH_OUT,False,2026-08-05T19:39:42.718686+00:00,19,0,4.56,1
d40741cbadf52ebb88808b1797e00c5e,TXN-E0A40548,a9d8772b2a6882090ec5f80427432dbd,ac9fb77bcbd378402146779c00a5ffff,,11223.12,5.0,SEND_MONEY,COMPLETED,Send Money,Simulated SEND_MONEY,False,2026-08-06T04:14:14.718686+00:00,4,1,4.85,1
4916bcc5d734610ee660149d70050b36,TXN-D03A8FF4,921012c6b11c284a1771d9b434a6c279,b59d7cf42c5bfc03b00fa5ae8417f581,921012c6b11c284a1771d9b434a6c279,7209.59,0.0,CASH_IN,COMPLETED,Cash In,Simulated CASH_IN,False,2026-09-07T06:35:14.718686+00:00,6,0,2.62,1
b4bf1605ebddbe7a572d2620252dcaeb,TXN-7D0517AF,914ea800aac501972796ea5d55d04ec0,887489e7c99502841ba83eec893afe1d,,117.46,0.0,RECHARGE,COMPLETED,Recharge,Simulated RECHARGE,False,2026-09-11T03:19:53.718686+00:00,3,1,-1.32,2
f7689f99d16d915c0a827ada9a70a8be,TXN-06638D1B,641575d590fb761036ec5b80cdf1203a,65fc47ce4974867b6829d72772afdcf1,,1137.24,5.0,SEND_MONEY,COMPLETED,Send Money,Simulated SEND_MONEY,False,2026-09-23T11:17:35.718686+00:00,11,0,-0.76,1
c0f4d963ce347ec59f043576be63e1fe,TXN-D4BA0882,7bfa12e52337128e6a95dc4ae4de2ee1,016214150e97fb9ec49141665b32485f,,2059.31,0.0,MERCHANT_PAY,COMPLETED,Merchant Pay,Simulated MERCHANT_PAY,False,2026-07-31T22:03:35.718686+00:00,22,0,-0.24,1
39e7e58ea6a167fd589213d819c4afba,TXN-E6B66FCB,e2725c5bff2b6162cf06fb1afa9b4940,9f29423a96953422c38499fabad1f7e2,9f29423a96953422c38499fabad1f7e2,659.67,15.0,CASH_OUT,COMPLETED,Cash Out,Simulated CASH_OUT,False,2026-09-27T10:06:42.718686+00:00,10,0,-1.02,1
e1fd3d11dd0c3a05cbfb60e02b8211ee,TXN-8C1C46A1,cd014c6c636613884125f62c886cd09e,ba3acf686a1a0d53a2f66a6207dcd795,,3107.28,5.0,SEND_MONEY,COMPLETED,Send Money,Simulated SEND_MONEY,False,2026-07-15T19:45:54.718686+00:00,19,0,0.34,1
3932f8c25d93e66788ed92bcbc1bb9b3,TXN-6D242944,fe650fe8f7f1b92ef09c9e9930e4af3f,81253f4aa18bb992bcd0e6e9b1fa0507,,53.2,0.0,RECHARGE,COMPLETED,Recharge,Simulated RECHARGE,False,2026-07-11T01:45:45.718686+00:00,1,1,-1.36,1
f9b18e6b1824efd55368fc71dcf791bb,TXN-29C53D2D,ff0283fc6d6fcb75b58eb34c73cfeaeb,e2b37ac0f1e35aae80becc0986504993,ff0283fc6d6fcb75b58eb34c73cfeaeb,11562.69,0.0,CASH_IN,COMPLETED,Cash In,Simulated CASH_IN,False,2026-08-18T18:32:13.718686+00:00,18,0,5.03,1
400b1825d52156c7a38607c1a82e2b35,TXN-92F8081D,921012c6b11c284a1771d9b434a6c279,2f12019338fde08f7f9d2612b6f5b02b,921012c6b11c284a1771d9b434a6c279,11956.58,0.0,CASH_IN,COMPLETED,Cash In,Simulated CASH_IN,False,2026-09-23T09:23:42.718686+00:00,9,0,5.25,1
56af972b1dba243cef1c401ad569fa06,TXN-55C52BB9,63d8729ad99d6620a0333cebe2d7207a,7b43b48cc2385f8eb14372d3a02b76eb,7b43b48cc2385f8eb14372d3a02b76eb,3976.27,15.0,CASH_OUT,COMPLETED,Cash Out,Simulated CASH_OUT,False,2026-09-30T04:03:19.718686+00:00,4,1,0.82,2
c2d02f77381a26a22fd9c63c46660a18,TXN-1C04815A,a9471c06d90eef52295526c0ef9c12bf,8cefe33bc85b06476d4145b5395ea644,,3460.6,5.0,SEND_MONEY,COMPLETED,Send Money,Simulated SEND_MONEY,False,2026-08-04T22:23:31.718686+00:00,22,0,0.53,1
55af3f2e341c9c0219983da6bab55a14,TXN-C98A7DF0,a9471c06d90eef52295526c0ef9c12bf,a87506818a081f5835a17049b1ca9b41,,26.95,0.0,RECHARGE,COMPLETED,Recharge,Simulated RECHARGE,False,2026-08-12T05:52:48.718686+00:00,5,1,-1.37,2
028ffc1760c750777ebf587893f67580,TXN-E6A335E5,d2c0e952054db218612de01b8b401e3d,e2b37ac0f1e35aae80becc0986504993,,2906.94,5.0,SEND_MONEY,COMPLETED,Send Money,Simulated SEND_MONEY,False,2026-09-20T18:02:24.718686+00:00,18,0,0.23,1
c6fc4140500d877ea0276ac8173230da,TXN-DF2F8C2C,c85db54ea070ffe0c9c2c638737e31ca,8275aee7949dab0b3757c0d16495741a,,329.47,5.0,SEND_MONEY,COMPLETED,Send Money,Simulated SEND_MONEY,False,2026-07-08T09:36:26.718686+00:00,9,0,-1.21,1
6262b084205f91da658b5b257a6eac7b,TXN-D1F5C005,c93486184196482ee09eeb5394eb3284,7646bcb6920612b5e359b12633365514,,554.55,0.0,BILL_PAY,COMPLETED,Bill Pay,Simulated BILL_PAY,False,2026-08-26T19:43:25.718686+00:00,19,0,-1.08,1
956ce11a9c1bb99cfc7d4731fc95e78e,TXN-441E959A,c72d75458cab25be0e2c630a41129bf2,d491f477c542d1707119e8c77ba730c8,,109.09,0.0,RECHARGE,COMPLETED,Recharge,Simulated RECHARGE,False,2026-08-08T03:38:41.718686+00:00,3,1,-1.33,1
72d879a5c62a12dab41a3600833557ae,TXN-81D272CC,163b7bf9da2842a111d4d8c94377f29f,8370e53dac1eee251fae5e9d3383e82d,,2607.59,5.0,SEND_MONEY,COMPLETED,Send Money,Simulated SEND_MONEY,False,2026-08-03T21:45:27.718686+00:00,21,0,0.06,1
14e13eef763e01b7344e5e73e91d879e,TXN-BE7267B6,ba3acf686a1a0d53a2f66a6207dcd795,921012c6b11c284a1771d9b434a6c279,921012c6b11c284a1771d9b434a6c279,7814.62,15.0,CASH_OUT,COMPLETED,Cash Out,Simulated CASH_OUT,False,2026-08-03T19:48:17.718686+00:00,19,0,2.95,1
36cb11ad6576ae172a697be37e1b713d,TXN-9CF9A674,76d2086982f4a9e6bed9b3147eed7cbc,ac9fb77bcbd378402146779c00a5ffff,,2302.49,5.0,SEND_MONEY,COMPLETED,Send Money,Simulated SEND_MONEY,False,2026-08-18T21:33:55.718686+00:00,21,0,-0.11,1
f7fb55b843e07797675e83d0d2c5415f,TXN-30ADE822,920d641d4f1838031412092365b508f9,7bfa12e52337128e6a95dc4ae4de2ee1,,2218.41,5.0,SEND_MONEY,COMPLETED,Send Money,Simulated SEND_MONEY,False,2026-08-22T08:44:08.718686+00:00,8,0,-0.16,1
b939c783a156d7fe722fdaec6b40a1c1,TXN-2437CF7A,c3b37cdf478b5f1365d70e59a9bc7db5,afcf8f047d02a8cefb9e5053b9802e7a,c3b37cdf478b5f1365d70e59a9bc7db5,6246.02,0.0,CASH_IN,COMPLETED,Cash In,Simulated CASH_IN,False,2026-08-21T05:47:14.718686+00:00,5,1,2.08,2
1bba14ead2dab6f804c3f40257e7905f,TXN-EEF988FE,7646bcb6920612b5e359b12633365514,76d2086982f4a9e6bed9b3147eed7cbc,,1175.68,5.0,SEND_MONEY,COMPLETED,Send Money,Simulated SEND_MONEY,False,2026-09-18T18:31:13.718686+00:00,18,0,-0.74,1
2568d64a060e52803e8c50f2dc10fa04,TXN-32D0A16F,5aeb81f0b34f243855d547a027205162,885e891c4171db3ca38bbb35f664c8fc,885e891c4171db3ca38bbb35f664c8fc,3341.3,15.0,CASH_OUT,COMPLETED,Cash Out,Simulated CASH_OUT,False,2026-09-18T06:07:02.718686+00:00,6,0,0.47,1
5b3335fa7c5a686fe610af021d797eec,TXN-9051C8C1,b105797ce7097a9d7175762f71c33e73,ff0283fc6d6fcb75b58eb34c73cfeaeb,ff0283fc6d6fcb75b58eb34c73cfeaeb,7942.4,15.0,CASH_OUT,COMPLETED,Cash Out,Simulated CASH_OUT,False,2026-07-15T20:24:20.718686+00:00,20,0,3.02,1
3b4754e9ea4324e72a6e83a22dd71102,TXN-F2242D3F,887489e7c99502841ba83eec893afe1d,9708ab5e440dc80ab8deaa5aa649c2a6,,273.32,0.0,RECHARGE,COMPLETED,Recharge,Simulated RECHARGE,False,2026-09-11T22:00:18.718686+00:00,22,0,-1.24,1
bb1b137dd2193a48981b9d587af95387,TXN-F62F283C,b7602bda5c16c93cd75c0dbcdd2f6d6c,687322ba46ad7d1a6dcdcbed6b3c57d9,,123.54,0.0,RECHARGE,COMPLETED,Recharge,Simulated RECHARGE,False,2026-08-15T03:23:29.718686+00:00,3,1,-1.32,1
91374aa6bc2d689f92aa1baf74908c86,TXN-537DF584,d9df0dce0fdbee946099d135178b0651,0e65de46311e9c847c499c11aa845484,0e65de46311e9c847c499c11aa845484,14009.95,15.0,CASH_OUT,COMPLETED,Cash Out,Simulated CASH_OUT,False,2026-08-04T10:11:12.718686+00:00,10,0,6.39,1
beedc0341569088f8edecce6f3a99790,TXN-6A79AA9A,0fc954a8903d8d3906c6f655090a2772,fd47a55fd1e7be8b66eb4061f0a37bc1,,2236.7,0.0,BILL_PAY,COMPLETED,Bill Pay,Simulated BILL_PAY,False,2026-07-15T06:46:53.718686+00:00,6,0,-0.15,1
9799823c131db3e1c297aaf2f8bef421,TXN-911DF44B,5aeb81f0b34f243855d547a027205162,641575d590fb761036ec5b80cdf1203a,,4559.94,5.0,SEND_MONEY,COMPLETED,Send Money,Simulated SEND_MONEY,False,2026-07-22T13:09:53.718686+00:00,13,0,1.14,1
e169219ec78d8247b7d252b9e2830f82,TXN-2CC6DA1E,f63764957f52e118034140e73b764fd8,9ca2c035804c1751d9bb84108e46b24b,,93.53,0.0,RECHARGE,COMPLETED,Recharge,Simulated RECHARGE,False,2026-08-18T05:01:03.718686+00:00,5,1,-1.34,2
91c8ee059c76f021e2ed6dba5bbe6ffc,TXN-7038D840,e2b37ac0f1e35aae80becc0986504993,c93486184196482ee09eeb5394eb3284,,735.83,5.0,SEND_MONEY,COMPLETED,Send Money,Simulated SEND_MONEY,False,2026-07-29T10:07:22.718686+00:00,10,0,-0.98,1
edfdf71d23093b225dcc5f371a16f40b,TXN-3D4C3F5F,a0a78b533b925cc977153bb8cccf195f,36abffacfee81ff100accb009afd7377,a0a78b533b925cc977153bb8cccf195f,12674.02,0.0,CASH_IN,COMPLETED,Cash In,Simulated CASH_IN,False,2026-07-17T22:11:34.718686+00:00,22,0,5.65,1
9ef14989b47d2c6deed53889d87715f2,TXN-0961DA8D,b62a999cc4eeb9376b4dda8f15f3b983,fc9c1388504a06a82f25be52c4a6f5a5,,1065.56,0.0,MERCHANT_PAY,COMPLETED,Merchant Pay,Simulated MERCHANT_PAY,False,2026-08-24T08:58:06.718686+00:00,8,0,-0.8,1
a16b8a29b0a05b3b10adc7d554f3fd36,TXN-A01CCF1E,dfcc900c6dbec41542ed1b6650d9edf5,035c936add07d70d3d44b37710f68d9b,,644.87,0.0,BILL_PAY,COMPLETED,Bill Pay,Simulated BILL_PAY,False,2026-08-18T15:07:33.718686+00:00,15,0,-1.03,1
3a86ba82886c6b1e54f7a4cb5d05ec4e,TXN-FB5EB592,8275aee7949dab0b3757c0d16495741a,5d4470618fa83366c874eea88d34d4d1,,229.13,0.0,RECHARGE,COMPLETED,Recharge,Simulated RECHARGE,False,2026-09-01T08:28:39.718686+00:00,8,0,-1.26,1
7a357b40bd4f4f21352058763fad9e43,TXN-DBA8A23C,7e25924565710a7c41b0ba3c9f3bfbe9,1cd31cec7165b0f999e22f35ea0f297b,,4493.66,5.0,SEND_MONEY,COMPLETED,Send Money,Simulated SEND_MONEY,False,2026-09-19T12:08:11.718686+00:00,12,0,1.11,1
88a3556a5aca5c72e66a75d1f8178763,TXN-81892116,d604f2ebd984a759fc53f682396031cd,0dd188fb9dd3735e1ba71bddcf9b5680,,3899.08,5.0,SEND_MONEY,COMPLETED,Send Money,Simulated SEND_MONEY,False,2026-09-09T15:00:07.718686+00:00,15,0,0.78,1
a44a35d701d66acb96156a5c5218b451,TXN-74448FCE,ec6e284035e6331bdc37fe8d94a47b09,b9376a572eeedc5c8dfd978d9d452846,,3001.01,0.0,BILL_PAY,COMPLETED,Bill Pay,Simulated BILL_PAY,False,2026-09-10T12:42:45.718686+00:00,12,0,0.28,1
8c44a82b10643f44db9e444d7d6e923e,TXN-A5EF3913,b13eb846b74a47cc34cd153c313fc9b4,fe650fe8f7f1b92ef09c9e9930e4af3f,,4733.51,5.0,SEND_MONEY,COMPLETED,Send Money,Simulated SEND_MONEY,False,2026-07-27T22:48:16.718686+00:00,22,0,1.24,1
c0b7da866e30b65e74a21ffa87bb2a10,TXN-080A5854,3db00c6efa2ff90560fd5e189b42a097,b9376a572eeedc5c8dfd978d9d452846,,71.26,0.0,RECHARGE,COMPLETED,Recharge,Simulated RECHARGE,False,2026-09-22T05:02:11.718686+00:00,5,1,-1.35,2
f374db127e0a9921b3ab8aab799ce3f5,TXN-6DC34A61,2f12019338fde08f7f9d2612b6f5b02b,d604f2ebd984a759fc53f682396031cd,,3089.93,5.0,SEND_MONEY,COMPLETED,Send Money,Simulated SEND_MONEY,False,2026-07-27T04:05:38.718686+00:00,4,1,0.33,2
6fc45ca7a264f8b6bf5e87e8275d2c74,TXN-558C90D1,39495bec7941dda30d5ffb10dc7835a0,cf34c4e00ac75bb140c3d733b7d0acdf,,4527.33,5.0,SEND_MONEY,COMPLETED,Send Money,Simulated SEND_MONEY,False,2026-09-08T23:44:18.718686+00:00,23,0,1.13,1
f6204a6ef3802cbb24f26a820e32fc35,TXN-51A25B13,63d8729ad99d6620a0333cebe2d7207a,ec6e284035e6331bdc37fe8d94a47b09,,4717.76,5.0,SEND_MONEY,COMPLETED,Send Money,Simulated SEND_MONEY,False,2026-07-09T07:02:43.718686+00:00,7,0,1.23,1
acb661111360e2ae9986d4fb9cf6af3a,TXN-973B0155,9f29423a96953422c38499fabad1f7e2,cd014c6c636613884125f62c886cd09e,9f29423a96953422c38499fabad1f7e2,2679.17,0.0,CASH_IN,COMPLETED,Cash In,Simulated CASH_IN,False,2026-09-02T04:19:45.718686+00:00,4,1,0.1,1
187d41d2aa8751665e7547bf9690b9d7,TXN-9122D254,61874613550dc5121fdaaac0737a643d,91636429900048d39a6a81c76e775fe7,91636429900048d39a6a81c76e775fe7,6527.31,15.0,CASH_OUT,COMPLETED,Cash Out,Simulated CASH_OUT,False,2026-09-28T21:49:51.718686+00:00,21,0,2.24,1
5516ee532b4b16b71bf02ebab8955ba2,TXN-5E8810D4,7646bcb6920612b5e359b12633365514,016214150e97fb9ec49141665b32485f,,537.08,0.0,BILL_PAY,COMPLETED,Bill Pay,Simulated BILL_PAY,False,2026-09-02T16:33:04.718686+00:00,16,0,-1.09,1
0db76dc240c527953df861691b492f0a,TXN-3B9CF773,016214150e97fb9ec49141665b32485f,4c78b5ebb63af8ec922f3fa771763324,,120.47,0.0,RECHARGE,COMPLETED,Recharge,Simulated RECHARGE,False,2026-09-10T05:09:05.718686+00:00,5,1,-1.32,1
28139966ce7d48d072a160b9b912cc65,TXN-D7C4A106,6ab9575a1b7d1060f24d980c1141bfa8,56d3630d48a7c5213076e6c42c8e9cc3,56d3630d48a7c5213076e6c42c8e9cc3,11298.59,15.0,CASH_OUT,COMPLETED,Cash Out,Simulated CASH_OUT,False,2026-08-03T00:42:54.718686+00:00,0,0,4.89,1
3e2dc3ed9a2e57caf3480a6aa013b6af,TXN-9C076FD2,a0a78b533b925cc977153bb8cccf195f,f89e0aa9ae8d55dcb43d0315270b2238,a0a78b533b925cc977153bb8cccf195f,11492.24,0.0,CASH_IN,COMPLETED,Cash In,Simulated CASH_IN,False,2026-07-17T12:23:20.718686+00:00,12,0,5.0,1
625334d8e3f38e002ab3677c72166ecc,TXN-B94AE9FD,0f2255d256be218b494e0e4b1a7f5e1c,5aeb81f0b34f243855d547a027205162,,731.38,0.0,MERCHANT_PAY,COMPLETED,Merchant Pay,Simulated MERCHANT_PAY,False,2026-07-27T19:00:14.718686+00:00,19,0,-0.98,1
ea676dec38ec56e34d384995818e30b5,TXN-0F70CA61,d604f2ebd984a759fc53f682396031cd,b1a66b3f63e51e2a843b9028fcb6ded2,b1a66b3f63e51e2a843b9028fcb6ded2,7084.17,15.0,CASH_OUT,COMPLETED,Cash Out,Simulated CASH_OUT,False,2026-09-11T17:30:33.718686+00:00,17,0,2.55,1
3681ea79476bebce52027643010b781c,TXN-0A585A6E,61874613550dc5121fdaaac0737a643d,57707b18e970117a25c5297be1006ebb,,809.0,0.0,MERCHANT_PAY,COMPLETED,Merchant Pay,Simulated MERCHANT_PAY,False,2026-09-20T06:35:36.718686+00:00,6,0,-0.94,1
a3d10b2557f49e13d3584f02da16f244,TXN-4E0D549C,947ad30ee89e026f62bb39e7b8666c6e,c3b37cdf478b5f1365d70e59a9bc7db5,c3b37cdf478b5f1365d70e59a9bc7db5,2940.48,15.0,CASH_OUT,COMPLETED,Cash Out,Simulated CASH_OUT,False,2026-08-11T08:52:04.718686+00:00,8,0,0.24,1
445c28e08f3f87a6115dbd83871b2c96,TXN-313E26BA,8d188907e63291714835adb689e38229,94c1c7dc8088ba9666392ead9b770797,,2555.42,0.0,BILL_PAY,COMPLETED,Bill Pay,Simulated BILL_PAY,False,2026-07-20T06:14:44.718686+00:00,6,0,0.03,1
bfa4125b547d149378c8fcbc00ffa717,TXN-5CE45F76,6fa7dee9d506c590d0adc559242b754b,52431bf282c88707e62fd18b75abcf77,,58.72,0.0,RECHARGE,COMPLETED,Recharge,Simulated RECHARGE,False,2026-07-09T04:10:59.718686+00:00,4,1,-1.36,2
1b40f7981bacc2851414850bfa06fd6c,TXN-05D45A88,887489e7c99502841ba83eec893afe1d,a2e926c1267324ec26163a35e075df06,,725.68,0.0,MERCHANT_PAY,COMPLETED,Merchant Pay,Simulated MERCHANT_PAY,False,2026-08-25T09:40:54.718686+00:00,9,0,-0.99,1
6d9eaac3c9d01ed9a4e46a950cafa648,TXN-D6B7D041,63d8729ad99d6620a0333cebe2d7207a,36abffacfee81ff100accb009afd7377,,2137.59,5.0,SEND_MONEY,COMPLETED,Send Money,Simulated SEND_MONEY,False,2026-09-24T19:15:07.718686+00:00,19,0,-0.2,1
90dfd49f630e0c0bf4aeeac51d282946,TXN-A898BDE3,39495bec7941dda30d5ffb10dc7835a0,b780a4cf9f6267374ca9ca7c3042586f,,713.49,0.0,BILL_PAY,COMPLETED,Bill Pay,Simulated BILL_PAY,False,2026-07-20T15:55:13.718686+00:00,15,0,-0.99,1
51b5325d6aea658ef9be6e04630fe9a3,TXN-D2978083,f1d3d9ce7cc465b1935b28bd8972bcdf,c93486184196482ee09eeb5394eb3284,,179.98,0.0,RECHARGE,COMPLETED,Recharge,Simulated RECHARGE,False,2026-08-22T20:52:36.718686+00:00,20,0,-1.29,1
f9f8ac900515f7127f5d0ab6a6528fbe,TXN-E8492079,67108e809ac0c87e3f3f926a9e8a9569,56d3630d48a7c5213076e6c42c8e9cc3,56d3630d48a7c5213076e6c42c8e9cc3,6786.12,15.0,CASH_OUT,COMPLETED,Cash Out,Simulated CASH_OUT,False,2026-08-01T06:46:27.718686+00:00,6,0,2.38,1
3d2d0f5c595bf80af2d7766b425b4626,TXN-79203C74,56e8207d13bee145b0139e9bb3a77636,016214150e97fb9ec49141665b32485f,,3706.67,5.0,SEND_MONEY,COMPLETED,Send Money,Simulated SEND_MONEY,False,2026-08-17T08:38:31.718686+00:00,8,0,0.67,1
6858c6086b515c222fe0f834971d7dda,TXN-7E4AEE0F,fadf4e0aa4e6db699191d450e3cfca90,22c8bad4d62b01cf4e1270d7be143d90,,1999.22,0.0,MERCHANT_PAY,COMPLETED,Merchant Pay,Simulated MERCHANT_PAY,False,2026-09-10T21:19:24.718686+00:00,21,0,-0.28,1
9c3ec2d9f4b0e53511a7924e767ae60a,TXN-9E70EE5D,955ec133542f6e80c30f4952fee80d33,4c576c0ae86216b6f6e0065855ef4b55,,154.98,0.0,RECHARGE,COMPLETED,Recharge,Simulated RECHARGE,False,2026-09-24T02:35:42.718686+00:00,2,1,-1.3,1
50781d70e3cf3286213bcc272e36e012,TXN-FE13A54A,d529ec7c7730634f441257c91dad22c0,b780a4cf9f6267374ca9ca7c3042586f,,3652.25,5.0,SEND_MONEY,BLOCKED,Send Money,Simulated SEND_MONEY,True,2026-07-15T20:22:37.718686+00:00,20,0,0.64,1
8b559944c8e18270cecf5cb929c7ae79,TXN-9B046AA7,3b07bdc1c386d1c7a5047c4d4a4a0ea7,f60a322e38c9343ece39f96df2f9dd6e,,400.46,0.0,RECHARGE,COMPLETED,Recharge,Simulated RECHARGE,False,2026-07-24T21:04:11.718686+00:00,21,0,-1.17,1
c36cfdf0a931f864bd0b686700bd7e7d,TXN-478E3E1F,e2b37ac0f1e35aae80becc0986504993,2fe489dc20c1708cfa581d796a164a05,,56.48,0.0,RECHARGE,COMPLETED,Recharge,Simulated RECHARGE,False,2026-07-08T04:35:30.718686+00:00,4,1,-1.36,2
bf17723170ebb042d7d8791524217b22,TXN-3E417633,81253f4aa18bb992bcd0e6e9b1fa0507,f63764957f52e118034140e73b764fd8,,2278.4,0.0,MERCHANT_PAY,COMPLETED,Merchant Pay,Simulated MERCHANT_PAY,False,2026-08-03T08:23:05.718686+00:00,8,0,-0.12,1
446c1da76acc26b3b8b88cb9ae2387c0,TXN-57348BBD,0d3fa09ecaba91e19a1f466e6ed0ab3d,a780a78582d457ca210edde8e3c1d88d,,363.0,0.0,RECHARGE,COMPLETED,Recharge,Simulated RECHARGE,False,2026-09-07T07:55:22.718686+00:00,7,0,-1.19,1
df4f3dce3be0247020e3cb007b4eb8cc,TXN-79D974D5,f073b58ca6bf5f68a77b501b3e16b8fa,a0a78b533b925cc977153bb8cccf195f,a0a78b533b925cc977153bb8cccf195f,13356.64,15.0,CASH_OUT,COMPLETED,Cash Out,Simulated CASH_OUT,False,2026-08-04T09:52:07.718686+00:00,9,0,6.03,1
f41b95fd3063030dc94e6b3b94e0fc5f,TXN-411352A8,6d9b4fa238dde07f567f7dbd00b23fd7,ff0283fc6d6fcb75b58eb34c73cfeaeb,ff0283fc6d6fcb75b58eb34c73cfeaeb,10241.54,15.0,CASH_OUT,COMPLETED,Cash Out,Simulated CASH_OUT,False,2026-09-06T15:11:46.718686+00:00,15,0,4.3,1
6fe13c42bba93124f4871abb4e303691,TXN-1321D67B,b105797ce7097a9d7175762f71c33e73,6fa7dee9d506c590d0adc559242b754b,,37.52,0.0,RECHARGE,COMPLETED,Recharge,Simulated RECHARGE,False,2026-09-07T02:46:00.718686+00:00,2,1,-1.37,1
96d30a4ac94d6869f4a88da603f5193e,TXN-ED8EA096,d0b4cd2df32ef122a0c71b82035e6dc3,d2c0e952054db218612de01b8b401e3d,,851.24,0.0,MERCHANT_PAY,COMPLETED,Merchant Pay,Simulated MERCHANT_PAY,False,2026-09-15T11:23:05.718686+00:00,11,0,-0.92,1
90f6bf7dcf5909058fef83a3eb2c7e23,TXN-3464F6A3,885e891c4171db3ca38bbb35f664c8fc,955ec133542f6e80c30f4952fee80d33,885e891c4171db3ca38bbb35f664c8fc,6959.83,0.0,CASH_IN,COMPLETED,Cash In,Simulated CASH_IN,False,2026-09-14T20:33:20.718686+00:00,20,0,2.48,1
9c17057dd5523f9518611326b8339725,TXN-DA8531F6,f611ce5213887ad5e4699085f1c73845,016214150e97fb9ec49141665b32485f,,4368.28,5.0,SEND_MONEY,COMPLETED,Send Money,Simulated SEND_MONEY,False,2026-07-20T23:38:30.718686+00:00,23,0,1.04,1
0f9d1fb49688cd71542b0245d67f33f6,TXN-2E71166F,e11d3919fbbacb05b53b3da8bde233d6,fd47a55fd1e7be8b66eb4061f0a37bc1,,1897.58,0.0,MERCHANT_PAY,COMPLETED,Merchant Pay,Simulated MERCHANT_PAY,False,2026-09-24T12:41:25.718686+00:00,12,0,-0.33,1
0692081355c2793ca47d8ac58f198229,TXN-27539445,ff0283fc6d6fcb75b58eb34c73cfeaeb,44441b337855f3507cd7f3f529f9ed9b,ff0283fc6d6fcb75b58eb34c73cfeaeb,4795.51,0.0,CASH_IN,COMPLETED,Cash In,Simulated CASH_IN,False,2026-08-30T04:18:11.718686+00:00,4,1,1.28,1
bc64e087bb38a8db10af06b97d403cf9,TXN-8FD02D2E,9708ab5e440dc80ab8deaa5aa649c2a6,21432700fffec608e4fd2fb0ddb36d82,,1550.84,0.0,MERCHANT_PAY,COMPLETED,Merchant Pay,Simulated MERCHANT_PAY,False,2026-08-01T15:56:45.718686+00:00,15,0,-0.53,1
d330c3920149904291cf2e6c72b4741b,TXN-C83F46B2,4c78b5ebb63af8ec922f3fa771763324,f1fd93ab956002b687a10b08b5d72967,,2090.58,0.0,MERCHANT_PAY,COMPLETED,Merchant Pay,Simulated MERCHANT_PAY,False,2026-07-22T23:34:14.718686+00:00,23,0,-0.23,1
6673f52f038a388e8c5abed7a928721b,TXN-D21DA602,d5ad98674d6c69eab07fbb6c5f6ec434,cf34c4e00ac75bb140c3d733b7d0acdf,,1060.22,5.0,SEND_MONEY,COMPLETED,Send Money,Simulated SEND_MONEY,False,2026-07-13T17:47:41.718686+00:00,17,0,-0.8,1
e5ef683952feb022d00e5e806f024e52,TXN-95029E45,45b882f3960f148988c5b8fe01addac1,a780a78582d457ca210edde8e3c1d88d,,513.67,0.0,BILL_PAY,COMPLETED,Bill Pay,Simulated BILL_PAY,False,2026-09-23T10:39:19.718686+00:00,10,0,-1.1,1
dd241019b21cc279c3b7ed384ac79d41,TXN-C52DAFF3,ec6e284035e6331bdc37fe8d94a47b09,5aeb81f0b34f243855d547a027205162,,184.07,0.0,RECHARGE,COMPLETED,Recharge,Simulated RECHARGE,False,2026-07-30T03:35:16.718686+00:00,3,1,-1.29,2
b9194e8a0cbf3023e6fd456b88460108,TXN-6A447C00,4c64ccf00086f53c7786ee74543a024a,914ea800aac501972796ea5d55d04ec0,,547.92,0.0,BILL_PAY,COMPLETED,Bill Pay,Simulated BILL_PAY,False,2026-08-07T14:01:13.718686+00:00,14,0,-1.08,1
1739eecd3feb9b11b4845a0915f96f7f,TXN-D9B987EB,2e83ddfe2c55078090a49c56b71a1ae2,687322ba46ad7d1a6dcdcbed6b3c57d9,,4014.89,5.0,SEND_MONEY,COMPLETED,Send Money,Simulated SEND_MONEY,False,2026-08-08T14:06:47.718686+00:00,14,0,0.84,1
1f235cf9b369d02bef82147bd7a17b9d,TXN-38667CAE,6d9b4fa238dde07f567f7dbd00b23fd7,b13eb846b74a47cc34cd153c313fc9b4,,315.63,0.0,RECHARGE,BLOCKED,Recharge,Simulated RECHARGE,True,2026-09-21T03:41:05.718686+00:00,3,1,-1.21,1
6c0936c08680d595007b8b572ebb584a,TXN-543A6F56,48788294ece10d689d0579adc948163a,d2c0e952054db218612de01b8b401e3d,,2456.0,5.0,SEND_MONEY,COMPLETED,Send Money,Simulated SEND_MONEY,False,2026-09-21T22:55:27.718686+00:00,22,0,-0.02,1
3fafb918daa7e6ae5672bbc5b3bad9f5,TXN-3C4BC68B,9708ab5e440dc80ab8deaa5aa649c2a6,de5424d71169e0b98a120957644e7040,,224.19,0.0,RECHARGE,COMPLETED,Recharge,Simulated RECHARGE,False,2026-07-23T12:13:17.718686+00:00,12,0,-1.26,1
b3cc8c7b02aa184b5e51939b772a6695,TXN-B111BDD2,f1d3d9ce7cc465b1935b28bd8972bcdf,f60a322e38c9343ece39f96df2f9dd6e,,14181.18,5.0,SEND_MONEY,COMPLETED,Send Money,Simulated SEND_MONEY,False,2026-08-05T13:59:06.718686+00:00,13,0,6.49,1
7a32ac067a9908c45a3713d23bd2fcb5,TXN-E25940C8,2560a9c45b7f736ff2833acf0ba23b3e,7bfa12e52337128e6a95dc4ae4de2ee1,,478.57,0.0,RECHARGE,COMPLETED,Recharge,Simulated RECHARGE,False,2026-07-16T15:37:55.718686+00:00,15,0,-1.12,1
cc3a7d9068d95221c16ba09869ba5990,TXN-43DFBFA5,8dec199f53c51c5628944251dda68691,7ec15cd222dd1fc98dd0e7cd9751fa9d,,98.37,0.0,RECHARGE,COMPLETED,Recharge,Simulated RECHARGE,False,2026-09-06T02:42:45.718686+00:00,2,1,-1.33,1
fb703b01992c3960560bbf4e081e79b8,TXN-57BE592F,45b882f3960f148988c5b8fe01addac1,f24ec36fe902d9fc366bf6c5c42558c0,,122.61,0.0,RECHARGE,COMPLETED,Recharge,Simulated RECHARGE,False,2026-09-29T06:11:16.718686+00:00,6,0,-1.32,1
f177e9c16a3c2ca15a4605c828a8330f,TXN-B3E7C1CF,f60a322e38c9343ece39f96df2f9dd6e,687322ba46ad7d1a6dcdcbed6b3c57d9,,113.47,0.0,MERCHANT_PAY,COMPLETED,Merchant Pay,Simulated MERCHANT_PAY,False,2026-07-07T00:43:15.718686+00:00,0,0,-1.33,1
907d231e31cb81300c1dec63c62061d4,TXN-1E20EE2B,a9471c06d90eef52295526c0ef9c12bf,8275aee7949dab0b3757c0d16495741a,,407.29,0.0,BILL_PAY,COMPLETED,Bill Pay,Simulated BILL_PAY,False,2026-08-07T11:53:49.718686+00:00,11,0,-1.16,1
4623932b2f315174f7e5bb8835acd9a4,TXN-7C1CC5A5,9708ab5e440dc80ab8deaa5aa649c2a6,1cd31cec7165b0f999e22f35ea0f297b,,434.33,0.0,RECHARGE,COMPLETED,Recharge,Simulated RECHARGE,False,2026-08-07T03:34:23.718686+00:00,3,1,-1.15,2
060ab527827ae23ae8f7750e98522fda,TXN-5380338F,afcf8f047d02a8cefb9e5053b9802e7a,4c64ccf00086f53c7786ee74543a024a,,38.33,0.0,RECHARGE,COMPLETED,Recharge,Simulated RECHARGE,False,2026-09-26T13:27:18.718686+00:00,13,0,-1.37,1
d8269315c8dcc989520b32f039f6ab98,TXN-96A20F79,3e8f0387819d64fd0b03881045eac7c8,d9df0dce0fdbee946099d135178b0651,,2129.93,0.0,MERCHANT_PAY,COMPLETED,Merchant Pay,Simulated MERCHANT_PAY,False,2026-07-21T20:36:22.718686+00:00,20,0,-0.21,1
8a8fb7a903da486eb1c0c69029d2b934,TXN-48554BDD,ba3acf686a1a0d53a2f66a6207dcd795,f073b58ca6bf5f68a77b501b3e16b8fa,,4284.99,5.0,SEND_MONEY,COMPLETED,Send Money,Simulated SEND_MONEY,False,2026-07-18T13:24:01.718686+00:00,13,0,0.99,1
625e570bc30e9d9dd4b7b89639229fc7,TXN-EFACEA40,65fb813c4a8070e7d6f1e3c595c14972,774b058b32fa45e881e3520560698426,65fb813c4a8070e7d6f1e3c595c14972,9215.86,0.0,CASH_IN,COMPLETED,Cash In,Simulated CASH_IN,False,2026-08-14T23:45:06.718686+00:00,23,0,3.73,1
0d8b591e101a499070e05dafea2cd92a,TXN-C8EE73CF,4475a6a8efb7ee576f44e9a1cf97e616,9ca2c035804c1751d9bb84108e46b24b,,4151.48,5.0,SEND_MONEY,COMPLETED,Send Money,Simulated SEND_MONEY,False,2026-09-28T19:49:45.718686+00:00,19,0,0.92,1
0f0b910f58c9c94963aad7748fae0276,TXN-369B3DA5,f63764957f52e118034140e73b764fd8,6fa7dee9d506c590d0adc559242b754b,,1113.61,5.0,SEND_MONEY,COMPLETED,Send Money,Simulated SEND_MONEY,False,2026-08-30T19:12:40.718686+00:00,19,0,-0.77,1
147f8c4965770a5224b9a05c4fefb079,TXN-F37870E9,65934a85ba1c9c2d039acb02a4e9f5a7,29cc202556f422d15cf82e1512bff950,,6530.29,5.0,SEND_MONEY,COMPLETED,Send Money,Simulated SEND_MONEY,False,2026-07-06T04:55:11.718686+00:00,4,1,2.24,1
1735ad76fbb86e4535601e9a6f5b8f50,TXN-10635580,f1fd93ab956002b687a10b08b5d72967,b780a4cf9f6267374ca9ca7c3042586f,,569.13,5.0,SEND_MONEY,COMPLETED,Send Money,Simulated SEND_MONEY,False,2026-07-19T20:53:17.718686+00:00,20,0,-1.07,1
0ade97a2a2efe790d7050a1ee8b710f0,TXN-7B0D37FA,3a288796c66b6cb72b3c765d5f0440db,59b4db4760e9c7b71f89662b46b5744d,59b4db4760e9c7b71f89662b46b5744d,16403.58,15.0,CASH_OUT,COMPLETED,Cash Out,Simulated CASH_OUT,False,2026-08-02T16:49:03.718686+00:00,16,0,7.72,1
d159d630213225f35256b64e7dbc23d8,TXN-554CFBF1,2560a9c45b7f736ff2833acf0ba23b3e,641575d590fb761036ec5b80cdf1203a,,788.98,0.0,MERCHANT_PAY,COMPLETED,Merchant Pay,Simulated MERCHANT_PAY,False,2026-08-13T19:31:57.718686+00:00,19,0,-0.95,1
9b5a71907fc336aea9e49014874aef37,TXN-8445AB1E,163b7bf9da2842a111d4d8c94377f29f,e2b37ac0f1e35aae80becc0986504993,,1580.42,5.0,SEND_MONEY,COMPLETED,Send Money,Simulated SEND_MONEY,False,2026-07-30T03:31:23.718686+00:00,3,1,-0.51,1
ff28fe02942e275512a9dabb54057dd3,TXN-A694530F,ba184c813197d29e79ddc76c6d457c16,016214150e97fb9ec49141665b32485f,,2090.8,0.0,MERCHANT_PAY,COMPLETED,Merchant Pay,Simulated MERCHANT_PAY,False,2026-08-19T16:57:32.718686+00:00,16,0,-0.23,1
7129808fbbd53fa76d7303810bf2330a,TXN-7A6B014D,f89e0aa9ae8d55dcb43d0315270b2238,df17af4790a0efbcb2dd7af3dc7310ac,,3480.02,0.0,BILL_PAY,COMPLETED,Bill Pay,Simulated BILL_PAY,False,2026-07-25T13:10:37.718686+00:00,13,0,0.54,1
7e7dada976bb197183d4e19d8fcf8c47,TXN-FCE3F5E2,c93486184196482ee09eeb5394eb3284,a2e926c1267324ec26163a35e075df06,,194.33,0.0,RECHARGE,COMPLETED,Recharge,Simulated RECHARGE,False,2026-08-11T01:08:37.718686+00:00,1,1,-1.28,1
23bd493294bb8b92e153359f0ce653d0,TXN-9F50BD4F,6ab9575a1b7d1060f24d980c1141bfa8,885e891c4171db3ca38bbb35f664c8fc,885e891c4171db3ca38bbb35f664c8fc,11721.39,15.0,CASH_OUT,COMPLETED,Cash Out,Simulated CASH_OUT,False,2026-08-02T10:37:07.718686+00:00,10,0,5.12,1
4f2b8a3a4fb018f83d34fb3ac6848f0f,TXN-2CE5375F,d2c0e952054db218612de01b8b401e3d,914ea800aac501972796ea5d55d04ec0,,3184.08,0.0,BILL_PAY,COMPLETED,Bill Pay,Simulated BILL_PAY,False,2026-09-16T07:21:00.718686+00:00,7,0,0.38,1
27d806d308859e6be90160b4183492d7,TXN-7172A440,9e7e17b731d68635812244997dbab941,6ab9575a1b7d1060f24d980c1141bfa8,,3292.22,5.0,SEND_MONEY,COMPLETED,Send Money,Simulated SEND_MONEY,False,2026-07-06T23:22:14.718686+00:00,23,0,0.44,1
bb973d2e35425e81cd8dd7efe772c447,TXN-EA354D38,1cd31cec7165b0f999e22f35ea0f297b,422286bab6d7b8eea429bfee3894aa7b,422286bab6d7b8eea429bfee3894aa7b,10707.11,15.0,CASH_OUT,COMPLETED,Cash Out,Simulated CASH_OUT,False,2026-09-03T13:29:54.718686+00:00,13,0,4.56,1
959912fc46e78ea1166e23eae7ba58f7,TXN-65F2CA3D,4c576c0ae86216b6f6e0065855ef4b55,0dd188fb9dd3735e1ba71bddcf9b5680,,106.86,0.0,RECHARGE,COMPLETED,Recharge,Simulated RECHARGE,False,2026-08-06T02:47:12.718686+00:00,2,1,-1.33,1
2ed68d473e9a675f8516523815080313,TXN-8881B74F,4c576c0ae86216b6f6e0065855ef4b55,afcf8f047d02a8cefb9e5053b9802e7a,,477.91,0.0,RECHARGE,COMPLETED,Recharge,Simulated RECHARGE,False,2026-09-07T21:31:03.718686+00:00,21,0,-1.12,1
6cda0ded7c8c10c43c63793a60a88ed9,TXN-2927A08C,ba62a89e273f83051020288c4d221f17,885e891c4171db3ca38bbb35f664c8fc,885e891c4171db3ca38bbb35f664c8fc,7571.35,15.0,CASH_OUT,COMPLETED,Cash Out,Simulated CASH_OUT,False,2026-08-13T15:19:17.718686+00:00,15,0,2.82,1
389612a10e3bf23dee5e328f5d3e3a18,TXN-60DE8AED,df17af4790a0efbcb2dd7af3dc7310ac,a789b4fc165147cd64a864ea50e2f99b,,3864.24,5.0,SEND_MONEY,COMPLETED,Send Money,Simulated SEND_MONEY,False,2026-07-11T20:52:55.718686+00:00,20,0,0.76,1
d04eae05d1ebd48b39ec548567fa05a2,TXN-67B0C6EF,00bf0432ba6bf892a4b11dc619ce7ad3,db05a31aa77a8230c08e634a3795fe26,,984.53,5.0,SEND_MONEY,COMPLETED,Send Money,Simulated SEND_MONEY,False,2026-09-27T22:57:38.718686+00:00,22,0,-0.84,1
96671aa20a7c2d0f78906035de4ee62f,TXN-047012AB,b62a999cc4eeb9376b4dda8f15f3b983,44441b337855f3507cd7f3f529f9ed9b,,93.99,0.0,RECHARGE,BLOCKED,Recharge,Simulated RECHARGE,True,2026-08-29T20:52:25.718686+00:00,20,0,-1.34,1
d77dba43b563416edb8fadbeefbefeb2,TXN-592E5D72,955ec133542f6e80c30f4952fee80d33,21432700fffec608e4fd2fb0ddb36d82,,3221.07,0.0,BILL_PAY,COMPLETED,Bill Pay,Simulated BILL_PAY,False,2026-09-14T07:56:15.718686+00:00,7,0,0.4,1
b49e6d08f2888563443cde7847d9ee69,TXN-AE83C137,5d4470618fa83366c874eea88d34d4d1,4c576c0ae86216b6f6e0065855ef4b55,,3850.76,5.0,SEND_MONEY,COMPLETED,Send Money,Simulated SEND_MONEY,False,2026-07-18T07:42:07.718686+00:00,7,0,0.75,1
57c9f54ab2ce4c419f6a547a996c0549,TXN-81E3255D,df17af4790a0efbcb2dd7af3dc7310ac,94c1c7dc8088ba9666392ead9b770797,,2009.17,0.0,BILL_PAY,COMPLETED,Bill Pay,Simulated BILL_PAY,False,2026-09-30T09:02:59.718686+00:00,9,0,-0.27,1
be124a313b812ff06c08045a6c5dc152,TXN-F92AF4A9,a87506818a081f5835a17049b1ca9b41,93ed20f7af298133b5d5c110715e43f5,,1290.51,5.0,SEND_MONEY,COMPLETED,Send Money,Simulated SEND_MONEY,False,2026-07-09T01:39:44.718686+00:00,1,1,-0.67,1
00404153ab4aa2d5c3e750f3e931e581,TXN-F1EF1091,dfcc900c6dbec41542ed1b6650d9edf5,ba43d28df7fba6619bbe4dc11c06298b,,2574.76,5.0,SEND_MONEY,COMPLETED,Send Money,Simulated SEND_MONEY,False,2026-07-15T17:05:44.718686+00:00,17,0,0.04,1
770b9623d32f33de61820abe76e5b758,TXN-97F88986,f60a322e38c9343ece39f96df2f9dd6e,1b99ddafaa28f74dc164af9e24830bad,,881.13,5.0,SEND_MONEY,COMPLETED,Send Money,Simulated SEND_MONEY,False,2026-08-24T17:24:13.718686+00:00,17,0,-0.9,1
47b59e5830c1a1d695c08c33dc6ddeb2,TXN-DE75CA05,774b058b32fa45e881e3520560698426,2f12019338fde08f7f9d2612b6f5b02b,,2081.35,5.0,SEND_MONEY,COMPLETED,Send Money,Simulated SEND_MONEY,False,2026-08-08T08:56:44.718686+00:00,8,0,-0.23,1
8b66968212ad3d7af589e0aca7adef5b,TXN-4CFA685C,56e8207d13bee145b0139e9bb3a77636,10331bea5f8789681791495ed9517fe2,,1594.32,0.0,BILL_PAY,COMPLETED,Bill Pay,Simulated BILL_PAY,False,2026-09-30T21:16:58.718686+00:00,21,0,-0.5,1
1da3024b668ca4700acf9342966ddf35,TXN-748544D5,4c576c0ae86216b6f6e0065855ef4b55,947ad30ee89e026f62bb39e7b8666c6e,,3321.01,5.0,SEND_MONEY,COMPLETED,Send Money,Simulated SEND_MONEY,False,2026-08-24T10:08:44.718686+00:00,10,0,0.46,1
dceb01b9a7b574a2582a749e275a9179,TXN-59E2713A,0d3fa09ecaba91e19a1f466e6ed0ab3d,4475a6a8efb7ee576f44e9a1cf97e616,,4064.56,5.0,SEND_MONEY,COMPLETED,Send Money,Simulated SEND_MONEY,False,2026-08-08T16:40:42.718686+00:00,16,0,0.87,1
96261c5e0a590e3967583043ce9e47dd,TXN-7366BFEE,7ec15cd222dd1fc98dd0e7cd9751fa9d,921012c6b11c284a1771d9b434a6c279,921012c6b11c284a1771d9b434a6c279,1337.54,15.0,CASH_OUT,COMPLETED,Cash Out,Simulated CASH_OUT,False,2026-08-17T13:04:13.718686+00:00,13,0,-0.65,1
c7350cb0af1569b2dea696e263b176ba,TXN-108592F4,92d9cb140eda53d5046b82d656354805,ba62a89e273f83051020288c4d221f17,,4748.78,5.0,SEND_MONEY,COMPLETED,Send Money,Simulated SEND_MONEY,False,2026-07-15T23:03:58.718686+00:00,23,0,1.25,1
0d6881d061d45fc0c87807701938425b,TXN-2E87B4DD,94c1c7dc8088ba9666392ead9b770797,a789b4fc165147cd64a864ea50e2f99b,,5517.98,5.0,SEND_MONEY,COMPLETED,Send Money,Simulated SEND_MONEY,False,2026-09-02T09:25:28.718686+00:00,9,0,1.68,1
5d204e12839ce8cf45697abe0b8a8c1c,TXN-0847469B,91c41a04edd64e4c32a0af71604f336a,39495bec7941dda30d5ffb10dc7835a0,,13774.95,5.0,SEND_MONEY,COMPLETED,Send Money,Simulated SEND_MONEY,False,2026-10-01T07:02:11.718686+00:00,7,0,6.26,1
55207805d0eb1ad820a30755f3e18b7c,TXN-278E6D3A,016214150e97fb9ec49141665b32485f,57707b18e970117a25c5297be1006ebb,,814.44,0.0,MERCHANT_PAY,COMPLETED,Merchant Pay,Simulated MERCHANT_PAY,False,2026-08-27T18:13:43.718686+00:00,18,0,-0.94,1
29b8fdc4155ae66b16cf68596395d1a7,TXN-F5A1F90A,6574d17462a87d1730068b859da056f2,9ca2c035804c1751d9bb84108e46b24b,,116.3,0.0,RECHARGE,COMPLETED,Recharge,Simulated RECHARGE,False,2026-08-25T02:38:35.718686+00:00,2,1,-1.32,2
63a88747f0db28000b928435ceef2910,TXN-C96E5050,de5424d71169e0b98a120957644e7040,44441b337855f3507cd7f3f529f9ed9b,,5528.33,5.0,SEND_MONEY,COMPLETED,Send Money,Simulated SEND_MONEY,False,2026-09-02T16:03:50.718686+00:00,16,0,1.68,1
384a1bdaddb62d50b18b4753bd6df959,TXN-F6FFD830,db05a31aa77a8230c08e634a3795fe26,ab033cdcb66402849ab1b6df20d638bb,,2452.64,0.0,MERCHANT_PAY,COMPLETED,Merchant Pay,Simulated MERCHANT_PAY,False,2026-09-24T21:16:21.718686+00:00,21,0,-0.03,1
fc7acb5ca86cd87556fb4ce79cb96db0,TXN-172C42CE,5458c6d9f0729c3bde4bb221abc8b6b5,db05a31aa77a8230c08e634a3795fe26,,4759.24,5.0,SEND_MONEY,COMPLETED,Send Money,Simulated SEND_MONEY,False,2026-08-29T08:10:52.718686+00:00,8,0,1.26,1
d0676b7d7abd7a6e91b6865c3a7b7d1d,TXN-6C2E1437,d6b3bdced8ec51ba8bfd3d4c8c1cf865,39495bec7941dda30d5ffb10dc7835a0,,3483.74,0.0,BILL_PAY,COMPLETED,Bill Pay,Simulated BILL_PAY,False,2026-07-20T00:34:06.718686+00:00,0,0,0.55,1
f725517444e97b3d817b1c1eadcf4d6a,TXN-86F328B2,f89e0aa9ae8d55dcb43d0315270b2238,a9471c06d90eef52295526c0ef9c12bf,,988.67,0.0,BILL_PAY,COMPLETED,Bill Pay,Simulated BILL_PAY,False,2026-07-12T07:12:58.718686+00:00,7,0,-0.84,1
081c01872962f340966cc0fc3c2fdad9,TXN-EBCE723C,995a897619c18fbb346657bdfc41c6f7,920d641d4f1838031412092365b508f9,,2234.79,0.0,BILL_PAY,COMPLETED,Bill Pay,Simulated BILL_PAY,False,2026-08-10T11:51:07.718686+00:00,11,0,-0.15,1
81511b9d2a08b74af72831eac2c9e5fc,TXN-79B68056,21432700fffec608e4fd2fb0ddb36d82,f1fd93ab956002b687a10b08b5d72967,,1179.26,0.0,BILL_PAY,COMPLETED,Bill Pay,Simulated BILL_PAY,False,2026-07-08T08:40:33.718686+00:00,8,0,-0.73,1
1f2ba66c4bca53a18e95de8e8ad5b924,TXN-BAC51EE1,a789b4fc165147cd64a864ea50e2f99b,fd47a55fd1e7be8b66eb4061f0a37bc1,,71.81,0.0,RECHARGE,COMPLETED,Recharge,Simulated RECHARGE,False,2026-08-16T01:38:21.718686+00:00,1,1,-1.35,2
c4f581c6cbb35b2adff1b9d1e466df8b,TXN-B740D540,d9df0dce0fdbee946099d135178b0651,942a55200af93c74d921d93f2beb656e,,1700.27,5.0,SEND_MONEY,COMPLETED,Send Money,Simulated SEND_MONEY,False,2026-09-14T18:02:54.718686+00:00,18,0,-0.44,1
20c5a7d70174791e0e4060b6117f4500,TXN-B074AE3B,e2725c5bff2b6162cf06fb1afa9b4940,63d8729ad99d6620a0333cebe2d7207a,,1118.22,0.0,BILL_PAY,COMPLETED,Bill Pay,Simulated BILL_PAY,False,2026-08-01T12:58:08.718686+00:00,12,0,-0.77,1
750752631ea61429a430e6d0cfd1fd04,TXN-D8379C2C,d1e7a9987d0f9ba4aae3ede8a912f4e5,7e25924565710a7c41b0ba3c9f3bfbe9,,3777.85,5.0,SEND_MONEY,COMPLETED,Send Money,Simulated SEND_MONEY,False,2026-09-15T06:09:46.718686+00:00,6,0,0.71,1
2f3387deff6134bd328d52cd4f16f527,TXN-296A9164,b105797ce7097a9d7175762f71c33e73,422286bab6d7b8eea429bfee3894aa7b,422286bab6d7b8eea429bfee3894aa7b,13115.45,15.0,CASH_OUT,COMPLETED,Cash Out,Simulated CASH_OUT,False,2026-09-01T10:36:27.718686+00:00,10,0,5.9,1
6af71f30d3d5479d2dcd759534d1300d,TXN-001D7840,955ec133542f6e80c30f4952fee80d33,cf34c4e00ac75bb140c3d733b7d0acdf,,495.05,0.0,RECHARGE,COMPLETED,Recharge,Simulated RECHARGE,False,2026-08-11T13:51:00.718686+00:00,13,0,-1.11,1
b47291c5cd10939d52df736de054d858,TXN-612F2CF7,57707b18e970117a25c5297be1006ebb,63d8729ad99d6620a0333cebe2d7207a,,607.13,0.0,MERCHANT_PAY,COMPLETED,Merchant Pay,Simulated MERCHANT_PAY,False,2026-07-20T21:07:18.718686+00:00,21,0,-1.05,1
b39c45bd048673449856feb2d7be235c,TXN-77C875FA,fd47a55fd1e7be8b66eb4061f0a37bc1,2560a9c45b7f736ff2833acf0ba23b3e,,1903.07,0.0,MERCHANT_PAY,COMPLETED,Merchant Pay,Simulated MERCHANT_PAY,False,2026-08-26T13:37:05.718686+00:00,13,0,-0.33,1
e9f2a6861d8b989fa77ab293ca6859a1,TXN-32D5A4BB,cf34c4e00ac75bb140c3d733b7d0acdf,81253f4aa18bb992bcd0e6e9b1fa0507,,172.53,0.0,RECHARGE,COMPLETED,Recharge,Simulated RECHARGE,False,2026-07-19T16:38:31.718686+00:00,16,0,-1.29,1
39d3523b6d395941dd2c4a049b1caeaa,TXN-A16ED3F2,7ec15cd222dd1fc98dd0e7cd9751fa9d,4c576c0ae86216b6f6e0065855ef4b55,,7040.58,5.0,SEND_MONEY,COMPLETED,Send Money,Simulated SEND_MONEY,False,2026-09-07T10:28:53.718686+00:00,10,0,2.52,1
ca5aa42fb55704e7756449425ed2d1c0,TXN-AC9B7A36,9e7e17b731d68635812244997dbab941,2e83ddfe2c55078090a49c56b71a1ae2,,2486.73,0.0,BILL_PAY,COMPLETED,Bill Pay,Simulated BILL_PAY,False,2026-08-17T10:29:07.718686+00:00,10,0,-0.01,1
b0576669e1e28a3946368bf775527f88,TXN-2080DB6F,a780a78582d457ca210edde8e3c1d88d,641575d590fb761036ec5b80cdf1203a,,290.85,5.0,SEND_MONEY,COMPLETED,Send Money,Simulated SEND_MONEY,False,2026-08-28T08:31:45.718686+00:00,8,0,-1.23,1
7d9de82c9fd2128c204a37864fc97fa9,TXN-94ABC4E7,b780a4cf9f6267374ca9ca7c3042586f,de5424d71169e0b98a120957644e7040,,1608.08,0.0,BILL_PAY,COMPLETED,Bill Pay,Simulated BILL_PAY,False,2026-07-16T15:25:13.718686+00:00,15,0,-0.5,1
8d27bea0f21cd8488a782a4a99a781f7,TXN-34BA1393,b780a4cf9f6267374ca9ca7c3042586f,1b99ddafaa28f74dc164af9e24830bad,,3345.91,0.0,BILL_PAY,COMPLETED,Bill Pay,Simulated BILL_PAY,False,2026-09-24T10:46:21.718686+00:00,10,0,0.47,1
90f7442e665dc44fad34381280b1636c,TXN-1301082E,d491f477c542d1707119e8c77ba730c8,9708ab5e440dc80ab8deaa5aa649c2a6,,2199.16,0.0,MERCHANT_PAY,COMPLETED,Merchant Pay,Simulated MERCHANT_PAY,False,2026-07-26T10:15:27.718686+00:00,10,0,-0.17,1
55df684f09b0919237dec5ce717be3f4,TXN-E3EFF0B7,f6b5bf942ce96cc22eedc473be850090,2fe489dc20c1708cfa581d796a164a05,,4488.06,5.0,SEND_MONEY,COMPLETED,Send Money,Simulated SEND_MONEY,False,2026-08-15T22:25:13.718686+00:00,22,0,1.1,1
2d7e1a37c4f829b8249fccdc46b4520d,TXN-6DAA83FD,21432700fffec608e4fd2fb0ddb36d82,97732b7d2a0cf42e45df8e38eede305b,97732b7d2a0cf42e45df8e38eede305b,6475.65,15.0,CASH_OUT,COMPLETED,Cash Out,Simulated CASH_OUT,False,2026-09-21T09:44:37.718686+00:00,9,0,2.21,1
94f7e0f6eb4f6135b42c0c42c4e5c544,TXN-BDF07BEB,5702a1644e9aebb91bb00367c4c52710,e2725c5bff2b6162cf06fb1afa9b4940,,193.25,0.0,RECHARGE,COMPLETED,Recharge,Simulated RECHARGE,False,2026-07-26T02:30:21.718686+00:00,2,1,-1.28,2
cf7f02f0bc3e79f1917814d7bbd82066,TXN-1CC79162,cf34c4e00ac75bb140c3d733b7d0acdf,3db00c6efa2ff90560fd5e189b42a097,,479.64,0.0,RECHARGE,COMPLETED,Recharge,Simulated RECHARGE,False,2026-08-23T20:09:09.718686+00:00,20,0,-1.12,1
6e244a0c649ffb8a58927bb69752c6b6,TXN-53588943,52431bf282c88707e62fd18b75abcf77,79a30ec2ffa4cd645fd6ad37bf5a2a92,,2086.61,0.0,MERCHANT_PAY,COMPLETED,Merchant Pay,Simulated MERCHANT_PAY,False,2026-09-11T18:27:16.718686+00:00,18,0,-0.23,1
f93c8a1dee896803d18d9525452b3d9a,TXN-D6493515,163b7bf9da2842a111d4d8c94377f29f,ec6e284035e6331bdc37fe8d94a47b09,,2325.74,0.0,MERCHANT_PAY,COMPLETED,Merchant Pay,Simulated MERCHANT_PAY,False,2026-07-11T06:49:15.718686+00:00,6,0,-0.1,1
572c37dfcf035c9b272c83986cb16a68,TXN-50572797,ba184c813197d29e79ddc76c6d457c16,b59d7cf42c5bfc03b00fa5ae8417f581,,73.66,0.0,RECHARGE,COMPLETED,Recharge,Simulated RECHARGE,False,2026-08-08T14:42:04.718686+00:00,14,0,-1.35,1
3df41731a4fe6657336618c9ee9139cd,TXN-3E4746D9,035c936add07d70d3d44b37710f68d9b,b1a66b3f63e51e2a843b9028fcb6ded2,b1a66b3f63e51e2a843b9028fcb6ded2,9290.33,15.0,CASH_OUT,COMPLETED,Cash Out,Simulated CASH_OUT,False,2026-08-06T11:09:41.718686+00:00,11,0,3.77,1
32f172d2cfed383bf58d1f6abd3ccaf2,TXN-988A67E2,0d3fa09ecaba91e19a1f466e6ed0ab3d,92d9cb140eda53d5046b82d656354805,,79.52,0.0,RECHARGE,COMPLETED,Recharge,Simulated RECHARGE,False,2026-08-18T04:20:31.718686+00:00,4,1,-1.34,2
d9922319dc93aa69b3be03205c799274,TXN-CCDE3F27,7e25924565710a7c41b0ba3c9f3bfbe9,b105797ce7097a9d7175762f71c33e73,,1221.95,5.0,SEND_MONEY,COMPLETED,Send Money,Simulated SEND_MONEY,False,2026-07-24T12:35:17.718686+00:00,12,0,-0.71,1
321676b3781974322a34471e5cf3f42b,TXN-513686A0,163b7bf9da2842a111d4d8c94377f29f,85f0ded8f46c29dac6e1885bc1cd8cb0,,1820.91,0.0,BILL_PAY,COMPLETED,Bill Pay,Simulated BILL_PAY,False,2026-07-26T14:15:28.718686+00:00,14,0,-0.38,1
5415ee2fcd21b8abbf8804893eb3a4d6,TXN-8A8F02AD,5458c6d9f0729c3bde4bb221abc8b6b5,c72d75458cab25be0e2c630a41129bf2,,3049.27,0.0,BILL_PAY,COMPLETED,Bill Pay,Simulated BILL_PAY,False,2026-07-21T22:55:32.718686+00:00,22,0,0.31,1
d7ec7359a4bdb256f408db3a51e4d573,TXN-DBB6AC60,76d2086982f4a9e6bed9b3147eed7cbc,774b058b32fa45e881e3520560698426,,1130.15,0.0,BILL_PAY,COMPLETED,Bill Pay,Simulated BILL_PAY,False,2026-08-12T22:59:33.718686+00:00,22,0,-0.76,1
b1fc624766a26a233278e9e36555bc32,TXN-CB676B21,4475a6a8efb7ee576f44e9a1cf97e616,7646bcb6920612b5e359b12633365514,,2178.83,0.0,BILL_PAY,COMPLETED,Bill Pay,Simulated BILL_PAY,False,2026-07-27T06:07:23.718686+00:00,6,0,-0.18,1
a64826030e39f3d662675355c53b6cfc,TXN-0DA2DED7,0f2255d256be218b494e0e4b1a7f5e1c,56e8207d13bee145b0139e9bb3a77636,,7280.04,5.0,SEND_MONEY,COMPLETED,Send Money,Simulated SEND_MONEY,False,2026-09-06T17:11:51.718686+00:00,17,0,2.66,1
979d9d6f20398413e2ecf252b7be5956,TXN-30035B01,3db00c6efa2ff90560fd5e189b42a097,0e65de46311e9c847c499c11aa845484,0e65de46311e9c847c499c11aa845484,8618.1,15.0,CASH_OUT,COMPLETED,Cash Out,Simulated CASH_OUT,False,2026-08-03T04:51:08.718686+00:00,4,1,3.4,2
bf75e4e956c6fd733d221c1af2bc738a,TXN-32D12E0E,e2725c5bff2b6162cf06fb1afa9b4940,4c576c0ae86216b6f6e0065855ef4b55,,194.51,0.0,RECHARGE,COMPLETED,Recharge,Simulated RECHARGE,False,2026-07-07T12:40:24.718686+00:00,12,0,-1.28,1
8a1804c19915e03f6c527a59769bba47,TXN-616D33E8,3e8f0387819d64fd0b03881045eac7c8,ff0283fc6d6fcb75b58eb34c73cfeaeb,ff0283fc6d6fcb75b58eb34c73cfeaeb,17615.68,15.0,CASH_OUT,COMPLETED,Cash Out,Simulated CASH_OUT,False,2026-09-07T20:02:14.718686+00:00,20,0,8.4,1
5fe9177a3e714f4b945267f2c3900be5,TXN-BA313D06,b9ee744cc6893b8e4e16d19dfafb9284,7ec15cd222dd1fc98dd0e7cd9751fa9d,b9ee744cc6893b8e4e16d19dfafb9284,4196.76,0.0,CASH_IN,COMPLETED,Cash In,Simulated CASH_IN,False,2026-07-29T17:17:09.718686+00:00,17,0,0.94,1
fa53705d10fa0f01232cc6a8d1d8781e,TXN-33B2AD94,b56e04675e530859a4cde7562b4786e5,5c110f190a3951baa533cec59ffb6aa1,,372.0,0.0,RECHARGE,COMPLETED,Recharge,Simulated RECHARGE,False,2026-08-09T20:55:01.718686+00:00,20,0,-1.18,1
395380401158e93c78e68239700ae9a8,TXN-3A708B80,cf34c4e00ac75bb140c3d733b7d0acdf,887489e7c99502841ba83eec893afe1d,,103.57,0.0,RECHARGE,COMPLETED,Recharge,Simulated RECHARGE,False,2026-08-04T02:28:20.718686+00:00,2,1,-1.33,2
966750819034ff768603f5999e997699,TXN-00277B7B,6a060089e6f56f9afb27d9b83a2b7c9f,74a9e2d1020eb53493a1eb482d915981,,339.7,0.0,MERCHANT_PAY,COMPLETED,Merchant Pay,Simulated MERCHANT_PAY,False,2026-09-04T21:49:44.718686+00:00,21,0,-1.2,1
14bc6caba2fdbd670588439e88c399c3,TXN-B1D688A4,3b07bdc1c386d1c7a5047c4d4a4a0ea7,1cd31cec7165b0f999e22f35ea0f297b,,232.47,0.0,RECHARGE,COMPLETED,Recharge,Simulated RECHARGE,False,2026-08-29T21:39:04.718686+00:00,21,0,-1.26,1
680a6981b90a07e9b91c7389bf61e66b,TXN-F7597C5E,687322ba46ad7d1a6dcdcbed6b3c57d9,f63764957f52e118034140e73b764fd8,,3210.97,5.0,SEND_MONEY,COMPLETED,Send Money,Simulated SEND_MONEY,False,2026-08-27T15:29:07.718686+00:00,15,0,0.39,1
84930abe52060c3d4aa496d16d247074,TXN-683B0F0F,93ed20f7af298133b5d5c110715e43f5,a9471c06d90eef52295526c0ef9c12bf,,115.79,0.0,RECHARGE,COMPLETED,Recharge,Simulated RECHARGE,False,2026-09-26T04:30:01.718686+00:00,4,1,-1.32,2
c0414d475ca7b109662284e6d3265bf0,TXN-3A64B474,76d2086982f4a9e6bed9b3147eed7cbc,9708ab5e440dc80ab8deaa5aa649c2a6,,4482.83,5.0,SEND_MONEY,COMPLETED,Send Money,Simulated SEND_MONEY,False,2026-07-29T11:20:35.718686+00:00,11,0,1.1,1
8d5fd162dddc3732a888af2e7f3e5bb4,TXN-E002D29F,93ed20f7af298133b5d5c110715e43f5,cf34c4e00ac75bb140c3d733b7d0acdf,,175.17,0.0,RECHARGE,COMPLETED,Recharge,Simulated RECHARGE,False,2026-08-30T04:40:56.718686+00:00,4,1,-1.29,1
b226e7cc497cd12a5dbfa0c08c8a81c0,TXN-D81EB1BD,d1e7a9987d0f9ba4aae3ede8a912f4e5,9708ab5e440dc80ab8deaa5aa649c2a6,,9160.21,5.0,SEND_MONEY,COMPLETED,Send Money,Simulated SEND_MONEY,False,2026-08-04T01:21:13.718686+00:00,1,1,3.7,1
b461d506fcd7ce5a797f38260200fca0,TXN-A66482C5,67108e809ac0c87e3f3f926a9e8a9569,ba184c813197d29e79ddc76c6d457c16,,1080.73,5.0,SEND_MONEY,COMPLETED,Send Money,Simulated SEND_MONEY,False,2026-08-01T14:22:50.718686+00:00,14,0,-0.79,1
159b2cc001684dc66251e625cb977501,TXN-81609356,d529ec7c7730634f441257c91dad22c0,f5abc8efbbbec1c7c7a75fac1fbeb42a,f5abc8efbbbec1c7c7a75fac1fbeb42a,5401.18,15.0,CASH_OUT,COMPLETED,Cash Out,Simulated CASH_OUT,False,2026-07-26T05:26:54.718686+00:00,5,1,1.61,2
6f26962bb48b1260e55a90a4c99b4c53,TXN-5F04813F,f1d3d9ce7cc465b1935b28bd8972bcdf,7646bcb6920612b5e359b12633365514,,1768.55,5.0,SEND_MONEY,COMPLETED,Send Money,Simulated SEND_MONEY,False,2026-08-13T07:05:27.718686+00:00,7,0,-0.41,1
e961e6cc163f8eee7712294a3a8ced39,TXN-9FF477C1,3e8f0387819d64fd0b03881045eac7c8,6fa7dee9d506c590d0adc559242b754b,,4708.94,5.0,SEND_MONEY,COMPLETED,Send Money,Simulated SEND_MONEY,False,2026-08-25T08:46:40.718686+00:00,8,0,1.23,1
7a7e801916c083e07cd66c6c3adb7ceb,TXN-548C78EA,5458c6d9f0729c3bde4bb221abc8b6b5,0e65de46311e9c847c499c11aa845484,0e65de46311e9c847c499c11aa845484,7711.92,15.0,CASH_OUT,COMPLETED,Cash Out,Simulated CASH_OUT,False,2026-09-02T03:34:27.718686+00:00,3,1,2.9,1
5148484ff2b3ac1c14a3f4f0d06359cd,TXN-43D321F5,6a060089e6f56f9afb27d9b83a2b7c9f,4475a6a8efb7ee576f44e9a1cf97e616,,938.25,0.0,BILL_PAY,COMPLETED,Bill Pay,Simulated BILL_PAY,False,2026-08-16T13:54:34.718686+00:00,13,0,-0.87,1
f71868d37c0d2305f220ad7a1a9b2ed2,TXN-B4E685D2,9708ab5e440dc80ab8deaa5aa649c2a6,dfcc900c6dbec41542ed1b6650d9edf5,,150.11,0.0,RECHARGE,COMPLETED,Recharge,Simulated RECHARGE,False,2026-07-15T02:26:35.718686+00:00,2,1,-1.31,2
27621695919066657baf64c4b491d07e,TXN-B2E17469,3e8f0387819d64fd0b03881045eac7c8,93ed20f7af298133b5d5c110715e43f5,,5771.12,5.0,SEND_MONEY,COMPLETED,Send Money,Simulated SEND_MONEY,False,2026-09-06T02:41:14.718686+00:00,2,1,1.82,2
c86a5a1e565c431ea52dbe64370ae4ff,TXN-AE03D6CF,035c936add07d70d3d44b37710f68d9b,de5424d71169e0b98a120957644e7040,,2214.04,0.0,MERCHANT_PAY,COMPLETED,Merchant Pay,Simulated MERCHANT_PAY,False,2026-08-10T21:38:00.718686+00:00,21,0,-0.16,1
9f8aa5cd5c301af833d89bfd7dcf5ed5,TXN-1A3DA630,45b882f3960f148988c5b8fe01addac1,d3c308a1208710510c3bcb610dc42d08,,2137.08,0.0,BILL_PAY,COMPLETED,Bill Pay,Simulated BILL_PAY,False,2026-07-24T23:04:02.718686+00:00,23,0,-0.2,1
6ccda89640746e4c8a7c90fb175e235a,TXN-A365E449,b780a4cf9f6267374ca9ca7c3042586f,641575d590fb761036ec5b80cdf1203a,,167.12,0.0,RECHARGE,COMPLETED,Recharge,Simulated RECHARGE,False,2026-09-13T03:04:59.718686+00:00,3,1,-1.3,1
d3192417a44905ae83ea6d26ac6a16b4,TXN-56EE5F02,91636429900048d39a6a81c76e775fe7,6ab9575a1b7d1060f24d980c1141bfa8,91636429900048d39a6a81c76e775fe7,7241.77,0.0,CASH_IN,COMPLETED,Cash In,Simulated CASH_IN,False,2026-08-15T06:44:34.718686+00:00,6,0,2.63,1
11443ef471d4aef38819cf12070dbf56,TXN-63A7650D,5458c6d9f0729c3bde4bb221abc8b6b5,b780a4cf9f6267374ca9ca7c3042586f,,2552.99,0.0,BILL_PAY,COMPLETED,Bill Pay,Simulated BILL_PAY,False,2026-08-17T00:50:08.718686+00:00,0,0,0.03,1
5d6846136c466c3b3a9fe531333d38e8,TXN-58D364ED,d1e7a9987d0f9ba4aae3ede8a912f4e5,52431bf282c88707e62fd18b75abcf77,,403.09,0.0,RECHARGE,COMPLETED,Recharge,Simulated RECHARGE,False,2026-08-29T08:01:11.718686+00:00,8,0,-1.16,1
2c66640e234d462cad6a28064238d397,TXN-DE7F7C9C,f63764957f52e118034140e73b764fd8,de5424d71169e0b98a120957644e7040,,177.0,0.0,MERCHANT_PAY,COMPLETED,Merchant Pay,Simulated MERCHANT_PAY,False,2026-07-08T14:11:16.718686+00:00,14,0,-1.29,1
8f4846aa41468882575485e36880f948,TXN-085A7336,b105797ce7097a9d7175762f71c33e73,28bad9c9332ec0e5025efc44e6a7a54f,,152.2,0.0,RECHARGE,COMPLETED,Recharge,Simulated RECHARGE,False,2026-09-17T05:44:32.718686+00:00,5,1,-1.3,1
d1298ea856d7af7ad80dbe0d2399c3b7,TXN-52375F14,422286bab6d7b8eea429bfee3894aa7b,035c936add07d70d3d44b37710f68d9b,422286bab6d7b8eea429bfee3894aa7b,9540.44,0.0,CASH_IN,COMPLETED,Cash In,Simulated CASH_IN,False,2026-07-17T14:29:12.718686+00:00,14,0,3.91,1
5c326c40488ec26f7c8c74ac549b0e34,TXN-8763ED39,2fe489dc20c1708cfa581d796a164a05,ab033cdcb66402849ab1b6df20d638bb,,1031.12,5.0,SEND_MONEY,COMPLETED,Send Money,Simulated SEND_MONEY,False,2026-07-25T17:16:21.718686+00:00,17,0,-0.82,1
5b5535878f58b122550e22306e6b312b,TXN-AEA24B15,1b99ddafaa28f74dc164af9e24830bad,ba3acf686a1a0d53a2f66a6207dcd795,,805.15,0.0,MERCHANT_PAY,BLOCKED,Merchant Pay,Simulated MERCHANT_PAY,True,2026-08-29T18:22:22.718686+00:00,18,0,-0.94,1
f803f002812380b6bf881100f55e3c0e,TXN-21AE7F51,137a8acc36e33a1b4682c358e6592082,2fe489dc20c1708cfa581d796a164a05,,2370.1,5.0,SEND_MONEY,COMPLETED,Send Money,Simulated SEND_MONEY,False,2026-08-03T14:52:02.718686+00:00,14,0,-0.07,1
3088889157893b8bd642e716712164a3,TXN-F78EB862,00bf0432ba6bf892a4b11dc619ce7ad3,995a897619c18fbb346657bdfc41c6f7,,869.18,5.0,SEND_MONEY,COMPLETED,Send Money,Simulated SEND_MONEY,False,2026-09-16T23:08:49.718686+00:00,23,0,-0.91,1
373cdb23a3cc6db890a60527ecead6c5,TXN-E197BD41,de5424d71169e0b98a120957644e7040,7646bcb6920612b5e359b12633365514,,2391.19,0.0,MERCHANT_PAY,COMPLETED,Merchant Pay,Simulated MERCHANT_PAY,False,2026-07-10T22:13:35.718686+00:00,22,0,-0.06,1
1f87f94857910f17ef39daa9c72b6115,TXN-11BEA090,d604f2ebd984a759fc53f682396031cd,6a060089e6f56f9afb27d9b83a2b7c9f,,198.38,0.0,RECHARGE,COMPLETED,Recharge,Simulated RECHARGE,False,2026-07-31T04:37:12.718686+00:00,4,1,-1.28,2
7ee32f1de501fc310dae0c0d4f695834,TXN-8EDC00B3,d9df0dce0fdbee946099d135178b0651,b13eb846b74a47cc34cd153c313fc9b4,,200.05,0.0,RECHARGE,COMPLETED,Recharge,Simulated RECHARGE,False,2026-08-30T22:04:23.718686+00:00,22,0,-1.28,1
5f0d85ca7e3be9cae5ec1f7b9845575d,TXN-5416AE28,a9d8772b2a6882090ec5f80427432dbd,28bad9c9332ec0e5025efc44e6a7a54f,,1995.45,5.0,SEND_MONEY,COMPLETED,Send Money,Simulated SEND_MONEY,False,2026-08-26T00:49:22.718686+00:00,0,0,-0.28,1
89e5be5a041ca6e7810080c637e42bfa,TXN-9BE05FF6,3db00c6efa2ff90560fd5e189b42a097,94c1c7dc8088ba9666392ead9b770797,,3819.54,5.0,SEND_MONEY,COMPLETED,Send Money,Simulated SEND_MONEY,False,2026-09-18T12:23:45.718686+00:00,12,0,0.73,1
1ecf8d703c4e0572664d2e9786437b83,TXN-6954AD9B,f63764957f52e118034140e73b764fd8,a87506818a081f5835a17049b1ca9b41,,4927.99,5.0,SEND_MONEY,COMPLETED,Send Money,Simulated SEND_MONEY,False,2026-08-15T08:42:18.718686+00:00,8,0,1.35,1
ed815591e027032a62d42893a89c9468,TXN-5A8CC029,9e7e17b731d68635812244997dbab941,f1d3d9ce7cc465b1935b28bd8972bcdf,,10204.01,5.0,SEND_MONEY,COMPLETED,Send Money,Simulated SEND_MONEY,False,2026-09-01T18:10:43.718686+00:00,18,0,4.28,1
084e225d33df1d8c212cdf9ed2579ec0,TXN-B4263B0E,c72d75458cab25be0e2c630a41129bf2,88763c3e84f0d3eb136c4d4e1aeecdaf,88763c3e84f0d3eb136c4d4e1aeecdaf,5390.01,15.0,CASH_OUT,COMPLETED,Cash Out,Simulated CASH_OUT,False,2026-07-14T09:23:51.718686+00:00,9,0,1.61,1
a2e2274a8f320d81a68e964fd886293f,TXN-F0061BB4,ff0283fc6d6fcb75b58eb34c73cfeaeb,7ec15cd222dd1fc98dd0e7cd9751fa9d,ff0283fc6d6fcb75b58eb34c73cfeaeb,1635.17,0.0,CASH_IN,BLOCKED,Cash In,Simulated CASH_IN,True,2026-08-10T17:09:37.718686+00:00,17,0,-0.48,1
1beac73c022f006c7a2282544061d1dd,TXN-EE49F692,85f0ded8f46c29dac6e1885bc1cd8cb0,cce557b7c5670116283705cc1e96e85a,cce557b7c5670116283705cc1e96e85a,16262.49,15.0,CASH_OUT,COMPLETED,Cash Out,Simulated CASH_OUT,False,2026-09-03T19:00:37.718686+00:00,19,0,7.65,1
4a27a838b246a81e2f9601e6e37b7b00,TXN-362F9288,995a897619c18fbb346657bdfc41c6f7,97732b7d2a0cf42e45df8e38eede305b,97732b7d2a0cf42e45df8e38eede305b,7739.75,15.0,CASH_OUT,COMPLETED,Cash Out,Simulated CASH_OUT,False,2026-07-27T23:56:57.718686+00:00,23,0,2.91,1
a531fb0d47c5fbaaf565aa89a0ee131f,TXN-5D6B001B,d2c0e952054db218612de01b8b401e3d,afcf8f047d02a8cefb9e5053b9802e7a,,171.46,0.0,RECHARGE,COMPLETED,Recharge,Simulated RECHARGE,False,2026-08-01T04:44:03.718686+00:00,4,1,-1.29,1
19de51724e7b606ee4c2e5722c7eef88,TXN-7EBFCBEE,c3b37cdf478b5f1365d70e59a9bc7db5,019eb181a60b72600fe1522fabe4cd00,c3b37cdf478b5f1365d70e59a9bc7db5,1650.99,0.0,CASH_IN,COMPLETED,Cash In,Simulated CASH_IN,False,2026-07-09T22:50:46.718686+00:00,22,0,-0.47,1
c1a6b7f4b7b37d3c6eb3be7b5ab9be2c,TXN-B681F929,21432700fffec608e4fd2fb0ddb36d82,d529ec7c7730634f441257c91dad22c0,,4848.34,5.0,SEND_MONEY,COMPLETED,Send Money,Simulated SEND_MONEY,False,2026-08-02T20:56:41.718686+00:00,20,0,1.3,1
aaf2497485e4b5cb9f1f7e7dda3e464e,TXN-EED041D3,6d9b4fa238dde07f567f7dbd00b23fd7,9708ab5e440dc80ab8deaa5aa649c2a6,,20.35,0.0,RECHARGE,COMPLETED,Recharge,Simulated RECHARGE,False,2026-07-23T15:33:18.718686+00:00,15,0,-1.38,1
4d2aa671ec0faec95c960943c43a333d,TXN-FC7F6A0C,d5ad98674d6c69eab07fbb6c5f6ec434,8275aee7949dab0b3757c0d16495741a,,2396.57,0.0,MERCHANT_PAY,COMPLETED,Merchant Pay,Simulated MERCHANT_PAY,False,2026-08-16T17:29:19.718686+00:00,17,0,-0.06,1
3bc80554f5e25c52f58a905ea86dca57,TXN-3AC28773,7bfa12e52337128e6a95dc4ae4de2ee1,a780a78582d457ca210edde8e3c1d88d,,2646.46,5.0,SEND_MONEY,COMPLETED,Send Money,Simulated SEND_MONEY,False,2026-09-17T00:44:14.718686+00:00,0,0,0.08,1
83fee1c1f9873001ec9e91b2a175df84,TXN-0E5FBF19,6ab9575a1b7d1060f24d980c1141bfa8,5c65507c2e3b7c0043daa0a1ffae75d3,,1247.18,5.0,SEND_MONEY,COMPLETED,Send Money,Simulated SEND_MONEY,False,2026-08-26T03:52:08.718686+00:00,3,1,-0.7,2
fc7157bbdb25a843fb3a360587f78ca7,TXN-7D14C42B,a2e926c1267324ec26163a35e075df06,5c110f190a3951baa533cec59ffb6aa1,,2470.34,0.0,MERCHANT_PAY,COMPLETED,Merchant Pay,Simulated MERCHANT_PAY,False,2026-09-19T12:31:13.718686+00:00,12,0,-0.02,1
693a423822363ead0a984e1a472d65ba,TXN-9CCE53B9,2e83ddfe2c55078090a49c56b71a1ae2,bdd1bcc71ed6717c4a5f4df6a382d2c0,,428.36,0.0,RECHARGE,COMPLETED,Recharge,Simulated RECHARGE,False,2026-07-24T14:41:05.718686+00:00,14,0,-1.15,1
2ce3f3b33e15736d58a1c3e79241de71,TXN-708932EF,67108e809ac0c87e3f3f926a9e8a9569,d2c0e952054db218612de01b8b401e3d,,134.16,0.0,RECHARGE,BLOCKED,Recharge,Simulated RECHARGE,True,2026-07-06T22:47:44.718686+00:00,22,0,-1.31,1
ad52d846a825e7f655e4d1d9c4a524c1,TXN-E4BFBC68,59b4db4760e9c7b71f89662b46b5744d,0d3fa09ecaba91e19a1f466e6ed0ab3d,59b4db4760e9c7b71f89662b46b5744d,14590.92,0.0,CASH_IN,COMPLETED,Cash In,Simulated CASH_IN,False,2026-07-30T16:28:53.718686+00:00,16,0,6.72,1
4281b42aab5c4d776373abc23540c53e,TXN-F733A378,d6b3bdced8ec51ba8bfd3d4c8c1cf865,ab033cdcb66402849ab1b6df20d638bb,,334.62,0.0,RECHARGE,COMPLETED,Recharge,Simulated RECHARGE,False,2026-08-30T21:52:49.718686+00:00,21,0,-1.2,1
471af8b97924c2b4709b871ff00a02a9,TXN-E8CD1436,d5ad98674d6c69eab07fbb6c5f6ec434,93ed20f7af298133b5d5c110715e43f5,,1417.36,0.0,MERCHANT_PAY,COMPLETED,Merchant Pay,Simulated MERCHANT_PAY,False,2026-08-07T06:00:20.718686+00:00,6,0,-0.6,1
1aa38ac725ae4e1d182d3f0a4f35bcef,TXN-30A5EB0A,6574d17462a87d1730068b859da056f2,d5ad98674d6c69eab07fbb6c5f6ec434,,3387.21,0.0,BILL_PAY,COMPLETED,Bill Pay,Simulated BILL_PAY,False,2026-08-21T09:07:11.718686+00:00,9,0,0.49,1
7da8bae9843380c6685d18c14fb40308,TXN-C39346C2,df17af4790a0efbcb2dd7af3dc7310ac,00bf0432ba6bf892a4b11dc619ce7ad3,,1246.28,0.0,BILL_PAY,COMPLETED,Bill Pay,Simulated BILL_PAY,False,2026-07-19T21:58:12.718686+00:00,21,0,-0.7,1
2d17b683b884101fc2affd7be40d37b3,TXN-C88F2E9F,76d2086982f4a9e6bed9b3147eed7cbc,3b07bdc1c386d1c7a5047c4d4a4a0ea7,,4127.13,5.0,SEND_MONEY,COMPLETED,Send Money,Simulated SEND_MONEY,False,2026-07-16T11:58:02.718686+00:00,11,0,0.9,1
9015f3413f57e3263162075c9bfca5b2,TXN-C1A4A00B,942a55200af93c74d921d93f2beb656e,b105797ce7097a9d7175762f71c33e73,,189.89,0.0,RECHARGE,COMPLETED,Recharge,Simulated RECHARGE,False,2026-07-08T00:49:28.718686+00:00,0,0,-1.28,1
4468e4d9692a98e1a2bc39b08147ce46,TXN-CBE2A724,d1e7a9987d0f9ba4aae3ede8a912f4e5,36abffacfee81ff100accb009afd7377,,1764.87,0.0,MERCHANT_PAY,COMPLETED,Merchant Pay,Simulated MERCHANT_PAY,False,2026-09-12T06:47:41.718686+00:00,6,0,-0.41,1
a71241e9008930584b8f7c474075f00f,TXN-B282480D,942a55200af93c74d921d93f2beb656e,39495bec7941dda30d5ffb10dc7835a0,,2278.19,0.0,BILL_PAY,COMPLETED,Bill Pay,Simulated BILL_PAY,False,2026-07-27T16:42:25.718686+00:00,16,0,-0.12,1
642984bc9c90c0fa50ab111676cb3b90,TXN-34AA11A7,4c576c0ae86216b6f6e0065855ef4b55,85f0ded8f46c29dac6e1885bc1cd8cb0,,194.45,0.0,RECHARGE,COMPLETED,Recharge,Simulated RECHARGE,False,2026-07-31T03:43:40.718686+00:00,3,1,-1.28,2
070eaf6ce21d6ec47060039b34d31b5f,TXN-F579C32D,1e002e71e6b9a839b69d43969374e33e,b62a999cc4eeb9376b4dda8f15f3b983,,5004.6,5.0,SEND_MONEY,COMPLETED,Send Money,Simulated SEND_MONEY,False,2026-09-04T10:37:49.718686+00:00,10,0,1.39,1
4410d772484c30bd311c3f5a959683b4,TXN-1329263F,a4363f535992847636e40ad27ccc907f,885e891c4171db3ca38bbb35f664c8fc,885e891c4171db3ca38bbb35f664c8fc,944.17,15.0,CASH_OUT,COMPLETED,Cash Out,Simulated CASH_OUT,False,2026-09-22T15:13:01.718686+00:00,15,0,-0.86,1
5a1a6b54de507c576174b1fdb0c5295f,TXN-251736B4,3b07bdc1c386d1c7a5047c4d4a4a0ea7,3a288796c66b6cb72b3c765d5f0440db,,1551.2,0.0,BILL_PAY,COMPLETED,Bill Pay,Simulated BILL_PAY,False,2026-08-06T07:50:07.718686+00:00,7,0,-0.53,1
5a939be54f65b7a046e3bb4b7be6476b,TXN-D40E8627,59b4db4760e9c7b71f89662b46b5744d,942a55200af93c74d921d93f2beb656e,59b4db4760e9c7b71f89662b46b5744d,2728.6,0.0,CASH_IN,COMPLETED,Cash In,Simulated CASH_IN,False,2026-08-09T22:42:14.718686+00:00,22,0,0.13,1
de8e7c87bcb99c0f5a9e8e1ebdef1e73,TXN-2AEE0ABF,019eb181a60b72600fe1522fabe4cd00,914ea800aac501972796ea5d55d04ec0,,1965.98,0.0,BILL_PAY,COMPLETED,Bill Pay,Simulated BILL_PAY,False,2026-08-15T17:58:58.718686+00:00,17,0,-0.3,1
534a6330b63744b2e3c8bc11ee171ebf,TXN-B3EB009F,1cd31cec7165b0f999e22f35ea0f297b,a0a78b533b925cc977153bb8cccf195f,a0a78b533b925cc977153bb8cccf195f,12036.37,15.0,CASH_OUT,COMPLETED,Cash Out,Simulated CASH_OUT,False,2026-08-04T09:32:52.718686+00:00,9,0,5.3,1
37993abb534e8659421815c585c92ea8,TXN-30E63AED,5458c6d9f0729c3bde4bb221abc8b6b5,57707b18e970117a25c5297be1006ebb,,4214.19,5.0,SEND_MONEY,COMPLETED,Send Money,Simulated SEND_MONEY,False,2026-08-18T03:29:52.718686+00:00,3,1,0.95,2
13ae7760683d5a284b7999c333b5860b,TXN-B376EFB2,a87506818a081f5835a17049b1ca9b41,fc9c1388504a06a82f25be52c4a6f5a5,,649.79,5.0,SEND_MONEY,COMPLETED,Send Money,Simulated SEND_MONEY,False,2026-10-02T11:19:58.718686+00:00,11,0,-1.03,1
8438c730b81a1410ef0e9748db6ec9ae,TXN-124198B2,2560a9c45b7f736ff2833acf0ba23b3e,a9471c06d90eef52295526c0ef9c12bf,,3068.54,0.0,BILL_PAY,COMPLETED,Bill Pay,Simulated BILL_PAY,False,2026-10-03T09:20:12.718686+00:00,9,0,0.32,1
33e62f1d91caac369b83581fbff84bb0,TXN-AE2A3471,c85db54ea070ffe0c9c2c638737e31ca,8cefe33bc85b06476d4145b5395ea644,,1104.0,0.0,BILL_PAY,BLOCKED,Bill Pay,Simulated BILL_PAY,True,2026-08-17T08:52:10.718686+00:00,8,0,-0.78,1
271576dad4a0125c9c1a96c429ec5226,TXN-8DB47A55,a2e926c1267324ec26163a35e075df06,914ea800aac501972796ea5d55d04ec0,,2253.77,5.0,SEND_MONEY,COMPLETED,Send Money,Simulated SEND_MONEY,False,2026-09-18T11:36:44.718686+00:00,11,0,-0.14,1
bd9485842405d350f654f0954ea7f1c0,TXN-EF5197AA,0f2255d256be218b494e0e4b1a7f5e1c,fadf4e0aa4e6db699191d450e3cfca90,,2241.21,0.0,BILL_PAY,COMPLETED,Bill Pay,Simulated BILL_PAY,False,2026-09-06T14:00:15.718686+00:00,14,0,-0.14,1
2161a8f91119c6c26029adcd730283d9,TXN-EE237BE4,fc9c1388504a06a82f25be52c4a6f5a5,a87506818a081f5835a17049b1ca9b41,,675.91,0.0,BILL_PAY,COMPLETED,Bill Pay,Simulated BILL_PAY,False,2026-09-25T21:10:47.718686+00:00,21,0,-1.01,1
233c4e7430bedbb45be83e39e06f70b9,TXN-35EA7E22,fadf4e0aa4e6db699191d450e3cfca90,df17af4790a0efbcb2dd7af3dc7310ac,,364.78,0.0,RECHARGE,COMPLETED,Recharge,Simulated RECHARGE,False,2026-09-21T08:56:57.718686+00:00,8,0,-1.19,1
6e9fa455d4e238d8378320359dcd345e,TXN-70CF5EB0,fe650fe8f7f1b92ef09c9e9930e4af3f,91c41a04edd64e4c32a0af71604f336a,,2083.66,5.0,SEND_MONEY,COMPLETED,Send Money,Simulated SEND_MONEY,False,2026-09-02T14:27:56.718686+00:00,14,0,-0.23,1
6226e7b4cdedc6b332bcd77014b995e6,TXN-A707512A,afcf8f047d02a8cefb9e5053b9802e7a,1cd31cec7165b0f999e22f35ea0f297b,,185.72,0.0,RECHARGE,COMPLETED,Recharge,Simulated RECHARGE,False,2026-09-24T05:34:04.718686+00:00,5,1,-1.29,2
93bb379ba020021131162f5ec0bd5950,TXN-A472B1DF,de5424d71169e0b98a120957644e7040,a789b4fc165147cd64a864ea50e2f99b,,161.07,0.0,RECHARGE,COMPLETED,Recharge,Simulated RECHARGE,False,2026-08-20T02:38:44.718686+00:00,2,1,-1.3,2
efb4141cfe185902e297a60d0992dc97,TXN-299D4EF9,8dec199f53c51c5628944251dda68691,d491f477c542d1707119e8c77ba730c8,,2670.26,0.0,BILL_PAY,COMPLETED,Bill Pay,Simulated BILL_PAY,False,2026-09-15T13:30:59.718686+00:00,13,0,0.09,1
06e623c7ebad85fa5eeb3ffe22cb8f49,TXN-3B6614C4,c72d75458cab25be0e2c630a41129bf2,f1fd93ab956002b687a10b08b5d72967,,2667.55,0.0,BILL_PAY,COMPLETED,Bill Pay,Simulated BILL_PAY,False,2026-08-17T06:23:58.718686+00:00,6,0,0.09,1
b9ce9bc9267e66f054d3334d6a58e7a8,TXN-A094112E,6ab9575a1b7d1060f24d980c1141bfa8,0f2255d256be218b494e0e4b1a7f5e1c,,1592.32,0.0,MERCHANT_PAY,COMPLETED,Merchant Pay,Simulated MERCHANT_PAY,False,2026-07-17T16:52:21.718686+00:00,16,0,-0.5,1
29e671e20d5d5ecb0f6dc79e7dec412b,TXN-C7F88DF7,22c8bad4d62b01cf4e1270d7be143d90,ba184c813197d29e79ddc76c6d457c16,,16645.14,5.0,SEND_MONEY,COMPLETED,Send Money,Simulated SEND_MONEY,False,2026-09-06T06:21:20.718686+00:00,6,0,7.86,1
0a1fa17abb7c7e5a7bd9c5cad650da7f,TXN-ED12EB80,45b882f3960f148988c5b8fe01addac1,cf34c4e00ac75bb140c3d733b7d0acdf,,289.03,0.0,RECHARGE,COMPLETED,Recharge,Simulated RECHARGE,False,2026-09-18T04:53:48.718686+00:00,4,1,-1.23,1
bfebdf8fd026bdc78420d04dfcab498e,TXN-E847C1EB,09f548833bd96f4cda1bac60ea3bdfe9,e2b37ac0f1e35aae80becc0986504993,,3050.15,5.0,SEND_MONEY,COMPLETED,Send Money,Simulated SEND_MONEY,False,2026-07-30T20:59:24.718686+00:00,20,0,0.31,1
75b8f1128aff1c5e76eda24cff82e57e,TXN-79358739,85f0ded8f46c29dac6e1885bc1cd8cb0,29cc202556f422d15cf82e1512bff950,,2018.41,5.0,SEND_MONEY,COMPLETED,Send Money,Simulated SEND_MONEY,False,2026-08-20T08:02:10.718686+00:00,8,0,-0.27,1
90aa191f68ccdb1107967db095d632a9,TXN-3B92D9EA,a9471c06d90eef52295526c0ef9c12bf,91c41a04edd64e4c32a0af71604f336a,,901.81,5.0,SEND_MONEY,COMPLETED,Send Money,Simulated SEND_MONEY,False,2026-08-03T09:42:11.718686+00:00,9,0,-0.89,1
edd788c68a0d87b55dff5f5377a887b3,TXN-746C36C5,9ca2c035804c1751d9bb84108e46b24b,56e8207d13bee145b0139e9bb3a77636,,166.07,0.0,RECHARGE,COMPLETED,Recharge,Simulated RECHARGE,False,2026-08-03T02:31:25.718686+00:00,2,1,-1.3,2
14a408edb52d1412e44f105cd0ff500d,TXN-95D5EEC0,c93486184196482ee09eeb5394eb3284,29cc202556f422d15cf82e1512bff950,,218.97,0.0,RECHARGE,COMPLETED,Recharge,Simulated RECHARGE,False,2026-09-22T11:11:10.718686+00:00,11,0,-1.27,1
fbb23c14765428f3c4c19319a8697f55,TXN-C3223EF8,1b99ddafaa28f74dc164af9e24830bad,92d9cb140eda53d5046b82d656354805,,1481.1,0.0,MERCHANT_PAY,COMPLETED,Merchant Pay,Simulated MERCHANT_PAY,False,2026-09-10T14:44:26.718686+00:00,14,0,-0.57,1
aabc8d3f8744d653b77463b9ddc4c6fa,TXN-5E045725,d0b4cd2df32ef122a0c71b82035e6dc3,f1fd93ab956002b687a10b08b5d72967,,2260.13,0.0,MERCHANT_PAY,COMPLETED,Merchant Pay,Simulated MERCHANT_PAY,False,2026-08-08T09:17:40.718686+00:00,9,0,-0.13,1
b635b10bd772642be564d88f88ea3c1e,TXN-CBFD3EBA,8370e53dac1eee251fae5e9d3383e82d,97732b7d2a0cf42e45df8e38eede305b,97732b7d2a0cf42e45df8e38eede305b,15342.24,15.0,CASH_OUT,COMPLETED,Cash Out,Simulated CASH_OUT,False,2026-10-01T22:29:15.718686+00:00,22,0,7.13,1
773bc43b441d1425535efde9b6ec8b53,TXN-0C9CB43F,c72d75458cab25be0e2c630a41129bf2,8dec199f53c51c5628944251dda68691,,351.54,0.0,MERCHANT_PAY,COMPLETED,Merchant Pay,Simulated MERCHANT_PAY,False,2026-09-08T10:54:42.718686+00:00,10,0,-1.19,1
5e3db04a98ace3ef68fb93b2c8987d2d,TXN-043DA434,887489e7c99502841ba83eec893afe1d,a789b4fc165147cd64a864ea50e2f99b,,123.37,0.0,RECHARGE,COMPLETED,Recharge,Simulated RECHARGE,False,2026-09-14T01:44:42.718686+00:00,1,1,-1.32,2
4b10fb3894c4b690368187f4fb9390c1,TXN-209C7BA2,3e8f0387819d64fd0b03881045eac7c8,df17af4790a0efbcb2dd7af3dc7310ac,,2088.79,0.0,BILL_PAY,COMPLETED,Bill Pay,Simulated BILL_PAY,False,2026-07-26T18:23:45.718686+00:00,18,0,-0.23,1
7449dd53f7ae2d0d7677ca37e7143fe7,TXN-30D932B1,29cc202556f422d15cf82e1512bff950,1e002e71e6b9a839b69d43969374e33e,,3636.51,5.0,SEND_MONEY,COMPLETED,Send Money,Simulated SEND_MONEY,False,2026-07-14T06:29:40.718686+00:00,6,0,0.63,1
a1fd2fbd5255dc3eb247959302a86c7b,TXN-6B4975A4,5d4470618fa83366c874eea88d34d4d1,67108e809ac0c87e3f3f926a9e8a9569,,1934.48,0.0,MERCHANT_PAY,COMPLETED,Merchant Pay,Simulated MERCHANT_PAY,False,2026-09-20T11:27:38.718686+00:00,11,0,-0.31,1
af1652ea47e37190d15a602992545434,TXN-ADFEE535,76d2086982f4a9e6bed9b3147eed7cbc,6fa7dee9d506c590d0adc559242b754b,,122.57,0.0,RECHARGE,COMPLETED,Recharge,Simulated RECHARGE,False,2026-09-12T04:40:59.718686+00:00,4,1,-1.32,1
55ba866638f719998210ac75f8b9ea08,TXN-B5FEE304,c85db54ea070ffe0c9c2c638737e31ca,a0a78b533b925cc977153bb8cccf195f,a0a78b533b925cc977153bb8cccf195f,897.28,15.0,CASH_OUT,COMPLETED,Cash Out,Simulated CASH_OUT,False,2026-09-19T05:02:23.718686+00:00,5,1,-0.89,1
d7b2723af5d897421d8e330e2a404a91,TXN-680F56D5,995a897619c18fbb346657bdfc41c6f7,afcf8f047d02a8cefb9e5053b9802e7a,,495.0,0.0,RECHARGE,COMPLETED,Recharge,Simulated RECHARGE,False,2026-07-30T02:38:57.718686+00:00,2,1,-1.11,2
45facc30d674860df1cd65bcb6907715,TXN-C5447680,1b99ddafaa28f74dc164af9e24830bad,6fa7dee9d506c590d0adc559242b754b,,3336.9,0.0,BILL_PAY,COMPLETED,Bill Pay,Simulated BILL_PAY,False,2026-07-18T08:17:01.718686+00:00,8,0,0.46,1
c0caf78cbda6aa02215df2dbc77f726f,TXN-998CC6B5,fe650fe8f7f1b92ef09c9e9930e4af3f,1e002e71e6b9a839b69d43969374e33e,,1872.51,5.0,SEND_MONEY,COMPLETED,Send Money,Simulated SEND_MONEY,False,2026-08-18T00:15:11.718686+00:00,0,0,-0.35,1
dcf21087220a96c1cd1cedf5eb88926b,TXN-7245C73D,db05a31aa77a8230c08e634a3795fe26,ab033cdcb66402849ab1b6df20d638bb,,4930.33,5.0,SEND_MONEY,COMPLETED,Send Money,Simulated SEND_MONEY,False,2026-08-26T00:53:40.718686+00:00,0,0,1.35,1
9ce0cb21c2d04e9b23e557d72a291356,TXN-2F04DB76,44441b337855f3507cd7f3f529f9ed9b,d5ad98674d6c69eab07fbb6c5f6ec434,,2852.07,5.0,SEND_MONEY,COMPLETED,Send Money,Simulated SEND_MONEY,False,2026-08-06T18:20:00.718686+00:00,18,0,0.2,1
581108c10e213379604ba4e8c63ef456,TXN-430F6B84,afcf8f047d02a8cefb9e5053b9802e7a,29cc202556f422d15cf82e1512bff950,,2016.05,5.0,SEND_MONEY,COMPLETED,Send Money,Simulated SEND_MONEY,False,2026-09-10T18:02:55.718686+00:00,18,0,-0.27,1
b9ffc882b35a6508ee590cf275121371,TXN-AA1A5F73,cf34c4e00ac75bb140c3d733b7d0acdf,6a060089e6f56f9afb27d9b83a2b7c9f,,1894.24,0.0,BILL_PAY,COMPLETED,Bill Pay,Simulated BILL_PAY,False,2026-07-28T00:27:11.718686+00:00,0,0,-0.34,1
95ab5630622cc51537cf521dfbbd6e23,TXN-F62D316A,163b7bf9da2842a111d4d8c94377f29f,7ec15cd222dd1fc98dd0e7cd9751fa9d,,2136.75,0.0,BILL_PAY,COMPLETED,Bill Pay,Simulated BILL_PAY,False,2026-09-30T23:13:20.718686+00:00,23,0,-0.2,1
e03d1743bd26d0954b4214d27d4eeeca,TXN-B664F505,3db00c6efa2ff90560fd5e189b42a097,f60a322e38c9343ece39f96df2f9dd6e,,3292.94,0.0,BILL_PAY,COMPLETED,Bill Pay,Simulated BILL_PAY,False,2026-08-30T18:41:43.718686+00:00,18,0,0.44,1
395f577b1792a28dd58a3116da1b713d,TXN-52BA0C1B,3b07bdc1c386d1c7a5047c4d4a4a0ea7,4c64ccf00086f53c7786ee74543a024a,,633.65,5.0,SEND_MONEY,COMPLETED,Send Money,Simulated SEND_MONEY,False,2026-10-01T00:09:34.718686+00:00,0,0,-1.04,1
442e283f29176fafbf256d50a8829faf,TXN-08E834F9,f611ce5213887ad5e4699085f1c73845,c93486184196482ee09eeb5394eb3284,,1175.05,0.0,MERCHANT_PAY,COMPLETED,Merchant Pay,Simulated MERCHANT_PAY,False,2026-09-02T17:33:56.718686+00:00,17,0,-0.74,1
48855e77204f71ae434a8d11d79af47d,TXN-8507DDE5,fadf4e0aa4e6db699191d450e3cfca90,c85db54ea070ffe0c9c2c638737e31ca,,2005.73,0.0,MERCHANT_PAY,COMPLETED,Merchant Pay,Simulated MERCHANT_PAY,False,2026-07-24T02:18:32.718686+00:00,2,1,-0.27,1
c2a6ee39bf57dff309b21b4dba304b24,TXN-BCED76E1,d2c0e952054db218612de01b8b401e3d,019eb181a60b72600fe1522fabe4cd00,,2671.24,5.0,SEND_MONEY,COMPLETED,Send Money,Simulated SEND_MONEY,False,2026-09-28T15:06:48.718686+00:00,15,0,0.1,1
96c0336855dd87101b29a77957ab5230,TXN-211F5A3F,920d641d4f1838031412092365b508f9,d2c0e952054db218612de01b8b401e3d,,328.74,0.0,RECHARGE,COMPLETED,Recharge,Simulated RECHARGE,False,2026-09-10T07:56:33.718686+00:00,7,0,-1.21,1
8d6d26e3a2f28ac05832bf17d12ec713,TXN-2807F34C,8cefe33bc85b06476d4145b5395ea644,94c1c7dc8088ba9666392ead9b770797,,1144.33,0.0,MERCHANT_PAY,COMPLETED,Merchant Pay,Simulated MERCHANT_PAY,False,2026-08-12T16:23:42.718686+00:00,16,0,-0.75,1
e08d3875e861dbbbe90e4882b591a689,TXN-B375D9C0,b9376a572eeedc5c8dfd978d9d452846,3e8f0387819d64fd0b03881045eac7c8,,1278.87,0.0,BILL_PAY,COMPLETED,Bill Pay,Simulated BILL_PAY,False,2026-09-15T11:12:59.718686+00:00,11,0,-0.68,1
270b3f4e7d67b82cc9df9cc28cf9f3d8,TXN-2CA7DA90,d491f477c542d1707119e8c77ba730c8,7646bcb6920612b5e359b12633365514,,294.21,0.0,RECHARGE,COMPLETED,Recharge,Simulated RECHARGE,False,2026-07-17T04:46:21.718686+00:00,4,1,-1.23,1
62300343f1e66147cbd42747f692b235,TXN-D7E36C27,887489e7c99502841ba83eec893afe1d,f89e0aa9ae8d55dcb43d0315270b2238,,4826.31,5.0,SEND_MONEY,COMPLETED,Send Money,Simulated SEND_MONEY,False,2026-08-13T07:36:16.718686+00:00,7,0,1.29,1
91b0eabb8acf39ec122e86a799bfa6c1,TXN-76AA30B3,ba43d28df7fba6619bbe4dc11c06298b,9e7e17b731d68635812244997dbab941,,1778.04,0.0,MERCHANT_PAY,COMPLETED,Merchant Pay,Simulated MERCHANT_PAY,False,2026-07-28T12:06:49.718686+00:00,12,0,-0.4,1
87cef42eec664e370758aedac151cf7d,TXN-ACEE121C,63d8729ad99d6620a0333cebe2d7207a,b9ee744cc6893b8e4e16d19dfafb9284,b9ee744cc6893b8e4e16d19dfafb9284,11438.58,15.0,CASH_OUT,COMPLETED,Cash Out,Simulated CASH_OUT,False,2026-08-03T05:15:10.718686+00:00,5,1,4.97,2
54d3a661e9448c150743020e81faa867,TXN-BABC99D8,88763c3e84f0d3eb136c4d4e1aeecdaf,7ec15cd222dd1fc98dd0e7cd9751fa9d,88763c3e84f0d3eb136c4d4e1aeecdaf,10234.32,0.0,CASH_IN,COMPLETED,Cash In,Simulated CASH_IN,False,2026-08-11T17:45:48.718686+00:00,17,0,4.3,1
d0412adafc25b8648678e2a68e9563ae,TXN-DD428819,92d9cb140eda53d5046b82d656354805,947ad30ee89e026f62bb39e7b8666c6e,,3053.95,5.0,SEND_MONEY,COMPLETED,Send Money,Simulated SEND_MONEY,False,2026-08-25T19:13:13.718686+00:00,19,0,0.31,1
44a42fbcd0aab1c6b22b29b3ee7b75fb,TXN-1C34E896,5ea78e239a56f60e7a73667f804942f5,6fa7dee9d506c590d0adc559242b754b,,178.16,0.0,RECHARGE,COMPLETED,Recharge,Simulated RECHARGE,False,2026-09-24T04:52:05.718686+00:00,4,1,-1.29,1
a98b8b1208d80160adde41f1fcefe366,TXN-E3AD409E,4c78b5ebb63af8ec922f3fa771763324,67108e809ac0c87e3f3f926a9e8a9569,,254.34,0.0,RECHARGE,COMPLETED,Recharge,Simulated RECHARGE,False,2026-08-10T00:29:24.718686+00:00,0,0,-1.25,1
ed01dd36735ca5ff79bdceb64202c89a,TXN-4CD5FD45,22c8bad4d62b01cf4e1270d7be143d90,94c1c7dc8088ba9666392ead9b770797,,40.59,0.0,RECHARGE,COMPLETED,Recharge,Simulated RECHARGE,False,2026-07-22T01:42:32.718686+00:00,1,1,-1.37,1
999a429a0a7358f351748330c1048b74,TXN-4871E02E,29cc202556f422d15cf82e1512bff950,92d9cb140eda53d5046b82d656354805,,8701.16,5.0,SEND_MONEY,COMPLETED,Send Money,Simulated SEND_MONEY,False,2026-08-07T08:05:20.718686+00:00,8,0,3.45,1
e713d021241d90676a79134dfdf61b7d,TXN-FC3D41B6,6574d17462a87d1730068b859da056f2,774b058b32fa45e881e3520560698426,,1893.5,0.0,BILL_PAY,COMPLETED,Bill Pay,Simulated BILL_PAY,False,2026-07-30T20:44:25.718686+00:00,20,0,-0.34,1
ab94900601440dcae9dffd7d78176308,TXN-24A6793D,6ab9575a1b7d1060f24d980c1141bfa8,8cefe33bc85b06476d4145b5395ea644,,4190.51,5.0,SEND_MONEY,COMPLETED,Send Money,Simulated SEND_MONEY,False,2026-07-18T21:38:49.718686+00:00,21,0,0.94,1
166b178199a511456ed47b7d3a77d1ed,TXN-71966BC3,fadf4e0aa4e6db699191d450e3cfca90,4475a6a8efb7ee576f44e9a1cf97e616,,442.62,0.0,MERCHANT_PAY,COMPLETED,Merchant Pay,Simulated MERCHANT_PAY,False,2026-08-05T09:27:47.718686+00:00,9,0,-1.14,1
acae6766f90cd121a7d6a4a516284edd,TXN-221FEC15,93ed20f7af298133b5d5c110715e43f5,c3b37cdf478b5f1365d70e59a9bc7db5,c3b37cdf478b5f1365d70e59a9bc7db5,17331.66,15.0,CASH_OUT,COMPLETED,Cash Out,Simulated CASH_OUT,False,2026-08-01T05:09:57.718686+00:00,5,1,8.24,2
f7ffab4989b09d8c72f57856186951b0,TXN-BD8229C1,f63764957f52e118034140e73b764fd8,b56e04675e530859a4cde7562b4786e5,,2372.37,0.0,MERCHANT_PAY,COMPLETED,Merchant Pay,Simulated MERCHANT_PAY,False,2026-07-13T07:50:17.718686+00:00,7,0,-0.07,1
1d734852d9fcea4c7d7b878955d61da0,TXN-32FB5225,163b7bf9da2842a111d4d8c94377f29f,aab296b6ecffd40138e9dd787dd7c62f,,32.15,0.0,RECHARGE,COMPLETED,Recharge,Simulated RECHARGE,False,2026-08-17T17:32:53.718686+00:00,17,0,-1.37,1
1ea1b69639bfc8b902c01720648a11ad,TXN-AE10ED75,f1fd93ab956002b687a10b08b5d72967,3e8f0387819d64fd0b03881045eac7c8,,2803.55,5.0,SEND_MONEY,COMPLETED,Send Money,Simulated SEND_MONEY,False,2026-08-11T13:51:54.718686+00:00,13,0,0.17,1
87b78ae2f68752248ce65c85160f1d15,TXN-8C469B79,d2c0e952054db218612de01b8b401e3d,7e25924565710a7c41b0ba3c9f3bfbe9,,3644.34,5.0,SEND_MONEY,COMPLETED,Send Money,Simulated SEND_MONEY,False,2026-09-10T13:02:35.718686+00:00,13,0,0.64,1
43f7ec117c617b6b1938221482171393,TXN-E41860FA,1b99ddafaa28f74dc164af9e24830bad,97732b7d2a0cf42e45df8e38eede305b,97732b7d2a0cf42e45df8e38eede305b,12315.25,15.0,CASH_OUT,COMPLETED,Cash Out,Simulated CASH_OUT,False,2026-10-01T02:05:53.718686+00:00,2,1,5.45,1
5a9d2edfeadc6c6bcc5ce24fc1082747,TXN-203FA872,6d9b4fa238dde07f567f7dbd00b23fd7,63d8729ad99d6620a0333cebe2d7207a,,4146.39,5.0,SEND_MONEY,COMPLETED,Send Money,Simulated SEND_MONEY,False,2026-09-12T20:16:56.718686+00:00,20,0,0.91,1
73de5f2a3f08c3afa2600aca557341d8,TXN-050C2184,94c1c7dc8088ba9666392ead9b770797,1e002e71e6b9a839b69d43969374e33e,,1895.37,0.0,MERCHANT_PAY,COMPLETED,Merchant Pay,Simulated MERCHANT_PAY,False,2026-09-22T07:40:21.718686+00:00,7,0,-0.34,1
80265db2a1cf36cec6d9662deb030654,TXN-7A2C18CC,a87506818a081f5835a17049b1ca9b41,a780a78582d457ca210edde8e3c1d88d,,2751.81,5.0,SEND_MONEY,COMPLETED,Send Money,Simulated SEND_MONEY,False,2026-09-02T11:02:07.718686+00:00,11,0,0.14,1
50f23cec5ccef2d76fb218f5ab2a5ae5,TXN-9B5F3DBD,7e25924565710a7c41b0ba3c9f3bfbe9,422286bab6d7b8eea429bfee3894aa7b,422286bab6d7b8eea429bfee3894aa7b,7114.53,15.0,CASH_OUT,COMPLETED,Cash Out,Simulated CASH_OUT,False,2026-07-28T07:44:02.718686+00:00,7,0,2.56,1
baaea1f40f7149f4162548b8f4182e11,TXN-03E527AE,4c576c0ae86216b6f6e0065855ef4b55,6574d17462a87d1730068b859da056f2,,644.77,0.0,MERCHANT_PAY,COMPLETED,Merchant Pay,Simulated MERCHANT_PAY,False,2026-09-02T08:31:55.718686+00:00,8,0,-1.03,1
bd4034c590e07df734c322a58d24d463,TXN-965F750F,88763c3e84f0d3eb136c4d4e1aeecdaf,d9df0dce0fdbee946099d135178b0651,88763c3e84f0d3eb136c4d4e1aeecdaf,7448.14,0.0,CASH_IN,COMPLETED,Cash In,Simulated CASH_IN,False,2026-08-26T08:55:26.718686+00:00,8,0,2.75,1
483be4b892fe09fe86aa6afdc77f5591,TXN-9C49E7BD,b7602bda5c16c93cd75c0dbcdd2f6d6c,6a060089e6f56f9afb27d9b83a2b7c9f,,2720.19,5.0,SEND_MONEY,COMPLETED,Send Money,Simulated SEND_MONEY,False,2026-09-29T08:06:49.718686+00:00,8,0,0.12,1
e9369387e88d2e4c40547e58df49b221,TXN-60BD913E,6fa7dee9d506c590d0adc559242b754b,44441b337855f3507cd7f3f529f9ed9b,,1212.1,0.0,MERCHANT_PAY,COMPLETED,Merchant Pay,Simulated MERCHANT_PAY,False,2026-09-28T16:07:24.718686+00:00,16,0,-0.72,1
5e92edb8b4c41650d4c980a82b5ac559,TXN-45D40DC2,0dd188fb9dd3735e1ba71bddcf9b5680,a4363f535992847636e40ad27ccc907f,,3313.35,5.0,SEND_MONEY,COMPLETED,Send Money,Simulated SEND_MONEY,False,2026-07-24T10:42:41.718686+00:00,10,0,0.45,1
e09e6dc9f890f4b68ebed41df2892f60,TXN-2F4963F6,fe650fe8f7f1b92ef09c9e9930e4af3f,995a897619c18fbb346657bdfc41c6f7,,3298.79,0.0,BILL_PAY,COMPLETED,Bill Pay,Simulated BILL_PAY,False,2026-09-13T23:17:48.718686+00:00,23,0,0.44,1
1057f7739a91bfce6229e77087bb4b36,TXN-7F4B4C9A,b105797ce7097a9d7175762f71c33e73,4c64ccf00086f53c7786ee74543a024a,,4920.62,5.0,SEND_MONEY,COMPLETED,Send Money,Simulated SEND_MONEY,False,2026-08-01T07:38:36.718686+00:00,7,0,1.34,1
1e694def32b32ed9ada53a4b24d7f00b,TXN-BC00FE17,5c110f190a3951baa533cec59ffb6aa1,74a9e2d1020eb53493a1eb482d915981,,1224.59,0.0,MERCHANT_PAY,COMPLETED,Merchant Pay,Simulated MERCHANT_PAY,False,2026-07-30T23:04:37.718686+00:00,23,0,-0.71,1
cd82c0d807d82e43af1426bc5186d134,TXN-79E55D77,d5ad98674d6c69eab07fbb6c5f6ec434,b56e04675e530859a4cde7562b4786e5,,440.44,0.0,RECHARGE,COMPLETED,Recharge,Simulated RECHARGE,False,2026-09-22T12:54:32.718686+00:00,12,0,-1.14,1
886c2c77b38c38b779672ccdbe17096a,TXN-19387322,137a8acc36e33a1b4682c358e6592082,942a55200af93c74d921d93f2beb656e,,4523.75,5.0,SEND_MONEY,COMPLETED,Send Money,Simulated SEND_MONEY,False,2026-07-12T05:39:38.718686+00:00,5,1,1.12,1
d7a293b59e12f5df1d55887636313939,TXN-433D7570,6d9b4fa238dde07f567f7dbd00b23fd7,ab033cdcb66402849ab1b6df20d638bb,,169.09,0.0,RECHARGE,COMPLETED,Recharge,Simulated RECHARGE,False,2026-09-23T05:04:40.718686+00:00,5,1,-1.29,1
dbf18fa7800b27503cc45d490a44ff36,TXN-227EDDE3,921012c6b11c284a1771d9b434a6c279,3db00c6efa2ff90560fd5e189b42a097,921012c6b11c284a1771d9b434a6c279,3128.24,0.0,CASH_IN,COMPLETED,Cash In,Simulated CASH_IN,False,2026-09-14T23:24:33.718686+00:00,23,0,0.35,1
aae99b933584c187e4650ec2450c729f,TXN-56253CA0,2560a9c45b7f736ff2833acf0ba23b3e,3a288796c66b6cb72b3c765d5f0440db,,2539.56,0.0,BILL_PAY,COMPLETED,Bill Pay,Simulated BILL_PAY,False,2026-09-15T13:42:00.718686+00:00,13,0,0.02,1
e9aec0e677c8cf3ee209de9c51c542a5,TXN-D8028B4F,0f2255d256be218b494e0e4b1a7f5e1c,6d9b4fa238dde07f567f7dbd00b23fd7,,340.98,5.0,SEND_MONEY,COMPLETED,Send Money,Simulated SEND_MONEY,False,2026-07-24T09:47:21.718686+00:00,9,0,-1.2,1
60ee2376c3857ee609f7a052a932cb89,TXN-35BA6479,163b7bf9da2842a111d4d8c94377f29f,5aeb81f0b34f243855d547a027205162,,2917.45,0.0,BILL_PAY,COMPLETED,Bill Pay,Simulated BILL_PAY,False,2026-07-08T14:55:58.718686+00:00,14,0,0.23,1
64453b5118f2de8ca47cd2e511e29118,TXN-188371B6,ab033cdcb66402849ab1b6df20d638bb,0e65de46311e9c847c499c11aa845484,0e65de46311e9c847c499c11aa845484,4750.87,15.0,CASH_OUT,COMPLETED,Cash Out,Simulated CASH_OUT,False,2026-07-08T11:29:43.718686+00:00,11,0,1.25,1
5d78b2c161a48bf2e2940201d38a0fe0,TXN-BF9F18A1,56d3630d48a7c5213076e6c42c8e9cc3,d2c0e952054db218612de01b8b401e3d,56d3630d48a7c5213076e6c42c8e9cc3,2553.61,0.0,CASH_IN,COMPLETED,Cash In,Simulated CASH_IN,False,2026-08-13T07:55:19.718686+00:00,7,0,0.03,1
e2b3a0059a1e821acd6015369703d2ea,TXN-C6A43DAC,ba3acf686a1a0d53a2f66a6207dcd795,d529ec7c7730634f441257c91dad22c0,,2857.82,0.0,BILL_PAY,COMPLETED,Bill Pay,Simulated BILL_PAY,False,2026-07-16T06:30:19.718686+00:00,6,0,0.2,1
19db48177f68c0cc3070a88b45bb931f,TXN-6C2CBDD4,91c41a04edd64e4c32a0af71604f336a,91636429900048d39a6a81c76e775fe7,91636429900048d39a6a81c76e775fe7,7282.1,15.0,CASH_OUT,COMPLETED,Cash Out,Simulated CASH_OUT,False,2026-08-07T00:34:55.718686+00:00,0,0,2.66,1
df7451a1403de37ad7917d0c7ea9589b,TXN-79DC45A5,5ea78e239a56f60e7a73667f804942f5,a789b4fc165147cd64a864ea50e2f99b,,9387.73,5.0,SEND_MONEY,COMPLETED,Send Money,Simulated SEND_MONEY,False,2026-08-05T04:45:18.718686+00:00,4,1,3.83,1
8247460d26c9a255598a0c58ebb535c3,TXN-D482F534,0f2255d256be218b494e0e4b1a7f5e1c,137a8acc36e33a1b4682c358e6592082,,29.22,0.0,RECHARGE,COMPLETED,Recharge,Simulated RECHARGE,False,2026-09-22T17:58:46.718686+00:00,17,0,-1.37,1
4dacdf393595e4dee9ec1b434ad3280d,TXN-404338F4,d6b3bdced8ec51ba8bfd3d4c8c1cf865,947ad30ee89e026f62bb39e7b8666c6e,,80.41,0.0,RECHARGE,COMPLETED,Recharge,Simulated RECHARGE,False,2026-07-10T03:25:53.718686+00:00,3,1,-1.34,2
35b2ed51be178671d04c6e09658ea717,TXN-CA6EE9DE,a2e926c1267324ec26163a35e075df06,8cefe33bc85b06476d4145b5395ea644,,107.99,0.0,RECHARGE,COMPLETED,Recharge,Simulated RECHARGE,False,2026-08-19T03:06:53.718686+00:00,3,1,-1.33,2
6abdab46ad178794d650225a551e8972,TXN-2FD9B752,f5abc8efbbbec1c7c7a75fac1fbeb42a,2f12019338fde08f7f9d2612b6f5b02b,f5abc8efbbbec1c7c7a75fac1fbeb42a,1322.1,0.0,CASH_IN,COMPLETED,Cash In,Simulated CASH_IN,False,2026-09-29T05:11:28.718686+00:00,5,1,-0.65,1
be4d13535e478a10f941b36a4f582feb,TXN-3EA72F94,cce557b7c5670116283705cc1e96e85a,93ed20f7af298133b5d5c110715e43f5,cce557b7c5670116283705cc1e96e85a,1135.03,0.0,CASH_IN,COMPLETED,Cash In,Simulated CASH_IN,False,2026-09-17T02:13:03.718686+00:00,2,1,-0.76,1
fdadbfb94aec8835884f7e9040b4a7ab,TXN-9B34E267,a9d8772b2a6882090ec5f80427432dbd,3e8f0387819d64fd0b03881045eac7c8,,70.8,0.0,RECHARGE,COMPLETED,Recharge,Simulated RECHARGE,False,2026-09-02T16:33:53.718686+00:00,16,0,-1.35,1
946cd8706527aa9a1e159e958aa52cf8,TXN-09EEC697,48788294ece10d689d0579adc948163a,fe650fe8f7f1b92ef09c9e9930e4af3f,,4764.25,5.0,SEND_MONEY,COMPLETED,Send Money,Simulated SEND_MONEY,False,2026-07-16T00:20:50.718686+00:00,0,0,1.26,1
16d28170ed9b7f63a4dde8469c51344e,TXN-F24A1E16,3b07bdc1c386d1c7a5047c4d4a4a0ea7,6d9b4fa238dde07f567f7dbd00b23fd7,,1601.08,0.0,MERCHANT_PAY,COMPLETED,Merchant Pay,Simulated MERCHANT_PAY,False,2026-07-11T20:28:55.718686+00:00,20,0,-0.5,1
d3f9acf09942f60d7cf14e838885892a,TXN-30B9155B,52431bf282c88707e62fd18b75abcf77,d9df0dce0fdbee946099d135178b0651,,1855.76,0.0,MERCHANT_PAY,COMPLETED,Merchant Pay,Simulated MERCHANT_PAY,False,2026-09-07T15:38:05.718686+00:00,15,0,-0.36,1
e04c07ce89f8094893970fcbb5658e84,TXN-17F0FBFC,2fe489dc20c1708cfa581d796a164a05,f24ec36fe902d9fc366bf6c5c42558c0,,4409.16,5.0,SEND_MONEY,COMPLETED,Send Money,Simulated SEND_MONEY,False,2026-07-28T00:47:22.718686+00:00,0,0,1.06,1
f66347afeb572a05e273667c4472e5e0,TXN-162D118F,c72d75458cab25be0e2c630a41129bf2,10331bea5f8789681791495ed9517fe2,,1708.82,5.0,SEND_MONEY,COMPLETED,Send Money,Simulated SEND_MONEY,False,2026-07-15T00:26:34.718686+00:00,0,0,-0.44,1
e6afb074fa54dea646a3ea10622c360b,TXN-7DB88D6D,6a060089e6f56f9afb27d9b83a2b7c9f,ec6e284035e6331bdc37fe8d94a47b09,,1637.43,0.0,MERCHANT_PAY,COMPLETED,Merchant Pay,Simulated MERCHANT_PAY,False,2026-08-12T15:29:33.718686+00:00,15,0,-0.48,1
912c6cd591858cbdf834c59cd0f96f21,TXN-1CD08938,10331bea5f8789681791495ed9517fe2,b56e04675e530859a4cde7562b4786e5,,8658.84,5.0,SEND_MONEY,COMPLETED,Send Money,Simulated SEND_MONEY,False,2026-08-05T12:54:27.718686+00:00,12,0,3.42,1
0ad34fd67c48c98b5f2f3b3a04baf4b3,TXN-1552F690,0fc954a8903d8d3906c6f655090a2772,56e8207d13bee145b0139e9bb3a77636,,226.45,0.0,RECHARGE,COMPLETED,Recharge,Simulated RECHARGE,False,2026-07-13T16:09:31.718686+00:00,16,0,-1.26,1
7a01cadaab86aba67554c0300d6c3d8a,TXN-B310DF40,b56e04675e530859a4cde7562b4786e5,29cc202556f422d15cf82e1512bff950,,458.95,0.0,RECHARGE,COMPLETED,Recharge,Simulated RECHARGE,False,2026-08-15T15:00:15.718686+00:00,15,0,-1.13,1
054087ab56e7ebb7bf1e76758a4dc963,TXN-77895740,94c1c7dc8088ba9666392ead9b770797,7646bcb6920612b5e359b12633365514,,1299.27,0.0,MERCHANT_PAY,COMPLETED,Merchant Pay,Simulated MERCHANT_PAY,False,2026-09-01T06:37:45.718686+00:00,6,0,-0.67,1
7f007730290a785aeb04803e1ffee0bb,TXN-2B1A56BD,21432700fffec608e4fd2fb0ddb36d82,de5424d71169e0b98a120957644e7040,,10326.52,5.0,SEND_MONEY,COMPLETED,Send Money,Simulated SEND_MONEY,False,2026-08-04T14:58:16.718686+00:00,14,0,4.35,1
2b440281cad89512e82132c5a5089723,TXN-F16C5BE6,88763c3e84f0d3eb136c4d4e1aeecdaf,7bfa12e52337128e6a95dc4ae4de2ee1,88763c3e84f0d3eb136c4d4e1aeecdaf,7501.5,0.0,CASH_IN,COMPLETED,Cash In,Simulated CASH_IN,False,2026-08-26T10:28:15.718686+00:00,10,0,2.78,1
9e1c766b3f14f79e4ecc1a1798e6e5d9,TXN-EBD27F51,942a55200af93c74d921d93f2beb656e,4c576c0ae86216b6f6e0065855ef4b55,,176.65,0.0,RECHARGE,BLOCKED,Recharge,Simulated RECHARGE,True,2026-07-23T05:07:20.718686+00:00,5,1,-1.29,2
2876c7a80a071cbe0e25b2746ea76649,TXN-F697D7AB,d5ad98674d6c69eab07fbb6c5f6ec434,ba3acf686a1a0d53a2f66a6207dcd795,,888.51,0.0,BILL_PAY,COMPLETED,Bill Pay,Simulated BILL_PAY,False,2026-07-27T23:05:23.718686+00:00,23,0,-0.9,1
ecc1d5f8d6f603986c4c94650746dcd9,TXN-64432C65,5c65507c2e3b7c0043daa0a1ffae75d3,e11d3919fbbacb05b53b3da8bde233d6,,2052.32,5.0,SEND_MONEY,COMPLETED,Send Money,Simulated SEND_MONEY,False,2026-08-18T00:47:27.718686+00:00,0,0,-0.25,1
a0cd72e4d9aa98d3d903484ead03af5d,TXN-649214A7,22c8bad4d62b01cf4e1270d7be143d90,74a9e2d1020eb53493a1eb482d915981,,2373.59,0.0,MERCHANT_PAY,COMPLETED,Merchant Pay,Simulated MERCHANT_PAY,False,2026-09-21T11:45:49.718686+00:00,11,0,-0.07,1
0257d46d085c0d85605d6d299aa09156,TXN-D539B91F,79a30ec2ffa4cd645fd6ad37bf5a2a92,f5abc8efbbbec1c7c7a75fac1fbeb42a,f5abc8efbbbec1c7c7a75fac1fbeb42a,5795.18,15.0,CASH_OUT,COMPLETED,Cash Out,Simulated CASH_OUT,False,2026-07-18T20:01:36.718686+00:00,20,0,1.83,1
bff1edb325c018ce89fa64e31773efd3,TXN-B0139C5B,ab033cdcb66402849ab1b6df20d638bb,cce557b7c5670116283705cc1e96e85a,cce557b7c5670116283705cc1e96e85a,5236.31,15.0,CASH_OUT,COMPLETED,Cash Out,Simulated CASH_OUT,False,2026-08-02T08:44:58.718686+00:00,8,0,1.52,1
10dadda546d7c60c0558072120372310,TXN-EDB007B2,6574d17462a87d1730068b859da056f2,7e25924565710a7c41b0ba3c9f3bfbe9,,3665.07,5.0,SEND_MONEY,COMPLETED,Send Money,Simulated SEND_MONEY,False,2026-07-22T12:52:27.718686+00:00,12,0,0.65,1
b87e78572004ef483033b68471613f2b,TXN-886C0DA2,de5424d71169e0b98a120957644e7040,d604f2ebd984a759fc53f682396031cd,,690.66,0.0,MERCHANT_PAY,COMPLETED,Merchant Pay,Simulated MERCHANT_PAY,False,2026-07-08T09:52:06.718686+00:00,9,0,-1.01,1
1b85b09c4f1e2e894228f711daa7fe1a,TXN-A907227F,2fe489dc20c1708cfa581d796a164a05,687322ba46ad7d1a6dcdcbed6b3c57d9,,286.4,0.0,RECHARGE,COMPLETED,Recharge,Simulated RECHARGE,False,2026-09-25T10:55:41.718686+00:00,10,0,-1.23,1
5445228849174d80ea248a28fd4a27e6,TXN-A54FCB76,d0b4cd2df32ef122a0c71b82035e6dc3,3a288796c66b6cb72b3c765d5f0440db,,3216.42,0.0,BILL_PAY,COMPLETED,Bill Pay,Simulated BILL_PAY,False,2026-08-16T16:37:33.718686+00:00,16,0,0.4,1
9313060b95e4769f2045ff9b3d7361d9,TXN-1078A2C4,9ca2c035804c1751d9bb84108e46b24b,d2c0e952054db218612de01b8b401e3d,,37.2,0.0,RECHARGE,COMPLETED,Recharge,Simulated RECHARGE,False,2026-07-08T05:00:12.718686+00:00,5,1,-1.37,1
6e3d87e45caf697dbe1c7ab9a935168a,TXN-84D03705,a9471c06d90eef52295526c0ef9c12bf,7bfa12e52337128e6a95dc4ae4de2ee1,,1965.84,0.0,MERCHANT_PAY,COMPLETED,Merchant Pay,Simulated MERCHANT_PAY,False,2026-08-08T20:01:39.718686+00:00,20,0,-0.3,1
0eacda354bf7465ae7129fc2377cab0b,TXN-B72BE549,8d188907e63291714835adb689e38229,885e891c4171db3ca38bbb35f664c8fc,885e891c4171db3ca38bbb35f664c8fc,9253.79,15.0,CASH_OUT,COMPLETED,Cash Out,Simulated CASH_OUT,False,2026-09-04T02:34:07.718686+00:00,2,1,3.75,2
46c06b6719f8bfec3b1e50f71b550e0b,TXN-08B749E2,56d3630d48a7c5213076e6c42c8e9cc3,3db00c6efa2ff90560fd5e189b42a097,56d3630d48a7c5213076e6c42c8e9cc3,3800.82,0.0,CASH_IN,COMPLETED,Cash In,Simulated CASH_IN,False,2026-08-15T15:36:35.718686+00:00,15,0,0.72,1
12f45d8a5a310bd1de7937dac0d9ac11,TXN-8C65B4F3,955ec133542f6e80c30f4952fee80d33,947ad30ee89e026f62bb39e7b8666c6e,,155.58,0.0,RECHARGE,COMPLETED,Recharge,Simulated RECHARGE,False,2026-07-30T12:39:03.718686+00:00,12,0,-1.3,1
8e48a97372ae2fea9efb2cf3c5a33f3e,TXN-78F8ED46,afcf8f047d02a8cefb9e5053b9802e7a,fd47a55fd1e7be8b66eb4061f0a37bc1,,73.3,0.0,RECHARGE,COMPLETED,Recharge,Simulated RECHARGE,False,2026-08-13T03:05:35.718686+00:00,3,1,-1.35,1
a65b318ffed804887b9cae4cb58ccde8,TXN-8FF27D21,d9df0dce0fdbee946099d135178b0651,7646bcb6920612b5e359b12633365514,,2076.85,0.0,BILL_PAY,COMPLETED,Bill Pay,Simulated BILL_PAY,False,2026-07-24T09:51:14.718686+00:00,9,0,-0.24,1
c54fdb6b0b5eaeccd0e536b65f98c145,TXN-63636A98,10331bea5f8789681791495ed9517fe2,6574d17462a87d1730068b859da056f2,,237.6,0.0,RECHARGE,COMPLETED,Recharge,Simulated RECHARGE,False,2026-08-10T00:47:30.718686+00:00,0,0,-1.26,1
b8bc2fc6b63d2e986d9dca0b9c6a60b2,TXN-2121FBCE,7646bcb6920612b5e359b12633365514,955ec133542f6e80c30f4952fee80d33,,86.39,0.0,RECHARGE,COMPLETED,Recharge,Simulated RECHARGE,False,2026-07-12T05:28:46.718686+00:00,5,1,-1.34,1
49fd98e7af7ec82f156f0126faf5f9ef,TXN-03542047,e2725c5bff2b6162cf06fb1afa9b4940,920d641d4f1838031412092365b508f9,,4204.96,5.0,SEND_MONEY,COMPLETED,Send Money,Simulated SEND_MONEY,False,2026-08-25T00:04:17.718686+00:00,0,0,0.95,1
8f10e9ba70d7f1afb75906f4ed60483c,TXN-923271C1,5c110f190a3951baa533cec59ffb6aa1,ec39bb7cabcf592c12d346c409defd7e,,3628.76,5.0,SEND_MONEY,COMPLETED,Send Money,Simulated SEND_MONEY,False,2026-07-11T12:13:17.718686+00:00,12,0,0.63,1
b376416c08ba88a614345e19c4b125ec,TXN-B77734ED,d0b4cd2df32ef122a0c71b82035e6dc3,28bad9c9332ec0e5025efc44e6a7a54f,,2356.29,0.0,MERCHANT_PAY,COMPLETED,Merchant Pay,Simulated MERCHANT_PAY,False,2026-07-24T21:18:49.718686+00:00,21,0,-0.08,1
297ed364fd2036f6171bd39f00916495,TXN-8A370FE1,cd014c6c636613884125f62c886cd09e,4c576c0ae86216b6f6e0065855ef4b55,,1902.04,0.0,MERCHANT_PAY,COMPLETED,Merchant Pay,Simulated MERCHANT_PAY,False,2026-08-17T20:32:44.718686+00:00,20,0,-0.33,1
a3c37253c02e94980915e360e480bc6e,TXN-E2B24C29,d3c308a1208710510c3bcb610dc42d08,b13eb846b74a47cc34cd153c313fc9b4,,2053.91,0.0,BILL_PAY,COMPLETED,Bill Pay,Simulated BILL_PAY,False,2026-09-26T08:00:30.718686+00:00,8,0,-0.25,1
96c794241ab66cd5cf334808ed83696d,TXN-C7F7E9DE,b62a999cc4eeb9376b4dda8f15f3b983,91c41a04edd64e4c32a0af71604f336a,,136.06,0.0,RECHARGE,COMPLETED,Recharge,Simulated RECHARGE,False,2026-08-08T01:52:12.718686+00:00,1,1,-1.31,1
d2970564bc264bf385597bcd65ce96fb,TXN-755026D2,641575d590fb761036ec5b80cdf1203a,91636429900048d39a6a81c76e775fe7,91636429900048d39a6a81c76e775fe7,17349.56,15.0,CASH_OUT,COMPLETED,Cash Out,Simulated CASH_OUT,False,2026-09-04T19:08:03.718686+00:00,19,0,8.25,1
4a44784391c3856e2b1aaf498a82de63,TXN-C0F2E060,cd014c6c636613884125f62c886cd09e,91c41a04edd64e4c32a0af71604f336a,,3862.85,5.0,SEND_MONEY,COMPLETED,Send Money,Simulated SEND_MONEY,False,2026-09-29T08:00:06.718686+00:00,8,0,0.76,1
63f258ac920f3e03172dce5d742f9368,TXN-5CECA74A,b13eb846b74a47cc34cd153c313fc9b4,c72d75458cab25be0e2c630a41129bf2,,3009.89,5.0,SEND_MONEY,COMPLETED,Send Money,Simulated SEND_MONEY,False,2026-09-13T20:03:54.718686+00:00,20,0,0.28,1
13bbc49413928ad745c86e3fb9af24cb,TXN-A8D29618,36abffacfee81ff100accb009afd7377,67108e809ac0c87e3f3f926a9e8a9569,,2256.59,0.0,MERCHANT_PAY,COMPLETED,Merchant Pay,Simulated MERCHANT_PAY,False,2026-10-02T20:31:34.718686+00:00,20,0,-0.14,1
718cb97a05abb03208e73217145fadcb,TXN-EFCCAF97,76d2086982f4a9e6bed9b3147eed7cbc,1b99ddafaa28f74dc164af9e24830bad,,2847.87,5.0,SEND_MONEY,COMPLETED,Send Money,Simulated SEND_MONEY,False,2026-09-24T16:15:57.718686+00:00,16,0,0.19,1
65d12d46d42d5a2d97989bc2c8eb0386,TXN-43D35F0D,92d9cb140eda53d5046b82d656354805,5fde7da627ef89562f5d2e5138fcc716,,78.87,0.0,RECHARGE,COMPLETED,Recharge,Simulated RECHARGE,False,2026-09-21T02:55:17.718686+00:00,2,1,-1.35,1
1859d29674bb4f27577564a068d7913d,TXN-5A932248,f6b5bf942ce96cc22eedc473be850090,6ab9575a1b7d1060f24d980c1141bfa8,,2764.05,0.0,BILL_PAY,COMPLETED,Bill Pay,Simulated BILL_PAY,False,2026-09-01T15:33:31.718686+00:00,15,0,0.15,1
e2db46fbbdd94f080f7b752a6ee16a54,TXN-851D7309,0dd188fb9dd3735e1ba71bddcf9b5680,ba43d28df7fba6619bbe4dc11c06298b,,122.64,0.0,RECHARGE,COMPLETED,Recharge,Simulated RECHARGE,False,2026-07-19T01:04:33.718686+00:00,1,1,-1.32,2
91ed5d6d7361122c04dd72374b14fa13,TXN-AA72EACE,1e002e71e6b9a839b69d43969374e33e,6a060089e6f56f9afb27d9b83a2b7c9f,,179.19,0.0,RECHARGE,COMPLETED,Recharge,Simulated RECHARGE,False,2026-09-24T01:57:28.718686+00:00,1,1,-1.29,1
31d2af30632f6f4c24e8537469265173,TXN-E26A82DE,1b99ddafaa28f74dc164af9e24830bad,de5424d71169e0b98a120957644e7040,,190.42,0.0,RECHARGE,COMPLETED,Recharge,Simulated RECHARGE,False,2026-07-29T05:44:56.718686+00:00,5,1,-1.28,2
0b96ba6f91cc4a115515a96128f7ced1,TXN-142057ED,3a288796c66b6cb72b3c765d5f0440db,ac9fb77bcbd378402146779c00a5ffff,,1532.18,0.0,MERCHANT_PAY,COMPLETED,Merchant Pay,Simulated MERCHANT_PAY,False,2026-07-27T11:29:32.718686+00:00,11,0,-0.54,1
680990dccb14851a0d97dfadb0fa3de2,TXN-5CB8A356,a9471c06d90eef52295526c0ef9c12bf,48788294ece10d689d0579adc948163a,,204.38,5.0,SEND_MONEY,COMPLETED,Send Money,Simulated SEND_MONEY,False,2026-07-09T16:08:16.718686+00:00,16,0,-1.28,1
9b72e8afc2ed7c78875be1713ff2ddbf,TXN-F52DAAA1,f24ec36fe902d9fc366bf6c5c42558c0,947ad30ee89e026f62bb39e7b8666c6e,,1935.04,5.0,SEND_MONEY,COMPLETED,Send Money,Simulated SEND_MONEY,False,2026-09-15T23:23:51.718686+00:00,23,0,-0.31,1
cb3e59049d1a68a6f4e211e6490ba4f1,TXN-BD0FEE96,e2725c5bff2b6162cf06fb1afa9b4940,3db00c6efa2ff90560fd5e189b42a097,,1251.9,0.0,BILL_PAY,COMPLETED,Bill Pay,Simulated BILL_PAY,False,2026-08-10T08:47:27.718686+00:00,8,0,-0.69,1
530c7e3dd089a64d2f19c7a0b98d5f8f,TXN-5D8DBF00,c3b37cdf478b5f1365d70e59a9bc7db5,6d9b4fa238dde07f567f7dbd00b23fd7,c3b37cdf478b5f1365d70e59a9bc7db5,11419.65,0.0,CASH_IN,BLOCKED,Cash In,Simulated CASH_IN,True,2026-07-31T21:58:18.718686+00:00,21,0,4.96,1
523037930b137739bfb9f3e7296bf632,TXN-A85BA00A,b105797ce7097a9d7175762f71c33e73,8275aee7949dab0b3757c0d16495741a,,259.41,5.0,SEND_MONEY,COMPLETED,Send Money,Simulated SEND_MONEY,False,2026-09-18T13:53:12.718686+00:00,13,0,-1.24,1
770ff30496bec7aa889bb2af239e19ef,TXN-4A8E7C71,ec39bb7cabcf592c12d346c409defd7e,fe650fe8f7f1b92ef09c9e9930e4af3f,,5388.68,5.0,SEND_MONEY,COMPLETED,Send Money,Simulated SEND_MONEY,False,2026-08-01T19:57:47.718686+00:00,19,0,1.6,1
dd7f4acaceeb021bb9fdb758b6ea4ba1,TXN-9F7CA77C,2560a9c45b7f736ff2833acf0ba23b3e,920d641d4f1838031412092365b508f9,,3370.17,0.0,BILL_PAY,COMPLETED,Bill Pay,Simulated BILL_PAY,False,2026-07-07T14:35:24.718686+00:00,14,0,0.48,1
0a883a6b146fe9c3d11c0be77308471b,TXN-3973B882,f24ec36fe902d9fc366bf6c5c42558c0,d0b4cd2df32ef122a0c71b82035e6dc3,,3382.21,0.0,BILL_PAY,COMPLETED,Bill Pay,Simulated BILL_PAY,False,2026-08-08T18:28:46.718686+00:00,18,0,0.49,1
365492da6c669839caeae718e67e81e9,TXN-A8CCC1CF,b1a66b3f63e51e2a843b9028fcb6ded2,45b882f3960f148988c5b8fe01addac1,b1a66b3f63e51e2a843b9028fcb6ded2,12695.49,0.0,CASH_IN,COMPLETED,Cash In,Simulated CASH_IN,False,2026-09-26T19:11:50.718686+00:00,19,0,5.66,1
edbe5f4c2606f6fb62cf9ec66a0d4018,TXN-17B20BAD,1cd31cec7165b0f999e22f35ea0f297b,9708ab5e440dc80ab8deaa5aa649c2a6,,127.65,0.0,RECHARGE,COMPLETED,Recharge,Simulated RECHARGE,False,2026-07-12T04:01:21.718686+00:00,4,1,-1.32,1
1898a060a1ffd55414ce51abafbc0a59,TXN-08944418,df17af4790a0efbcb2dd7af3dc7310ac,6fa7dee9d506c590d0adc559242b754b,,3715.7,5.0,SEND_MONEY,COMPLETED,Send Money,Simulated SEND_MONEY,False,2026-09-14T13:16:46.718686+00:00,13,0,0.68,1
2027308c7916b23e564dc4b523598b30,TXN-3E43EE7F,cd014c6c636613884125f62c886cd09e,39495bec7941dda30d5ffb10dc7835a0,,3412.39,5.0,SEND_MONEY,COMPLETED,Send Money,Simulated SEND_MONEY,False,2026-09-03T06:14:26.718686+00:00,6,0,0.51,1
dbba293a39359faf54791f1c2575ba53,TXN-8DA62497,c85db54ea070ffe0c9c2c638737e31ca,65934a85ba1c9c2d039acb02a4e9f5a7,,817.56,5.0,SEND_MONEY,COMPLETED,Send Money,Simulated SEND_MONEY,False,2026-07-17T15:30:52.718686+00:00,15,0,-0.93,1
2c0c4c6a5bf10af20968f9719b22cac9,TXN-03EF0A7F,921012c6b11c284a1771d9b434a6c279,93ed20f7af298133b5d5c110715e43f5,921012c6b11c284a1771d9b434a6c279,5808.35,0.0,CASH_IN,COMPLETED,Cash In,Simulated CASH_IN,False,2026-09-30T23:34:19.718686+00:00,23,0,1.84,1
8d346a14def935c9122e4bed39f8a3df,TXN-AEBE8B42,67108e809ac0c87e3f3f926a9e8a9569,422286bab6d7b8eea429bfee3894aa7b,422286bab6d7b8eea429bfee3894aa7b,6442.08,15.0,CASH_OUT,COMPLETED,Cash Out,Simulated CASH_OUT,False,2026-09-16T22:40:14.718686+00:00,22,0,2.19,1
c628f41f4b1532c4b57048878bbc8049,TXN-FDA2A54B,5458c6d9f0729c3bde4bb221abc8b6b5,e11d3919fbbacb05b53b3da8bde233d6,,1481.12,0.0,MERCHANT_PAY,COMPLETED,Merchant Pay,Simulated MERCHANT_PAY,False,2026-09-12T19:07:09.718686+00:00,19,0,-0.57,1
7f16d7b577151ad4090c219fb66f70f0,TXN-4D4366FE,44441b337855f3507cd7f3f529f9ed9b,e11d3919fbbacb05b53b3da8bde233d6,,170.56,0.0,RECHARGE,COMPLETED,Recharge,Simulated RECHARGE,False,2026-08-04T05:47:02.718686+00:00,5,1,-1.29,2
92d9980fd5b0587d9b0e51fa9034280c,TXN-669DC955,2f12019338fde08f7f9d2612b6f5b02b,a780a78582d457ca210edde8e3c1d88d,,13941.41,5.0,SEND_MONEY,COMPLETED,Send Money,Simulated SEND_MONEY,False,2026-08-03T14:35:58.718686+00:00,14,0,6.36,1
f01dc6281309fbf7326276bb347d5961,TXN-A006255D,885e891c4171db3ca38bbb35f664c8fc,cd014c6c636613884125f62c886cd09e,885e891c4171db3ca38bbb35f664c8fc,14569.93,0.0,CASH_IN,COMPLETED,Cash In,Simulated CASH_IN,False,2026-10-02T00:26:51.718686+00:00,0,0,6.71,1
f6feb390b4964bb14269b36626ed633a,TXN-272EC31B,d5ad98674d6c69eab07fbb6c5f6ec434,f24ec36fe902d9fc366bf6c5c42558c0,,1164.83,5.0,SEND_MONEY,COMPLETED,Send Money,Simulated SEND_MONEY,False,2026-08-14T02:23:44.718686+00:00,2,1,-0.74,1
f705b1c8171190df39c5c60877ff3ed3,TXN-3233BF9C,0d3fa09ecaba91e19a1f466e6ed0ab3d,3db00c6efa2ff90560fd5e189b42a097,,514.47,0.0,BILL_PAY,COMPLETED,Bill Pay,Simulated BILL_PAY,False,2026-08-01T00:21:08.718686+00:00,0,0,-1.1,1
d2332daad4a4977e2f79255d34601f6a,TXN-49C886D7,1b99ddafaa28f74dc164af9e24830bad,44441b337855f3507cd7f3f529f9ed9b,,1260.69,0.0,BILL_PAY,COMPLETED,Bill Pay,Simulated BILL_PAY,False,2026-08-25T17:58:32.718686+00:00,17,0,-0.69,1
2a7eaf936b3ca26b451c9b92aefca02e,TXN-500AC24D,94c1c7dc8088ba9666392ead9b770797,e2725c5bff2b6162cf06fb1afa9b4940,,2198.68,0.0,BILL_PAY,COMPLETED,Bill Pay,Simulated BILL_PAY,False,2026-09-19T11:00:37.718686+00:00,11,0,-0.17,1
94e3d4bec6be14fda75e60329563ea0f,TXN-ECE65169,9e7e17b731d68635812244997dbab941,947ad30ee89e026f62bb39e7b8666c6e,,1393.64,0.0,MERCHANT_PAY,COMPLETED,Merchant Pay,Simulated MERCHANT_PAY,False,2026-08-07T10:50:02.718686+00:00,10,0,-0.61,1
dfa19767bae2ec0c75c3719e28ea1fc0,TXN-0D345840,74a9e2d1020eb53493a1eb482d915981,b1a66b3f63e51e2a843b9028fcb6ded2,b1a66b3f63e51e2a843b9028fcb6ded2,3349.75,15.0,CASH_OUT,COMPLETED,Cash Out,Simulated CASH_OUT,False,2026-08-19T11:26:32.718686+00:00,11,0,0.47,1
5a03af691f0d98ca403b5170cf52ea81,TXN-2006C6B7,fc9c1388504a06a82f25be52c4a6f5a5,9708ab5e440dc80ab8deaa5aa649c2a6,,1897.73,0.0,MERCHANT_PAY,COMPLETED,Merchant Pay,Simulated MERCHANT_PAY,False,2026-08-06T16:34:32.718686+00:00,16,0,-0.33,1
ca183410d08a289d92a1c64cf609fcaf,TXN-696AFAA6,afcf8f047d02a8cefb9e5053b9802e7a,f63764957f52e118034140e73b764fd8,,143.09,0.0,RECHARGE,COMPLETED,Recharge,Simulated RECHARGE,False,2026-09-01T01:28:31.718686+00:00,1,1,-1.31,2
bd8ccf62dd939631ec012bf48d4044e3,TXN-D16329D4,bdd1bcc71ed6717c4a5f4df6a382d2c0,1e002e71e6b9a839b69d43969374e33e,,2319.95,0.0,MERCHANT_PAY,COMPLETED,Merchant Pay,Simulated MERCHANT_PAY,False,2026-08-10T14:09:49.718686+00:00,14,0,-0.1,1
e92879bef2c3ef82cdb0406c3fd968d7,TXN-4C12B113,79a30ec2ffa4cd645fd6ad37bf5a2a92,687322ba46ad7d1a6dcdcbed6b3c57d9,,939.32,5.0,SEND_MONEY,COMPLETED,Send Money,Simulated SEND_MONEY,False,2026-09-05T23:55:22.718686+00:00,23,0,-0.87,1
8d3c9e138ee3dcc8e2499baed0191f4c,TXN-B2FC2204,1b99ddafaa28f74dc164af9e24830bad,7ec15cd222dd1fc98dd0e7cd9751fa9d,,697.7,0.0,MERCHANT_PAY,COMPLETED,Merchant Pay,Simulated MERCHANT_PAY,False,2026-07-15T00:50:26.718686+00:00,0,0,-1.0,1
ec1e91b74d0b6c78ad33f4aa31e88500,TXN-5F925E93,cd014c6c636613884125f62c886cd09e,c72d75458cab25be0e2c630a41129bf2,,142.95,0.0,RECHARGE,COMPLETED,Recharge,Simulated RECHARGE,False,2026-07-29T01:43:31.718686+00:00,1,1,-1.31,2
0b3c0abdfca6bfd4a2dc7ed3ab4e00bf,TXN-71AAC0B3,b105797ce7097a9d7175762f71c33e73,91c41a04edd64e4c32a0af71604f336a,,790.2,5.0,SEND_MONEY,COMPLETED,Send Money,Simulated SEND_MONEY,False,2026-07-19T21:17:15.718686+00:00,21,0,-0.95,1
b60dc9b6cdc1ec1488f8bcff03419055,TXN-0C083D73,2f12019338fde08f7f9d2612b6f5b02b,fd47a55fd1e7be8b66eb4061f0a37bc1,,13252.82,5.0,SEND_MONEY,COMPLETED,Send Money,Simulated SEND_MONEY,False,2026-10-03T09:14:44.718686+00:00,9,0,5.97,1
69b8cf22d245ca290bc3d43eea238093,TXN-8E215645,c85db54ea070ffe0c9c2c638737e31ca,6d9b4fa238dde07f567f7dbd00b23fd7,,573.13,5.0,SEND_MONEY,COMPLETED,Send Money,Simulated SEND_MONEY,False,2026-09-15T08:57:52.718686+00:00,8,0,-1.07,1
e96d89e5e46892ee3ec0461d08e13b37,TXN-787FB7C2,6ab9575a1b7d1060f24d980c1141bfa8,ba62a89e273f83051020288c4d221f17,,568.93,5.0,SEND_MONEY,COMPLETED,Send Money,Simulated SEND_MONEY,False,2026-07-22T21:59:48.718686+00:00,21,0,-1.07,1
361b3b127a27ac762bc8b7a155619a1a,TXN-9109B0EE,6ab9575a1b7d1060f24d980c1141bfa8,5aeb81f0b34f243855d547a027205162,,474.07,5.0,SEND_MONEY,COMPLETED,Send Money,Simulated SEND_MONEY,False,2026-08-22T13:53:02.718686+00:00,13,0,-1.13,1
092c3ac4eb56ecc0f10ea7eccb4a1dba,TXN-62C12493,5fde7da627ef89562f5d2e5138fcc716,0e65de46311e9c847c499c11aa845484,0e65de46311e9c847c499c11aa845484,14706.35,15.0,CASH_OUT,COMPLETED,Cash Out,Simulated CASH_OUT,False,2026-08-04T00:57:42.718686+00:00,0,0,6.78,1
59c6ae8de7027b2063d2da7b0b24c9c1,TXN-6B60A47D,4c78b5ebb63af8ec922f3fa771763324,5c65507c2e3b7c0043daa0a1ffae75d3,,2173.83,0.0,BILL_PAY,COMPLETED,Bill Pay,Simulated BILL_PAY,False,2026-07-20T12:41:22.718686+00:00,12,0,-0.18,1
0c65bf504e2e1fdd65faea2baab5697b,TXN-8B00EC49,8275aee7949dab0b3757c0d16495741a,ba43d28df7fba6619bbe4dc11c06298b,,2452.58,5.0,SEND_MONEY,COMPLETED,Send Money,Simulated SEND_MONEY,False,2026-08-06T11:04:52.718686+00:00,11,0,-0.03,1
21249e1002f068b6d95b2c6cf26ba309,TXN-9E6C609F,9ca2c035804c1751d9bb84108e46b24b,6574d17462a87d1730068b859da056f2,,2029.29,0.0,MERCHANT_PAY,COMPLETED,Merchant Pay,Simulated MERCHANT_PAY,False,2026-09-25T16:25:13.718686+00:00,16,0,-0.26,1
eeec3207e193f7beb4e6fc74b99f4599,TXN-CF3D3DD4,b105797ce7097a9d7175762f71c33e73,36abffacfee81ff100accb009afd7377,,2469.67,0.0,MERCHANT_PAY,COMPLETED,Merchant Pay,Simulated MERCHANT_PAY,False,2026-07-14T10:58:58.718686+00:00,10,0,-0.02,1
ab29cecb158267ed2d88468610c2a78a,TXN-A0A3A194,6fa7dee9d506c590d0adc559242b754b,422286bab6d7b8eea429bfee3894aa7b,422286bab6d7b8eea429bfee3894aa7b,6709.82,15.0,CASH_OUT,COMPLETED,Cash Out,Simulated CASH_OUT,False,2026-09-24T06:45:38.718686+00:00,6,0,2.34,1
ca6aea2f228d986cf24bcf4fc404b6be,TXN-EB5CDC8D,44441b337855f3507cd7f3f529f9ed9b,5fde7da627ef89562f5d2e5138fcc716,,3673.5,5.0,SEND_MONEY,COMPLETED,Send Money,Simulated SEND_MONEY,False,2026-08-24T18:35:53.718686+00:00,18,0,0.65,1
58d823b8719501064527ec416a548823,TXN-B127A577,6fa7dee9d506c590d0adc559242b754b,f5abc8efbbbec1c7c7a75fac1fbeb42a,f5abc8efbbbec1c7c7a75fac1fbeb42a,4321.6,15.0,CASH_OUT,COMPLETED,Cash Out,Simulated CASH_OUT,False,2026-08-02T22:13:35.718686+00:00,22,0,1.01,1
9648e2d69bddaabfde8bfb1f59809300,TXN-82601E5D,45b882f3960f148988c5b8fe01addac1,8cefe33bc85b06476d4145b5395ea644,,1635.41,0.0,BILL_PAY,COMPLETED,Bill Pay,Simulated BILL_PAY,False,2026-07-15T09:20:47.718686+00:00,9,0,-0.48,1
c7f717713052cc6435d9753fb06d296a,TXN-04FF990C,21432700fffec608e4fd2fb0ddb36d82,93ed20f7af298133b5d5c110715e43f5,,1043.84,0.0,MERCHANT_PAY,COMPLETED,Merchant Pay,Simulated MERCHANT_PAY,False,2026-09-25T19:02:43.718686+00:00,19,0,-0.81,1
2429eacce2343db9439ee55690bdd04b,TXN-B43DBD36,45b882f3960f148988c5b8fe01addac1,63d8729ad99d6620a0333cebe2d7207a,,1270.69,0.0,MERCHANT_PAY,COMPLETED,Merchant Pay,Simulated MERCHANT_PAY,False,2026-08-16T04:48:35.718686+00:00,4,1,-0.68,1
d4e8064f80ba159dc2ab01eab1a4155a,TXN-A20839F0,a2e926c1267324ec26163a35e075df06,5ea78e239a56f60e7a73667f804942f5,,501.39,0.0,BILL_PAY,COMPLETED,Bill Pay,Simulated BILL_PAY,False,2026-09-06T06:03:27.718686+00:00,6,0,-1.11,1
dd54717df9a7d653732a6b65ef0b52ae,TXN-44089779,f24ec36fe902d9fc366bf6c5c42558c0,8dec199f53c51c5628944251dda68691,,63.09,0.0,RECHARGE,COMPLETED,Recharge,Simulated RECHARGE,False,2026-08-04T04:59:19.718686+00:00,4,1,-1.35,2
6f554e15d4662f4ffcbfe354734defca,TXN-B66BC22A,f24ec36fe902d9fc366bf6c5c42558c0,641575d590fb761036ec5b80cdf1203a,,3049.14,5.0,SEND_MONEY,COMPLETED,Send Money,Simulated SEND_MONEY,False,2026-09-30T08:34:28.718686+00:00,8,0,0.31,1
08196e6e35caf2d9082c9661c4605c40,TXN-03EB53BC,f6b5bf942ce96cc22eedc473be850090,21432700fffec608e4fd2fb0ddb36d82,,285.39,0.0,RECHARGE,COMPLETED,Recharge,Simulated RECHARGE,False,2026-07-30T06:45:07.718686+00:00,6,0,-1.23,1
d0b1324f939c005b29e54183a82b7967,TXN-515D766C,ab033cdcb66402849ab1b6df20d638bb,995a897619c18fbb346657bdfc41c6f7,,3050.94,5.0,SEND_MONEY,COMPLETED,Send Money,Simulated SEND_MONEY,False,2026-08-12T16:50:28.718686+00:00,16,0,0.31,1
dd66b96e21468f6bf39e7b3e1a26fd86,TXN-568ED604,29cc202556f422d15cf82e1512bff950,a789b4fc165147cd64a864ea50e2f99b,,149.07,0.0,RECHARGE,COMPLETED,Recharge,Simulated RECHARGE,False,2026-08-22T02:32:02.718686+00:00,2,1,-1.31,2
89f718950afeab9cd5cdbf587e4da14d,TXN-9D85B35C,48788294ece10d689d0579adc948163a,aab296b6ecffd40138e9dd787dd7c62f,,492.26,0.0,RECHARGE,COMPLETED,Recharge,Simulated RECHARGE,False,2026-08-06T22:07:16.718686+00:00,22,0,-1.12,1
a578ef612a1a69c7b03d32292d0f5862,TXN-19C78EB8,76d2086982f4a9e6bed9b3147eed7cbc,29cc202556f422d15cf82e1512bff950,,2927.71,0.0,BILL_PAY,COMPLETED,Bill Pay,Simulated BILL_PAY,False,2026-09-07T10:08:53.718686+00:00,10,0,0.24,1
afdfed694090639b5f9de36359ace3c9,TXN-047F23FC,6d9b4fa238dde07f567f7dbd00b23fd7,88763c3e84f0d3eb136c4d4e1aeecdaf,88763c3e84f0d3eb136c4d4e1aeecdaf,4964.54,15.0,CASH_OUT,COMPLETED,Cash Out,Simulated CASH_OUT,False,2026-08-29T16:27:34.718686+00:00,16,0,1.37,1
7fe8fc3be854e575d8f45b9f91c8e3a4,TXN-12B82841,fadf4e0aa4e6db699191d450e3cfca90,aab296b6ecffd40138e9dd787dd7c62f,,497.21,0.0,RECHARGE,COMPLETED,Recharge,Simulated RECHARGE,False,2026-07-21T06:44:47.718686+00:00,6,0,-1.11,1
87d943b8872b77721454ef29a802ca43,TXN-C41D0A3C,947ad30ee89e026f62bb39e7b8666c6e,f6b5bf942ce96cc22eedc473be850090,,464.36,0.0,RECHARGE,COMPLETED,Recharge,Simulated RECHARGE,False,2026-08-08T22:13:48.718686+00:00,22,0,-1.13,1
dd8e95fe71bb0c1fb253eae70ebaa403,TXN-CF8A6A0A,a9471c06d90eef52295526c0ef9c12bf,920d641d4f1838031412092365b508f9,,4887.66,5.0,SEND_MONEY,COMPLETED,Send Money,Simulated SEND_MONEY,False,2026-07-12T17:56:58.718686+00:00,17,0,1.33,1
3538364720ed57ba1591b998debeae3d,TXN-0CC534B1,c93486184196482ee09eeb5394eb3284,f1d3d9ce7cc465b1935b28bd8972bcdf,,1153.55,0.0,BILL_PAY,COMPLETED,Bill Pay,Simulated BILL_PAY,False,2026-09-23T15:34:10.718686+00:00,15,0,-0.75,1
a89756234544840501fb63906e724277,TXN-682C2D78,2e83ddfe2c55078090a49c56b71a1ae2,f6b5bf942ce96cc22eedc473be850090,,1216.38,5.0,SEND_MONEY,COMPLETED,Send Money,Simulated SEND_MONEY,False,2026-09-14T14:51:28.718686+00:00,14,0,-0.71,1
9915c824e4485f8391b23a9468d0200e,TXN-7A8C77A7,5ea78e239a56f60e7a73667f804942f5,74a9e2d1020eb53493a1eb482d915981,,2265.22,0.0,BILL_PAY,COMPLETED,Bill Pay,Simulated BILL_PAY,False,2026-07-25T20:54:37.718686+00:00,20,0,-0.13,1
0719949842fb2728552821552e3533a9,TXN-CBA39A27,d491f477c542d1707119e8c77ba730c8,61874613550dc5121fdaaac0737a643d,,129.73,0.0,RECHARGE,COMPLETED,Recharge,Simulated RECHARGE,False,2026-08-27T01:38:10.718686+00:00,1,1,-1.32,2
72f2d844b787c0e8c01ec0a270d6d7a5,TXN-7D8D87F0,2e83ddfe2c55078090a49c56b71a1ae2,0fc954a8903d8d3906c6f655090a2772,,2219.09,0.0,BILL_PAY,COMPLETED,Bill Pay,Simulated BILL_PAY,False,2026-08-14T09:26:08.718686+00:00,9,0,-0.16,1
7dd9866a0849030d8f7fb0998ed27641,TXN-53D60B14,2e83ddfe2c55078090a49c56b71a1ae2,0f2255d256be218b494e0e4b1a7f5e1c,,232.41,0.0,RECHARGE,COMPLETED,Recharge,Simulated RECHARGE,False,2026-07-16T08:27:54.718686+00:00,8,0,-1.26,1
a2574a4916d424e9eddb4f50c6095fb6,TXN-6695CEF2,7b43b48cc2385f8eb14372d3a02b76eb,ec39bb7cabcf592c12d346c409defd7e,7b43b48cc2385f8eb14372d3a02b76eb,5792.04,0.0,CASH_IN,COMPLETED,Cash In,Simulated CASH_IN,False,2026-08-01T11:29:11.718686+00:00,11,0,1.83,1
42ce2fa887e973f39f43669fec757283,TXN-60BCD0F0,955ec133542f6e80c30f4952fee80d33,ba184c813197d29e79ddc76c6d457c16,,146.62,0.0,RECHARGE,COMPLETED,Recharge,Simulated RECHARGE,False,2026-09-21T01:04:18.718686+00:00,1,1,-1.31,2
30b2d4f0e14e0706077dba0f3313b6c9,TXN-EA58D617,d604f2ebd984a759fc53f682396031cd,0f2255d256be218b494e0e4b1a7f5e1c,,72.32,0.0,RECHARGE,COMPLETED,Recharge,Simulated RECHARGE,False,2026-08-26T03:34:19.718686+00:00,3,1,-1.35,2
b057b61a7c6f937de1fa985058bb2385,TXN-2B58DE22,b780a4cf9f6267374ca9ca7c3042586f,1b99ddafaa28f74dc164af9e24830bad,,31.65,0.0,RECHARGE,COMPLETED,Recharge,Simulated RECHARGE,False,2026-09-16T02:28:38.718686+00:00,2,1,-1.37,2
bde5a863e0d307e34fe4e5f40b5acf96,TXN-AAAD30A4,f5abc8efbbbec1c7c7a75fac1fbeb42a,8dec199f53c51c5628944251dda68691,f5abc8efbbbec1c7c7a75fac1fbeb42a,2252.45,0.0,CASH_IN,COMPLETED,Cash In,Simulated CASH_IN,False,2026-08-30T09:48:16.718686+00:00,9,0,-0.14,1
82b92f44bf1e4dc84b113542408348e3,TXN-115318EB,5aeb81f0b34f243855d547a027205162,774b058b32fa45e881e3520560698426,,1212.81,5.0,SEND_MONEY,COMPLETED,Send Money,Simulated SEND_MONEY,False,2026-08-08T11:00:48.718686+00:00,11,0,-0.72,1
a95b10e7d0cfd9f0e56f9eae0ee351a7,TXN-3461AD8A,28bad9c9332ec0e5025efc44e6a7a54f,22c8bad4d62b01cf4e1270d7be143d90,,1925.7,0.0,MERCHANT_PAY,COMPLETED,Merchant Pay,Simulated MERCHANT_PAY,False,2026-07-10T07:28:43.718686+00:00,7,0,-0.32,1
991312e5b140f2d87c6996a431348c96,TXN-31A65E50,0d3fa09ecaba91e19a1f466e6ed0ab3d,942a55200af93c74d921d93f2beb656e,,187.76,0.0,RECHARGE,COMPLETED,Recharge,Simulated RECHARGE,False,2026-07-12T02:42:26.718686+00:00,2,1,-1.28,2
6563275b1fa9ede6b8b3f7dd315be625,TXN-94EED36D,aab296b6ecffd40138e9dd787dd7c62f,d604f2ebd984a759fc53f682396031cd,,49.99,0.0,RECHARGE,COMPLETED,Recharge,Simulated RECHARGE,False,2026-07-29T01:55:54.718686+00:00,1,1,-1.36,1
30a15221802b8366bfa420ddeeb1c3d0,TXN-5E8B021D,36abffacfee81ff100accb009afd7377,d0b4cd2df32ef122a0c71b82035e6dc3,,189.56,0.0,RECHARGE,COMPLETED,Recharge,Simulated RECHARGE,False,2026-07-28T04:05:07.718686+00:00,4,1,-1.28,1
39c0dcc7392ad8dc5021e8970ef5065b,TXN-59C79D10,7ec15cd222dd1fc98dd0e7cd9751fa9d,81253f4aa18bb992bcd0e6e9b1fa0507,,149.14,0.0,RECHARGE,COMPLETED,Recharge,Simulated RECHARGE,False,2026-07-14T20:02:38.718686+00:00,20,0,-1.31,1
b6afe5d5077338c29b22ca7c51c3d466,TXN-29614FB5,b7602bda5c16c93cd75c0dbcdd2f6d6c,4c78b5ebb63af8ec922f3fa771763324,,4670.93,5.0,SEND_MONEY,COMPLETED,Send Money,Simulated SEND_MONEY,False,2026-08-22T00:06:18.718686+00:00,0,0,1.21,1
440c960963a10ac8de3553e10abe7c48,TXN-3DB7772B,3e8f0387819d64fd0b03881045eac7c8,5fde7da627ef89562f5d2e5138fcc716,,260.44,0.0,RECHARGE,COMPLETED,Recharge,Simulated RECHARGE,False,2026-08-09T12:16:39.718686+00:00,12,0,-1.24,1
e0aa613d632ba382ab795b882951e9f9,TXN-85022407,7e25924565710a7c41b0ba3c9f3bfbe9,63d8729ad99d6620a0333cebe2d7207a,,3103.5,5.0,SEND_MONEY,COMPLETED,Send Money,Simulated SEND_MONEY,False,2026-07-24T22:24:26.718686+00:00,22,0,0.34,1
c517307589399c5fe6865ff162b73345,TXN-27D91A9C,fadf4e0aa4e6db699191d450e3cfca90,aab296b6ecffd40138e9dd787dd7c62f,,97.8,0.0,RECHARGE,COMPLETED,Recharge,Simulated RECHARGE,False,2026-09-01T23:58:03.718686+00:00,23,0,-1.33,1
cd6c11451ac17e80b2b92b3798e9ff49,TXN-34E99FEE,67108e809ac0c87e3f3f926a9e8a9569,e11d3919fbbacb05b53b3da8bde233d6,,1275.9,0.0,MERCHANT_PAY,COMPLETED,Merchant Pay,Simulated MERCHANT_PAY,False,2026-08-11T10:22:01.718686+00:00,10,0,-0.68,1
3b33483715ea4c60afe75405746b9fa4,TXN-4603B6E0,f1d3d9ce7cc465b1935b28bd8972bcdf,88763c3e84f0d3eb136c4d4e1aeecdaf,88763c3e84f0d3eb136c4d4e1aeecdaf,7574.64,15.0,CASH_OUT,COMPLETED,Cash Out,Simulated CASH_OUT,False,2026-09-11T10:34:47.718686+00:00,10,0,2.82,1
a124e757c000d51d16cc01367c23ffca,TXN-DB2EFBC3,016214150e97fb9ec49141665b32485f,f6b5bf942ce96cc22eedc473be850090,,1299.34,0.0,MERCHANT_PAY,COMPLETED,Merchant Pay,Simulated MERCHANT_PAY,False,2026-08-26T23:40:02.718686+00:00,23,0,-0.67,1
61a8156e8bdcc35922da9c233417a00d,TXN-CC4D8400,955ec133542f6e80c30f4952fee80d33,0dd188fb9dd3735e1ba71bddcf9b5680,,1619.72,0.0,BILL_PAY,COMPLETED,Bill Pay,Simulated BILL_PAY,False,2026-08-12T21:47:50.718686+00:00,21,0,-0.49,1
a2456571fc3fa7b8fbb07c1b1c77e86b,TXN-66D16964,9ca2c035804c1751d9bb84108e46b24b,0d3fa09ecaba91e19a1f466e6ed0ab3d,,3909.1,5.0,SEND_MONEY,COMPLETED,Send Money,Simulated SEND_MONEY,False,2026-07-30T18:10:29.718686+00:00,18,0,0.78,1
becf95456a57fafccb932391d92bb717,TXN-69752A37,7bfa12e52337128e6a95dc4ae4de2ee1,ba3acf686a1a0d53a2f66a6207dcd795,,210.25,0.0,RECHARGE,COMPLETED,Recharge,Simulated RECHARGE,False,2026-07-23T17:13:22.718686+00:00,17,0,-1.27,1
a3efac71551488002e0533a7b4ece2a6,TXN-489D45FC,f6b5bf942ce96cc22eedc473be850090,21432700fffec608e4fd2fb0ddb36d82,,9830.37,5.0,SEND_MONEY,COMPLETED,Send Money,Simulated SEND_MONEY,False,2026-08-07T11:18:49.718686+00:00,11,0,4.07,1
1ed8a3ca634763852ce4ceb802904166,TXN-3B14D75D,92768e2a43ab36f88cb4b3850d783b04,8dec199f53c51c5628944251dda68691,92768e2a43ab36f88cb4b3850d783b04,5135.85,0.0,CASH_IN,COMPLETED,Cash In,Simulated CASH_IN,False,2026-08-05T22:53:22.718686+00:00,22,0,1.46,1
ac343178eb53f6d0d466c6e0623a30a8,TXN-51E2AE04,d6b3bdced8ec51ba8bfd3d4c8c1cf865,c93486184196482ee09eeb5394eb3284,,1435.28,0.0,BILL_PAY,COMPLETED,Bill Pay,Simulated BILL_PAY,False,2026-08-29T20:26:06.718686+00:00,20,0,-0.59,1
616be0a22118ff6cb80cd747a7389877,TXN-D74C7AC6,f63764957f52e118034140e73b764fd8,65fb813c4a8070e7d6f1e3c595c14972,65fb813c4a8070e7d6f1e3c595c14972,9034.44,15.0,CASH_OUT,COMPLETED,Cash Out,Simulated CASH_OUT,False,2026-09-04T20:03:27.718686+00:00,20,0,3.63,1
1f96d377e48dbc82c9bb50bf27310fa9,TXN-49273136,65fc47ce4974867b6829d72772afdcf1,44441b337855f3507cd7f3f529f9ed9b,,111.71,0.0,RECHARGE,COMPLETED,Recharge,Simulated RECHARGE,False,2026-09-15T03:24:25.718686+00:00,3,1,-1.33,1
fbe478cfd287b4c46bdb2a8c5d38c066,TXN-59B5EFF6,7e25924565710a7c41b0ba3c9f3bfbe9,887489e7c99502841ba83eec893afe1d,,1733.74,5.0,SEND_MONEY,COMPLETED,Send Money,Simulated SEND_MONEY,False,2026-09-22T10:20:58.718686+00:00,10,0,-0.43,1
03520b76772b2ba5ce22a23f0f8dfa3b,TXN-BAB22762,e11d3919fbbacb05b53b3da8bde233d6,b105797ce7097a9d7175762f71c33e73,,1333.53,0.0,MERCHANT_PAY,COMPLETED,Merchant Pay,Simulated MERCHANT_PAY,False,2026-08-31T11:20:26.718686+00:00,11,0,-0.65,1
963dbda2a4b6f2113fb518bfbc5b8ed0,TXN-9C0E3775,a2e926c1267324ec26163a35e075df06,7bfa12e52337128e6a95dc4ae4de2ee1,,3614.22,5.0,SEND_MONEY,COMPLETED,Send Money,Simulated SEND_MONEY,False,2026-07-25T07:21:02.718686+00:00,7,0,0.62,1
c8dc2409e701cd757bb5511cc11100ed,TXN-88C047B0,fadf4e0aa4e6db699191d450e3cfca90,dfcc900c6dbec41542ed1b6650d9edf5,,1046.56,0.0,MERCHANT_PAY,COMPLETED,Merchant Pay,Simulated MERCHANT_PAY,False,2026-07-17T16:03:01.718686+00:00,16,0,-0.81,1
ee4f0f5134bb1490c2aa27dcc16e4fc1,TXN-F4A1A812,942a55200af93c74d921d93f2beb656e,ec6e284035e6331bdc37fe8d94a47b09,,1636.28,0.0,BILL_PAY,COMPLETED,Bill Pay,Simulated BILL_PAY,False,2026-07-30T08:49:24.718686+00:00,8,0,-0.48,1
11f42775f175b1f23015b39ce159426b,TXN-6992885C,016214150e97fb9ec49141665b32485f,b1a66b3f63e51e2a843b9028fcb6ded2,b1a66b3f63e51e2a843b9028fcb6ded2,1725.44,15.0,CASH_OUT,COMPLETED,Cash Out,Simulated CASH_OUT,False,2026-07-31T17:36:41.718686+00:00,17,0,-0.43,1
c5063cac39eb3536ac30e10094ddd7e6,TXN-4DB2E3A3,93ed20f7af298133b5d5c110715e43f5,44441b337855f3507cd7f3f529f9ed9b,,3396.67,5.0,SEND_MONEY,COMPLETED,Send Money,Simulated SEND_MONEY,False,2026-07-27T11:33:28.718686+00:00,11,0,0.5,1
df5680103f6310fdca48246b0b5a9904,TXN-CA4C34A2,687322ba46ad7d1a6dcdcbed6b3c57d9,de5424d71169e0b98a120957644e7040,,3145.34,0.0,BILL_PAY,COMPLETED,Bill Pay,Simulated BILL_PAY,False,2026-08-08T14:36:01.718686+00:00,14,0,0.36,1
ee9aa1feaf1165ee7c3ce63dcb4db610,TXN-8DFA0330,b7602bda5c16c93cd75c0dbcdd2f6d6c,a780a78582d457ca210edde8e3c1d88d,,2879.8,0.0,BILL_PAY,COMPLETED,Bill Pay,Simulated BILL_PAY,False,2026-09-19T12:31:30.718686+00:00,12,0,0.21,1
778d9cf08ff8fd7d84f8c11df9b3cc79,TXN-0154D888,09f548833bd96f4cda1bac60ea3bdfe9,887489e7c99502841ba83eec893afe1d,,4867.89,5.0,SEND_MONEY,COMPLETED,Send Money,Simulated SEND_MONEY,False,2026-08-09T05:32:18.718686+00:00,5,1,1.32,2
ee0f0c7aced08ab7ae42ce5e7be893e4,TXN-803411BC,3a288796c66b6cb72b3c765d5f0440db,21432700fffec608e4fd2fb0ddb36d82,,3949.86,5.0,SEND_MONEY,COMPLETED,Send Money,Simulated SEND_MONEY,False,2026-07-24T13:47:53.718686+00:00,13,0,0.81,1
3ff3d99b689184a2d4db9d39ec28f48c,TXN-917B30D9,29cc202556f422d15cf82e1512bff950,687322ba46ad7d1a6dcdcbed6b3c57d9,,1059.64,0.0,MERCHANT_PAY,COMPLETED,Merchant Pay,Simulated MERCHANT_PAY,False,2026-10-03T13:19:55.718686+00:00,13,0,-0.8,1
a482d3fd495c810a324e8dbce35110b4,TXN-9AAFD83F,7646bcb6920612b5e359b12633365514,422286bab6d7b8eea429bfee3894aa7b,422286bab6d7b8eea429bfee3894aa7b,5471.62,15.0,CASH_OUT,COMPLETED,Cash Out,Simulated CASH_OUT,False,2026-09-23T11:06:35.718686+00:00,11,0,1.65,1
0cdc7d05a4e7230373505c9473ed4ad4,TXN-F601D5FE,7e25924565710a7c41b0ba3c9f3bfbe9,56d3630d48a7c5213076e6c42c8e9cc3,56d3630d48a7c5213076e6c42c8e9cc3,3003.39,15.0,CASH_OUT,COMPLETED,Cash Out,Simulated CASH_OUT,False,2026-08-28T10:49:06.718686+00:00,10,0,0.28,1
3741bf481ed402367ddd5ab776dafa69,TXN-80012157,b9376a572eeedc5c8dfd978d9d452846,b7602bda5c16c93cd75c0dbcdd2f6d6c,,2138.68,0.0,MERCHANT_PAY,COMPLETED,Merchant Pay,Simulated MERCHANT_PAY,False,2026-09-06T08:01:16.718686+00:00,8,0,-0.2,1
634081d6df6361ee22b68b171d4ff9f4,TXN-54C99B63,8cefe33bc85b06476d4145b5395ea644,9e7e17b731d68635812244997dbab941,,1977.71,5.0,SEND_MONEY,COMPLETED,Send Money,Simulated SEND_MONEY,False,2026-07-26T15:21:45.718686+00:00,15,0,-0.29,1
575634c7576dbdb05623ae4ba130dc39,TXN-36E5AB5E,942a55200af93c74d921d93f2beb656e,887489e7c99502841ba83eec893afe1d,,321.56,0.0,MERCHANT_PAY,BLOCKED,Merchant Pay,Simulated MERCHANT_PAY,True,2026-07-06T23:03:13.718686+00:00,23,0,-1.21,1
76f249e33c5b144e2fafeba42ba378da,TXN-15BFE924,36abffacfee81ff100accb009afd7377,f60a322e38c9343ece39f96df2f9dd6e,,580.06,0.0,BILL_PAY,COMPLETED,Bill Pay,Simulated BILL_PAY,False,2026-08-21T06:35:52.718686+00:00,6,0,-1.07,1
901db6bb811b2008476bd5d3e00d1685,TXN-24E9445A,3b07bdc1c386d1c7a5047c4d4a4a0ea7,88763c3e84f0d3eb136c4d4e1aeecdaf,88763c3e84f0d3eb136c4d4e1aeecdaf,5107.73,15.0,CASH_OUT,COMPLETED,Cash Out,Simulated CASH_OUT,False,2026-09-17T20:35:20.718686+00:00,20,0,1.45,1
7a6b44a89410c51fbaceb6f7449b4798,TXN-60FEBDF8,035c936add07d70d3d44b37710f68d9b,920d641d4f1838031412092365b508f9,,4208.72,5.0,SEND_MONEY,COMPLETED,Send Money,Simulated SEND_MONEY,False,2026-08-09T15:11:41.718686+00:00,15,0,0.95,1
3a8989a5efb552dbfffe79085a786a26,TXN-377362E7,a780a78582d457ca210edde8e3c1d88d,920d641d4f1838031412092365b508f9,,607.58,0.0,BILL_PAY,COMPLETED,Bill Pay,Simulated BILL_PAY,False,2026-08-07T23:19:16.718686+00:00,23,0,-1.05,1
3a15adfc9b96c30ffde3a952dd26ddc0,TXN-C1EC0D72,c85db54ea070ffe0c9c2c638737e31ca,76d2086982f4a9e6bed9b3147eed7cbc,,2892.87,0.0,BILL_PAY,COMPLETED,Bill Pay,Simulated BILL_PAY,False,2026-09-28T23:31:06.718686+00:00,23,0,0.22,1
3010de09f1ed926077b0215e4e7ffc9b,TXN-4A49DAF9,f60a322e38c9343ece39f96df2f9dd6e,de5424d71169e0b98a120957644e7040,,132.86,0.0,RECHARGE,COMPLETED,Recharge,Simulated RECHARGE,False,2026-08-26T08:48:31.718686+00:00,8,0,-1.32,1
3d34ee5843c701c679c6b3cb2f25dfe1,TXN-F433D63F,3db00c6efa2ff90560fd5e189b42a097,9ca2c035804c1751d9bb84108e46b24b,,3000.26,5.0,SEND_MONEY,COMPLETED,Send Money,Simulated SEND_MONEY,False,2026-07-24T18:55:50.718686+00:00,18,0,0.28,1
9d30fd3ce3d30beb55f578898391e7e9,TXN-DAAF66AA,f1fd93ab956002b687a10b08b5d72967,8370e53dac1eee251fae5e9d3383e82d,,1763.73,5.0,SEND_MONEY,COMPLETED,Send Money,Simulated SEND_MONEY,False,2026-07-24T20:15:53.718686+00:00,20,0,-0.41,1
64495adc8a4cda3f1c55d31ed55354ea,TXN-0D9B2D56,59b4db4760e9c7b71f89662b46b5744d,5c65507c2e3b7c0043daa0a1ffae75d3,59b4db4760e9c7b71f89662b46b5744d,10355.77,0.0,CASH_IN,COMPLETED,Cash In,Simulated CASH_IN,False,2026-08-26T22:03:18.718686+00:00,22,0,4.36,1
dfe1659550fe92e70a65676992b06a8f,TXN-267FBCD2,bdd1bcc71ed6717c4a5f4df6a382d2c0,e2725c5bff2b6162cf06fb1afa9b4940,,928.21,0.0,MERCHANT_PAY,COMPLETED,Merchant Pay,Simulated MERCHANT_PAY,False,2026-08-20T23:17:23.718686+00:00,23,0,-0.87,1
b727f83503977492519cc9281d15f5d6,TXN-63C37075,67108e809ac0c87e3f3f926a9e8a9569,d2c0e952054db218612de01b8b401e3d,,242.48,0.0,RECHARGE,COMPLETED,Recharge,Simulated RECHARGE,False,2026-08-24T00:23:00.718686+00:00,0,0,-1.25,1
61160325b71588984512c068908da66c,TXN-D71878A7,29cc202556f422d15cf82e1512bff950,6ab9575a1b7d1060f24d980c1141bfa8,,4590.14,5.0,SEND_MONEY,BLOCKED,Send Money,Simulated SEND_MONEY,True,2026-08-29T17:33:45.718686+00:00,17,0,1.16,1
f2a00fb40ec2eec2ca9c6ceebcc4d40e,TXN-449892C6,9ca2c035804c1751d9bb84108e46b24b,fadf4e0aa4e6db699191d450e3cfca90,,2472.09,0.0,MERCHANT_PAY,COMPLETED,Merchant Pay,Simulated MERCHANT_PAY,False,2026-08-27T20:59:05.718686+00:00,20,0,-0.02,1
51795849e705f42ea45d82086b22d60a,TXN-5F0F9096,995a897619c18fbb346657bdfc41c6f7,b9ee744cc6893b8e4e16d19dfafb9284,b9ee744cc6893b8e4e16d19dfafb9284,7304.8,15.0,CASH_OUT,COMPLETED,Cash Out,Simulated CASH_OUT,False,2026-09-21T11:37:34.718686+00:00,11,0,2.67,1
9daa77a2006f97e3c5d16a527275296c,TXN-E6F20605,8d188907e63291714835adb689e38229,4475a6a8efb7ee576f44e9a1cf97e616,,106.57,0.0,MERCHANT_PAY,COMPLETED,Merchant Pay,Simulated MERCHANT_PAY,False,2026-08-18T15:58:40.718686+00:00,15,0,-1.33,1
cb01f5fdfc03467f37b62646793d4553,TXN-D7C609D7,5fde7da627ef89562f5d2e5138fcc716,d1e7a9987d0f9ba4aae3ede8a912f4e5,,151.25,0.0,RECHARGE,COMPLETED,Recharge,Simulated RECHARGE,False,2026-10-01T17:34:19.718686+00:00,17,0,-1.3,1
e63655ed95f7b32e8c243902629ee588,TXN-FBB34171,fadf4e0aa4e6db699191d450e3cfca90,1cd31cec7165b0f999e22f35ea0f297b,,2379.56,0.0,MERCHANT_PAY,COMPLETED,Merchant Pay,Simulated MERCHANT_PAY,False,2026-09-22T00:45:03.718686+00:00,0,0,-0.07,1
90e80b7e54dceb417d3e987cef05bdfd,TXN-3C66AD6A,920d641d4f1838031412092365b508f9,65fb813c4a8070e7d6f1e3c595c14972,65fb813c4a8070e7d6f1e3c595c14972,3923.27,15.0,CASH_OUT,COMPLETED,Cash Out,Simulated CASH_OUT,False,2026-08-12T13:12:27.718686+00:00,13,0,0.79,1
39a757365244de224f105f6db28e6abd,TXN-D696A832,21432700fffec608e4fd2fb0ddb36d82,63d8729ad99d6620a0333cebe2d7207a,,220.28,0.0,RECHARGE,COMPLETED,Recharge,Simulated RECHARGE,False,2026-07-14T10:52:02.718686+00:00,10,0,-1.27,1
dd2c601492ce265c8355522449fa404a,TXN-82EB99EE,016214150e97fb9ec49141665b32485f,c72d75458cab25be0e2c630a41129bf2,,74.05,0.0,RECHARGE,COMPLETED,Recharge,Simulated RECHARGE,False,2026-09-19T01:42:22.718686+00:00,1,1,-1.35,2
0ae5c25fe0037ca5825d7110c3e4e631,TXN-1E16DD4C,48788294ece10d689d0579adc948163a,fe650fe8f7f1b92ef09c9e9930e4af3f,,8106.74,5.0,SEND_MONEY,COMPLETED,Send Money,Simulated SEND_MONEY,False,2026-08-03T19:04:01.718686+00:00,19,0,3.11,1
49daee86fc2dfc2d3a28091fe99f6ee6,TXN-20EB84C7,d529ec7c7730634f441257c91dad22c0,ba3acf686a1a0d53a2f66a6207dcd795,,282.34,0.0,RECHARGE,COMPLETED,Recharge,Simulated RECHARGE,False,2026-08-10T13:04:44.718686+00:00,13,0,-1.23,1
2ac37391bea32246865b6f60088a9c0e,TXN-30262570,8370e53dac1eee251fae5e9d3383e82d,ba43d28df7fba6619bbe4dc11c06298b,,1889.23,0.0,BILL_PAY,COMPLETED,Bill Pay,Simulated BILL_PAY,False,2026-09-25T04:44:21.718686+00:00,4,1,-0.34,2
c6cf6fd5a40d6bd30d021ebca0cb45b0,TXN-C646FC67,137a8acc36e33a1b4682c358e6592082,56e8207d13bee145b0139e9bb3a77636,,105.07,0.0,RECHARGE,COMPLETED,Recharge,Simulated RECHARGE,False,2026-08-24T14:00:26.718686+00:00,14,0,-1.33,1
f8e38aebbed4eaebb4c910e875a205e4,TXN-96AAE1AD,92d9cb140eda53d5046b82d656354805,ba184c813197d29e79ddc76c6d457c16,,779.91,5.0,SEND_MONEY,COMPLETED,Send Money,Simulated SEND_MONEY,False,2026-09-26T02:31:57.718686+00:00,2,1,-0.96,2
d317b087c059280512aabcabd2421ede,TXN-8B14E0B1,b9376a572eeedc5c8dfd978d9d452846,f60a322e38c9343ece39f96df2f9dd6e,,1936.22,0.0,MERCHANT_PAY,COMPLETED,Merchant Pay,Simulated MERCHANT_PAY,False,2026-08-29T01:01:17.718686+00:00,1,1,-0.31,1
1f25194498d14146ea704e34465de23a,TXN-F6BA1EFD,5ea78e239a56f60e7a73667f804942f5,97732b7d2a0cf42e45df8e38eede305b,97732b7d2a0cf42e45df8e38eede305b,994.87,15.0,CASH_OUT,COMPLETED,Cash Out,Simulated CASH_OUT,False,2026-07-20T17:42:43.718686+00:00,17,0,-0.84,1
8ca97c7153a5ffafcaeefacecaf1a149,TXN-461BB413,2560a9c45b7f736ff2833acf0ba23b3e,8cefe33bc85b06476d4145b5395ea644,,393.03,0.0,MERCHANT_PAY,COMPLETED,Merchant Pay,Simulated MERCHANT_PAY,False,2026-09-08T13:03:17.718686+00:00,13,0,-1.17,1
7377983fd4855c77b293f84865584842,TXN-77974CDF,1e002e71e6b9a839b69d43969374e33e,ba3acf686a1a0d53a2f66a6207dcd795,,281.75,0.0,RECHARGE,COMPLETED,Recharge,Simulated RECHARGE,False,2026-07-28T07:42:47.718686+00:00,7,0,-1.23,1
f5a3f10116dc0122d382da24e03b02a6,TXN-B38EFC04,65fc47ce4974867b6829d72772afdcf1,81253f4aa18bb992bcd0e6e9b1fa0507,,1809.19,5.0,SEND_MONEY,COMPLETED,Send Money,Simulated SEND_MONEY,False,2026-07-16T19:54:01.718686+00:00,19,0,-0.38,1
c9873da1db35c6fd2a5e017460050833,TXN-0CA898A9,fe650fe8f7f1b92ef09c9e9930e4af3f,914ea800aac501972796ea5d55d04ec0,,4289.51,5.0,SEND_MONEY,COMPLETED,Send Money,Simulated SEND_MONEY,False,2026-09-24T06:23:03.718686+00:00,6,0,0.99,1
bb27bad3f3a155de85cef08c830536ad,TXN-69B5EE83,8d188907e63291714835adb689e38229,aab296b6ecffd40138e9dd787dd7c62f,,131.79,0.0,RECHARGE,COMPLETED,Recharge,Simulated RECHARGE,False,2026-08-26T01:19:21.718686+00:00,1,1,-1.32,1
e1e5cd4e60a5d870f251651c7f12a8c2,TXN-44FF3132,ba62a89e273f83051020288c4d221f17,fadf4e0aa4e6db699191d450e3cfca90,,1642.07,0.0,MERCHANT_PAY,COMPLETED,Merchant Pay,Simulated MERCHANT_PAY,False,2026-09-07T13:53:14.718686+00:00,13,0,-0.48,1
52266467ba787332cba022e04a6d0162,TXN-3AED47EC,44441b337855f3507cd7f3f529f9ed9b,ab033cdcb66402849ab1b6df20d638bb,,3373.21,5.0,SEND_MONEY,COMPLETED,Send Money,Simulated SEND_MONEY,False,2026-09-17T06:31:52.718686+00:00,6,0,0.49,1
41552e144964c7603600bd9c8f9cf907,TXN-8845AF5F,65fc47ce4974867b6829d72772afdcf1,45b882f3960f148988c5b8fe01addac1,,4238.66,5.0,SEND_MONEY,COMPLETED,Send Money,Simulated SEND_MONEY,False,2026-08-15T10:27:56.718686+00:00,10,0,0.97,1
8d5a15a888bd1e596d6dba14d3548e7a,TXN-A93EE50A,3db00c6efa2ff90560fd5e189b42a097,e2725c5bff2b6162cf06fb1afa9b4940,,2737.07,0.0,BILL_PAY,COMPLETED,Bill Pay,Simulated BILL_PAY,False,2026-09-04T11:35:21.718686+00:00,11,0,0.13,1
1b141a85b5245229ffe622bd7bbde092,TXN-A8DE7B7F,2f12019338fde08f7f9d2612b6f5b02b,3e8f0387819d64fd0b03881045eac7c8,,27.01,0.0,RECHARGE,COMPLETED,Recharge,Simulated RECHARGE,False,2026-08-06T04:57:09.718686+00:00,4,1,-1.37,2
d6b70d0075257af45db9141c3480ffb5,TXN-1650F0A1,ac9fb77bcbd378402146779c00a5ffff,d1e7a9987d0f9ba4aae3ede8a912f4e5,,4271.22,5.0,SEND_MONEY,COMPLETED,Send Money,Simulated SEND_MONEY,False,2026-10-03T02:59:40.718686+00:00,2,1,0.98,2
a48ee057d7fb0602f8f17c3e1af85f09,TXN-ADE454D6,de5424d71169e0b98a120957644e7040,6ab9575a1b7d1060f24d980c1141bfa8,,4909.08,5.0,SEND_MONEY,COMPLETED,Send Money,Simulated SEND_MONEY,False,2026-08-13T08:24:16.718686+00:00,8,0,1.34,1
c18a6fa8d29a12325994da208d8ebe24,TXN-E09E1B15,f611ce5213887ad5e4699085f1c73845,d5ad98674d6c69eab07fbb6c5f6ec434,,620.39,0.0,BILL_PAY,COMPLETED,Bill Pay,Simulated BILL_PAY,False,2026-09-11T15:32:31.718686+00:00,15,0,-1.04,1
b7fb6ee391a1e8b49e70ff644fb27756,TXN-C1387F29,db05a31aa77a8230c08e634a3795fe26,d604f2ebd984a759fc53f682396031cd,,1179.71,5.0,SEND_MONEY,COMPLETED,Send Money,Simulated SEND_MONEY,False,2026-08-14T22:05:44.718686+00:00,22,0,-0.73,1
71a57cd65977b1194031b3628fcc92a9,TXN-3AC3EE6B,921012c6b11c284a1771d9b434a6c279,2fe489dc20c1708cfa581d796a164a05,921012c6b11c284a1771d9b434a6c279,2115.28,0.0,CASH_IN,COMPLETED,Cash In,Simulated CASH_IN,False,2026-09-14T13:17:57.718686+00:00,13,0,-0.21,1
c761dabfc6a33287778db3cfda388835,TXN-EB330F5B,422286bab6d7b8eea429bfee3894aa7b,f60a322e38c9343ece39f96df2f9dd6e,422286bab6d7b8eea429bfee3894aa7b,11532.23,0.0,CASH_IN,COMPLETED,Cash In,Simulated CASH_IN,False,2026-08-12T21:14:51.718686+00:00,21,0,5.02,1
4e0ea74a8bdec296f9c240543c014241,TXN-2CE75363,5702a1644e9aebb91bb00367c4c52710,2f12019338fde08f7f9d2612b6f5b02b,,4752.57,5.0,SEND_MONEY,COMPLETED,Send Money,Simulated SEND_MONEY,False,2026-07-11T22:34:29.718686+00:00,22,0,1.25,1
51e3dafa725fc5e36fe9dbf32d659e75,TXN-FF5EC51B,45b882f3960f148988c5b8fe01addac1,3a288796c66b6cb72b3c765d5f0440db,,734.28,0.0,MERCHANT_PAY,COMPLETED,Merchant Pay,Simulated MERCHANT_PAY,False,2026-08-21T08:22:20.718686+00:00,8,0,-0.98,1
59316f3669527da9700f19153d25e161,TXN-4AF2297C,ba3acf686a1a0d53a2f66a6207dcd795,9708ab5e440dc80ab8deaa5aa649c2a6,,69.86,0.0,RECHARGE,COMPLETED,Recharge,Simulated RECHARGE,False,2026-09-27T14:18:28.718686+00:00,14,0,-1.35,1
02fb16ee4de812800732f8d927d7b9a0,TXN-4FE22ED2,65fc47ce4974867b6829d72772afdcf1,5ea78e239a56f60e7a73667f804942f5,,2128.37,5.0,SEND_MONEY,COMPLETED,Send Money,Simulated SEND_MONEY,False,2026-07-27T12:08:52.718686+00:00,12,0,-0.21,1
803d12370bc1172eafad47610925c477,TXN-1FB52AB5,ba43d28df7fba6619bbe4dc11c06298b,1b99ddafaa28f74dc164af9e24830bad,,242.49,0.0,MERCHANT_PAY,COMPLETED,Merchant Pay,Simulated MERCHANT_PAY,False,2026-07-30T11:31:39.718686+00:00,11,0,-1.25,1
6371cd4f71055d5f63e63a9576e8b8e2,TXN-A54EE04C,8370e53dac1eee251fae5e9d3383e82d,b9376a572eeedc5c8dfd978d9d452846,,1517.85,0.0,MERCHANT_PAY,COMPLETED,Merchant Pay,Simulated MERCHANT_PAY,False,2026-08-18T22:33:00.718686+00:00,22,0,-0.55,1
ff01f30630efd9de6412fa781f6396ad,TXN-3FE693DF,48788294ece10d689d0579adc948163a,f611ce5213887ad5e4699085f1c73845,,3085.49,5.0,SEND_MONEY,COMPLETED,Send Money,Simulated SEND_MONEY,False,2026-07-21T08:53:26.718686+00:00,8,0,0.33,1
8e539b7f879823322226dfc8bb983dbf,TXN-2288C0A3,3a288796c66b6cb72b3c765d5f0440db,5c110f190a3951baa533cec59ffb6aa1,,298.5,0.0,RECHARGE,COMPLETED,Recharge,Simulated RECHARGE,False,2026-08-06T22:15:29.718686+00:00,22,0,-1.22,1
211ee5b30113d4c67d2ddeae6be720f1,TXN-E3BD9D62,6a060089e6f56f9afb27d9b83a2b7c9f,a9471c06d90eef52295526c0ef9c12bf,,725.48,0.0,BILL_PAY,COMPLETED,Bill Pay,Simulated BILL_PAY,False,2026-08-05T19:17:10.718686+00:00,19,0,-0.99,1
320bd4ed344e72d4dfe3fd63d9145b5f,TXN-EE955501,2f12019338fde08f7f9d2612b6f5b02b,93ed20f7af298133b5d5c110715e43f5,,26.6,0.0,RECHARGE,COMPLETED,Recharge,Simulated RECHARGE,False,2026-09-27T01:14:38.718686+00:00,1,1,-1.37,1
a9c1b67972aac19a416b05cb148b25f9,TXN-27322892,7b43b48cc2385f8eb14372d3a02b76eb,955ec133542f6e80c30f4952fee80d33,7b43b48cc2385f8eb14372d3a02b76eb,5551.56,0.0,CASH_IN,COMPLETED,Cash In,Simulated CASH_IN,False,2026-09-25T22:04:40.718686+00:00,22,0,1.7,1
dde694d8500e15971e48a0afc0ccc93e,TXN-8C349625,f24ec36fe902d9fc366bf6c5c42558c0,b7602bda5c16c93cd75c0dbcdd2f6d6c,,2037.67,5.0,SEND_MONEY,COMPLETED,Send Money,Simulated SEND_MONEY,False,2026-07-31T16:42:44.718686+00:00,16,0,-0.26,1
f86bed4d03b306b03553e901f9e7efcd,TXN-72AE138E,22c8bad4d62b01cf4e1270d7be143d90,52431bf282c88707e62fd18b75abcf77,,2251.47,5.0,SEND_MONEY,COMPLETED,Send Money,Simulated SEND_MONEY,False,2026-08-29T19:22:20.718686+00:00,19,0,-0.14,1
b7773d255da1090597c4905c392f74dc,TXN-ABABBE21,b9376a572eeedc5c8dfd978d9d452846,7bfa12e52337128e6a95dc4ae4de2ee1,,6435.41,5.0,SEND_MONEY,COMPLETED,Send Money,Simulated SEND_MONEY,False,2026-09-02T12:40:45.718686+00:00,12,0,2.19,1
60c99a37216c596c11231b884799560a,TXN-A913EE42,8dec199f53c51c5628944251dda68691,5c65507c2e3b7c0043daa0a1ffae75d3,,1507.56,0.0,MERCHANT_PAY,COMPLETED,Merchant Pay,Simulated MERCHANT_PAY,False,2026-07-07T10:49:14.718686+00:00,10,0,-0.55,1
f56fb47fc7d80afbbbd708afb93f6dc7,TXN-39DF8962,163b7bf9da2842a111d4d8c94377f29f,5d4470618fa83366c874eea88d34d4d1,,2479.7,5.0,SEND_MONEY,COMPLETED,Send Money,Simulated SEND_MONEY,False,2026-10-02T03:37:32.718686+00:00,3,1,-0.01,1
7ed64c7cb26afb55dba57d7bfc906ece,TXN-3B9898FB,9ca2c035804c1751d9bb84108e46b24b,57707b18e970117a25c5297be1006ebb,,2354.04,0.0,BILL_PAY,COMPLETED,Bill Pay,Simulated BILL_PAY,False,2026-08-24T01:33:35.718686+00:00,1,1,-0.08,2
093266bdb7327e5799b42fc11f8ea7de,TXN-1BC4F134,b780a4cf9f6267374ca9ca7c3042586f,b56e04675e530859a4cde7562b4786e5,,14703.24,5.0,SEND_MONEY,COMPLETED,Send Money,Simulated SEND_MONEY,False,2026-10-01T21:11:21.718686+00:00,21,0,6.78,1
ca7993fd14d4b9046d6bc9cd34e26e9a,TXN-98577F66,b62a999cc4eeb9376b4dda8f15f3b983,7b43b48cc2385f8eb14372d3a02b76eb,7b43b48cc2385f8eb14372d3a02b76eb,14850.58,15.0,CASH_OUT,COMPLETED,Cash Out,Simulated CASH_OUT,False,2026-08-05T03:53:15.718686+00:00,3,1,6.86,1
f693de9d14a24fab7c6893f17e234163,TXN-FFF78AA5,c93486184196482ee09eeb5394eb3284,fd47a55fd1e7be8b66eb4061f0a37bc1,,3494.74,5.0,SEND_MONEY,COMPLETED,Send Money,Simulated SEND_MONEY,False,2026-07-05T23:01:09.718686+00:00,23,0,0.55,1
925455488355802772aed34b1289eed7,TXN-A2144FE5,947ad30ee89e026f62bb39e7b8666c6e,1e002e71e6b9a839b69d43969374e33e,,1635.74,5.0,SEND_MONEY,COMPLETED,Send Money,Simulated SEND_MONEY,False,2026-07-30T00:24:46.718686+00:00,0,0,-0.48,1
9f0df2117e6ff2d1be99644c07172eaa,TXN-1B630515,b105797ce7097a9d7175762f71c33e73,c85db54ea070ffe0c9c2c638737e31ca,,2120.58,0.0,MERCHANT_PAY,COMPLETED,Merchant Pay,Simulated MERCHANT_PAY,False,2026-07-31T16:29:11.718686+00:00,16,0,-0.21,1
6fa662627dd779dbbf25b240e9787d31,TXN-E7375301,c85db54ea070ffe0c9c2c638737e31ca,9708ab5e440dc80ab8deaa5aa649c2a6,,174.4,0.0,RECHARGE,COMPLETED,Recharge,Simulated RECHARGE,False,2026-07-31T02:30:24.718686+00:00,2,1,-1.29,1
2b5c5b8829ed1dee1d789ef71c9b79de,TXN-7F8B9E8A,b105797ce7097a9d7175762f71c33e73,641575d590fb761036ec5b80cdf1203a,,519.9,5.0,SEND_MONEY,COMPLETED,Send Money,Simulated SEND_MONEY,False,2026-08-30T14:04:06.718686+00:00,14,0,-1.1,1
2d2adc3689e72a3ba80f08256062e5e3,TXN-5F69AF41,e11d3919fbbacb05b53b3da8bde233d6,885e891c4171db3ca38bbb35f664c8fc,885e891c4171db3ca38bbb35f664c8fc,1044.53,15.0,CASH_OUT,COMPLETED,Cash Out,Simulated CASH_OUT,False,2026-08-01T10:35:48.718686+00:00,10,0,-0.81,1
1c0a4aa39a1d8aa16634dd9918271d25,TXN-188D716D,6fa7dee9d506c590d0adc559242b754b,3db00c6efa2ff90560fd5e189b42a097,,206.73,5.0,SEND_MONEY,COMPLETED,Send Money,Simulated SEND_MONEY,False,2026-08-21T21:07:02.718686+00:00,21,0,-1.27,1
f6135f4065f7a77aff75a5d8971b80eb,TXN-5DFD5B61,28bad9c9332ec0e5025efc44e6a7a54f,cce557b7c5670116283705cc1e96e85a,cce557b7c5670116283705cc1e96e85a,12953.06,15.0,CASH_OUT,COMPLETED,Cash Out,Simulated CASH_OUT,False,2026-09-01T01:12:12.718686+00:00,1,1,5.81,1
b8afc4baa5e97a0fa923cee7a7faefb1,TXN-AD4AA820,5702a1644e9aebb91bb00367c4c52710,94c1c7dc8088ba9666392ead9b770797,,2526.78,0.0,BILL_PAY,COMPLETED,Bill Pay,Simulated BILL_PAY,False,2026-09-12T23:40:20.718686+00:00,23,0,0.01,1
1a3d80ec1f1e8fa7a57ebf0b1aea11ef,TXN-F722555C,c72d75458cab25be0e2c630a41129bf2,2fe489dc20c1708cfa581d796a164a05,,110.67,0.0,RECHARGE,BLOCKED,Recharge,Simulated RECHARGE,True,2026-08-27T05:37:58.718686+00:00,5,1,-1.33,2
a80e290e5233f23bf4683c1b9fa05048,TXN-3251765A,63d8729ad99d6620a0333cebe2d7207a,b780a4cf9f6267374ca9ca7c3042586f,,622.93,5.0,SEND_MONEY,COMPLETED,Send Money,Simulated SEND_MONEY,False,2026-09-01T13:50:40.718686+00:00,13,0,-1.04,1
94e4c167f24862f1138f61764fab7eff,TXN-110ACA70,b13eb846b74a47cc34cd153c313fc9b4,ba62a89e273f83051020288c4d221f17,,114.01,0.0,RECHARGE,COMPLETED,Recharge,Simulated RECHARGE,False,2026-07-26T02:07:06.718686+00:00,2,1,-1.33,1
58d5041b3724f4bb0991e3607ece85be,TXN-E9A72B52,f6b5bf942ce96cc22eedc473be850090,b59d7cf42c5bfc03b00fa5ae8417f581,,150.63,0.0,RECHARGE,COMPLETED,Recharge,Simulated RECHARGE,False,2026-09-01T01:48:20.718686+00:00,1,1,-1.31,2
0e403d019493f014506cdaebd4d44f0d,TXN-5B9E0D5A,ba184c813197d29e79ddc76c6d457c16,44441b337855f3507cd7f3f529f9ed9b,,1983.72,5.0,SEND_MONEY,COMPLETED,Send Money,Simulated SEND_MONEY,False,2026-10-01T19:53:39.718686+00:00,19,0,-0.29,1
39895cb2f5937b889e50963f4753b8ea,TXN-5C7F5836,035c936add07d70d3d44b37710f68d9b,4c64ccf00086f53c7786ee74543a024a,,914.04,5.0,SEND_MONEY,COMPLETED,Send Money,Simulated SEND_MONEY,False,2026-08-27T21:32:31.718686+00:00,21,0,-0.88,1
392cef3a496bb1b9e3e87e878faa9061,TXN-C386F661,22c8bad4d62b01cf4e1270d7be143d90,81253f4aa18bb992bcd0e6e9b1fa0507,,16523.05,5.0,SEND_MONEY,COMPLETED,Send Money,Simulated SEND_MONEY,False,2026-10-02T23:38:29.718686+00:00,23,0,7.79,1
8a7965782c386b4bfe8e2349058bac74,TXN-0AEFB995,92d9cb140eda53d5046b82d656354805,ba43d28df7fba6619bbe4dc11c06298b,,8629.28,5.0,SEND_MONEY,COMPLETED,Send Money,Simulated SEND_MONEY,False,2026-09-01T09:03:37.718686+00:00,9,0,3.41,1
b1c0c2739ab0acb826107e7689fb880e,TXN-5ABFFBF6,cf34c4e00ac75bb140c3d733b7d0acdf,65934a85ba1c9c2d039acb02a4e9f5a7,,1001.26,0.0,MERCHANT_PAY,COMPLETED,Merchant Pay,Simulated MERCHANT_PAY,False,2026-07-08T00:44:12.718686+00:00,0,0,-0.83,1
7064d0eb5c48fb965a9b70a0dd7c2d90,TXN-2D4EEABD,921012c6b11c284a1771d9b434a6c279,57707b18e970117a25c5297be1006ebb,921012c6b11c284a1771d9b434a6c279,4216.33,0.0,CASH_IN,COMPLETED,Cash In,Simulated CASH_IN,False,2026-07-19T22:12:24.718686+00:00,22,0,0.95,1
4af31fd791a9109ab68799ce81d91789,TXN-F5D941FA,d604f2ebd984a759fc53f682396031cd,6574d17462a87d1730068b859da056f2,,1021.99,5.0,SEND_MONEY,COMPLETED,Send Money,Simulated SEND_MONEY,False,2026-09-17T22:30:50.718686+00:00,22,0,-0.82,1
b7d9de9e8f939438ff336eeb06747a9b,TXN-21F06445,91636429900048d39a6a81c76e775fe7,8cefe33bc85b06476d4145b5395ea644,91636429900048d39a6a81c76e775fe7,4380.93,0.0,CASH_IN,COMPLETED,Cash In,Simulated CASH_IN,False,2026-09-21T13:23:06.718686+00:00,13,0,1.04,1
145f335bdc585ae921a78a04d847449b,TXN-0965E7BB,dfcc900c6dbec41542ed1b6650d9edf5,ec6e284035e6331bdc37fe8d94a47b09,,169.06,0.0,RECHARGE,COMPLETED,Recharge,Simulated RECHARGE,False,2026-08-08T05:40:52.718686+00:00,5,1,-1.29,2
9eac59215079683d2d6abc6da72df041,TXN-BAF5CC68,035c936add07d70d3d44b37710f68d9b,921012c6b11c284a1771d9b434a6c279,921012c6b11c284a1771d9b434a6c279,13122.92,15.0,CASH_OUT,COMPLETED,Cash Out,Simulated CASH_OUT,False,2026-08-03T16:45:21.718686+00:00,16,0,5.9,1
fdac8ccb81ca10eae635015a87bda216,TXN-B99315DE,e2725c5bff2b6162cf06fb1afa9b4940,65fb813c4a8070e7d6f1e3c595c14972,65fb813c4a8070e7d6f1e3c595c14972,3032.61,15.0,CASH_OUT,COMPLETED,Cash Out,Simulated CASH_OUT,False,2026-09-01T23:35:05.718686+00:00,23,0,0.3,1
589747bcb2f1b554e5dfb443c50287a2,TXN-AFF0B193,5aeb81f0b34f243855d547a027205162,db05a31aa77a8230c08e634a3795fe26,,3824.16,5.0,SEND_MONEY,COMPLETED,Send Money,Simulated SEND_MONEY,False,2026-07-08T20:38:09.718686+00:00,20,0,0.74,1
9b8baeb2e3e007b86199caaf2617a336,TXN-2F431DD2,44441b337855f3507cd7f3f529f9ed9b,3e8f0387819d64fd0b03881045eac7c8,,278.74,0.0,RECHARGE,COMPLETED,Recharge,Simulated RECHARGE,False,2026-07-18T09:34:24.718686+00:00,9,0,-1.23,1
636cdb7fc082a7c40ba57be9d64074a3,TXN-674EBA28,7646bcb6920612b5e359b12633365514,0f2255d256be218b494e0e4b1a7f5e1c,,494.43,0.0,RECHARGE,COMPLETED,Recharge,Simulated RECHARGE,False,2026-09-20T18:31:54.718686+00:00,18,0,-1.11,1
f48945af04fb8e0cae317906c2784dff,TXN-A8CF80E0,22c8bad4d62b01cf4e1270d7be143d90,8cefe33bc85b06476d4145b5395ea644,,1566.87,5.0,SEND_MONEY,COMPLETED,Send Money,Simulated SEND_MONEY,False,2026-09-08T17:05:48.718686+00:00,17,0,-0.52,1
f0574772aca9fd870fd8a2ae6af6e13b,TXN-A6906429,65fc47ce4974867b6829d72772afdcf1,ac9fb77bcbd378402146779c00a5ffff,,789.24,0.0,MERCHANT_PAY,COMPLETED,Merchant Pay,Simulated MERCHANT_PAY,False,2026-09-29T14:34:34.718686+00:00,14,0,-0.95,1
3b56bea06a2e4d26340f023f1aa76ab8,TXN-930895FF,0f2255d256be218b494e0e4b1a7f5e1c,9708ab5e440dc80ab8deaa5aa649c2a6,,435.87,0.0,BILL_PAY,COMPLETED,Bill Pay,Simulated BILL_PAY,False,2026-08-11T11:50:48.718686+00:00,11,0,-1.15,1
6e05ab7546022bd8cbcd833350bf2415,TXN-BF6C53FD,92d9cb140eda53d5046b82d656354805,b7602bda5c16c93cd75c0dbcdd2f6d6c,,308.95,0.0,BILL_PAY,COMPLETED,Bill Pay,Simulated BILL_PAY,False,2026-07-08T19:11:53.718686+00:00,19,0,-1.22,1
4ee83d152ad38e27dab81aa0e6056619,TXN-35F731DD,942a55200af93c74d921d93f2beb656e,09f548833bd96f4cda1bac60ea3bdfe9,,152.04,0.0,RECHARGE,COMPLETED,Recharge,Simulated RECHARGE,False,2026-07-17T06:45:05.718686+00:00,6,0,-1.3,1
7239a3457c5e2d5f2933f1c4ac6028ee,TXN-9B4F5528,d2c0e952054db218612de01b8b401e3d,7e25924565710a7c41b0ba3c9f3bfbe9,,265.61,0.0,RECHARGE,COMPLETED,Recharge,Simulated RECHARGE,False,2026-08-26T23:01:32.718686+00:00,23,0,-1.24,1
3ddefa89878c85b9c6e1d9e8f0764fbd,TXN-ABF8CBF4,fadf4e0aa4e6db699191d450e3cfca90,9708ab5e440dc80ab8deaa5aa649c2a6,,200.5,0.0,MERCHANT_PAY,COMPLETED,Merchant Pay,Simulated MERCHANT_PAY,False,2026-07-27T14:35:32.718686+00:00,14,0,-1.28,1
e23e7458eb00516ee18a6daa0123cfb4,TXN-3536D675,cce557b7c5670116283705cc1e96e85a,ba3acf686a1a0d53a2f66a6207dcd795,cce557b7c5670116283705cc1e96e85a,8815.67,0.0,CASH_IN,COMPLETED,Cash In,Simulated CASH_IN,False,2026-08-27T15:30:45.718686+00:00,15,0,3.51,1
2813caa0882633a0d9eea251caad04e2,TXN-796FD1C6,bdd1bcc71ed6717c4a5f4df6a382d2c0,a9d8772b2a6882090ec5f80427432dbd,,444.45,5.0,SEND_MONEY,COMPLETED,Send Money,Simulated SEND_MONEY,False,2026-09-11T00:19:04.718686+00:00,0,0,-1.14,1
7dba9a52ac80fa66656b639654864d32,TXN-ED625241,9f29423a96953422c38499fabad1f7e2,92d9cb140eda53d5046b82d656354805,9f29423a96953422c38499fabad1f7e2,13813.29,0.0,CASH_IN,COMPLETED,Cash In,Simulated CASH_IN,False,2026-09-10T22:06:54.718686+00:00,22,0,6.29,1
853da06f0f246b87737b10dac37df9de,TXN-ABF49949,774b058b32fa45e881e3520560698426,3b07bdc1c386d1c7a5047c4d4a4a0ea7,,2334.16,0.0,MERCHANT_PAY,COMPLETED,Merchant Pay,Simulated MERCHANT_PAY,False,2026-09-14T10:50:08.718686+00:00,10,0,-0.09,1
f21eddf0c72fe6994498c162b85c0fd8,TXN-F175F374,4c64ccf00086f53c7786ee74543a024a,b56e04675e530859a4cde7562b4786e5,,1448.83,5.0,SEND_MONEY,COMPLETED,Send Money,Simulated SEND_MONEY,False,2026-09-11T17:10:27.718686+00:00,17,0,-0.58,1
2b5238a4bdeac2615a691a25d158819f,TXN-4D15AEE2,00bf0432ba6bf892a4b11dc619ce7ad3,6fa7dee9d506c590d0adc559242b754b,,1648.45,0.0,MERCHANT_PAY,COMPLETED,Merchant Pay,Simulated MERCHANT_PAY,False,2026-09-30T04:20:13.718686+00:00,4,1,-0.47,2
8ca5882b75730b3fd022903ab34c97ff,TXN-4B284D77,d1e7a9987d0f9ba4aae3ede8a912f4e5,fe650fe8f7f1b92ef09c9e9930e4af3f,,1840.55,0.0,MERCHANT_PAY,COMPLETED,Merchant Pay,Simulated MERCHANT_PAY,False,2026-08-27T22:20:33.718686+00:00,22,0,-0.37,1
d7c751028fca89d52cc7ec1b7ebf3d19,TXN-7AE75347,1b99ddafaa28f74dc164af9e24830bad,22c8bad4d62b01cf4e1270d7be143d90,,2042.39,5.0,SEND_MONEY,COMPLETED,Send Money,Simulated SEND_MONEY,False,2026-08-06T20:34:56.718686+00:00,20,0,-0.25,1
056db91c2cc6c97f1fe050400035c3a7,TXN-F0A8C43E,7e25924565710a7c41b0ba3c9f3bfbe9,93ed20f7af298133b5d5c110715e43f5,,3975.0,5.0,SEND_MONEY,COMPLETED,Send Money,Simulated SEND_MONEY,False,2026-08-11T19:07:53.718686+00:00,19,0,0.82,1
e5cd350a7644c96ec35dabeba58490f7,TXN-514B6FD6,00bf0432ba6bf892a4b11dc619ce7ad3,a4363f535992847636e40ad27ccc907f,,1803.46,0.0,BILL_PAY,COMPLETED,Bill Pay,Simulated BILL_PAY,False,2026-07-29T18:26:16.718686+00:00,18,0,-0.39,1
30969bab4f0c63a8d1328f2133e30649,TXN-7D83A894,b780a4cf9f6267374ca9ca7c3042586f,97732b7d2a0cf42e45df8e38eede305b,97732b7d2a0cf42e45df8e38eede305b,4477.66,15.0,CASH_OUT,COMPLETED,Cash Out,Simulated CASH_OUT,False,2026-09-09T14:33:06.718686+00:00,14,0,1.1,1
2454901c4b1252dbecd3da9e1d42234b,TXN-E2A228B5,687322ba46ad7d1a6dcdcbed6b3c57d9,5d4470618fa83366c874eea88d34d4d1,,4914.15,5.0,SEND_MONEY,COMPLETED,Send Money,Simulated SEND_MONEY,False,2026-09-08T12:28:40.718686+00:00,12,0,1.34,1
a634ee19c9dc6fa2543905d8f26ce254,TXN-7CCA1924,3e8f0387819d64fd0b03881045eac7c8,79a30ec2ffa4cd645fd6ad37bf5a2a92,,143.63,0.0,RECHARGE,COMPLETED,Recharge,Simulated RECHARGE,False,2026-07-13T05:58:02.718686+00:00,5,1,-1.31,1
dd9abf7d9375dc4b0f9d9fb53b18ef15,TXN-22B110E3,7646bcb6920612b5e359b12633365514,a9d8772b2a6882090ec5f80427432dbd,,143.7,0.0,RECHARGE,COMPLETED,Recharge,Simulated RECHARGE,False,2026-08-20T00:39:58.718686+00:00,0,0,-1.31,1
39275fd5e265a99dd1796b99890e4bec,TXN-73332C4C,1cd31cec7165b0f999e22f35ea0f297b,019eb181a60b72600fe1522fabe4cd00,,3599.83,5.0,SEND_MONEY,COMPLETED,Send Money,Simulated SEND_MONEY,False,2026-07-23T21:18:39.718686+00:00,21,0,0.61,1
2864a3509176bad55be6a57872f6e0fb,TXN-442E0870,fc9c1388504a06a82f25be52c4a6f5a5,28bad9c9332ec0e5025efc44e6a7a54f,,4881.61,5.0,SEND_MONEY,COMPLETED,Send Money,Simulated SEND_MONEY,False,2026-07-21T13:24:39.718686+00:00,13,0,1.32,1
a7310485b26db5c0ae8f7ac96b075fa5,TXN-D30CBB09,6fa7dee9d506c590d0adc559242b754b,e2725c5bff2b6162cf06fb1afa9b4940,,1244.73,5.0,SEND_MONEY,COMPLETED,Send Money,Simulated SEND_MONEY,False,2026-08-01T22:29:43.718686+00:00,22,0,-0.7,1
ec31c61eb4174c4cfc479a14c9bdf799,TXN-B68B6940,1b99ddafaa28f74dc164af9e24830bad,d5ad98674d6c69eab07fbb6c5f6ec434,,2408.08,0.0,MERCHANT_PAY,COMPLETED,Merchant Pay,Simulated MERCHANT_PAY,False,2026-09-22T11:58:23.718686+00:00,11,0,-0.05,1
60e7fa00ea092ff9f836333134b9250f,TXN-B469EDD6,4c78b5ebb63af8ec922f3fa771763324,6ab9575a1b7d1060f24d980c1141bfa8,,271.75,0.0,RECHARGE,COMPLETED,Recharge,Simulated RECHARGE,False,2026-08-27T13:42:30.718686+00:00,13,0,-1.24,1
fed4b1f1689ba53683d22d6c205355e3,TXN-0B85E833,57707b18e970117a25c5297be1006ebb,e11d3919fbbacb05b53b3da8bde233d6,,3926.37,5.0,SEND_MONEY,COMPLETED,Send Money,Simulated SEND_MONEY,False,2026-07-09T14:55:47.718686+00:00,14,0,0.79,1
11e3f56471259a4c6745f97f60d66ab7,TXN-C9CC7394,ec39bb7cabcf592c12d346c409defd7e,e2b37ac0f1e35aae80becc0986504993,,134.63,0.0,RECHARGE,COMPLETED,Recharge,Simulated RECHARGE,False,2026-07-07T02:29:19.718686+00:00,2,1,-1.31,2
32a0cbf0073909b81dc274c4e3761320,TXN-2D706411,cce557b7c5670116283705cc1e96e85a,7e25924565710a7c41b0ba3c9f3bfbe9,cce557b7c5670116283705cc1e96e85a,10521.69,0.0,CASH_IN,COMPLETED,Cash In,Simulated CASH_IN,False,2026-08-27T17:42:09.718686+00:00,17,0,4.46,1
781174878de6ad00ba43588108eedba4,TXN-F4A741AE,a9d8772b2a6882090ec5f80427432dbd,019eb181a60b72600fe1522fabe4cd00,,493.93,5.0,SEND_MONEY,COMPLETED,Send Money,Simulated SEND_MONEY,False,2026-07-12T20:22:01.718686+00:00,20,0,-1.11,1
3e0bc2e8857f035d64e1e9e64e3db3fd,TXN-B5394167,d1e7a9987d0f9ba4aae3ede8a912f4e5,8275aee7949dab0b3757c0d16495741a,,1272.05,5.0,SEND_MONEY,COMPLETED,Send Money,Simulated SEND_MONEY,False,2026-07-19T13:13:24.718686+00:00,13,0,-0.68,1
acf7ba62411920fb308d1c7b55c7ce8a,TXN-09D49E16,22c8bad4d62b01cf4e1270d7be143d90,6a060089e6f56f9afb27d9b83a2b7c9f,,4102.49,5.0,SEND_MONEY,COMPLETED,Send Money,Simulated SEND_MONEY,False,2026-07-23T08:25:09.718686+00:00,8,0,0.89,1
461634a45311c04cb4cbff3165d83f81,TXN-1BAC737D,fd47a55fd1e7be8b66eb4061f0a37bc1,ac9fb77bcbd378402146779c00a5ffff,,80.33,0.0,RECHARGE,COMPLETED,Recharge,Simulated RECHARGE,False,2026-07-15T02:20:02.718686+00:00,2,1,-1.34,1
41d84fe35c7b6e2f16676718071d2cd1,TXN-AB30814C,fadf4e0aa4e6db699191d450e3cfca90,b59d7cf42c5bfc03b00fa5ae8417f581,,1077.4,0.0,MERCHANT_PAY,COMPLETED,Merchant Pay,Simulated MERCHANT_PAY,False,2026-08-11T22:19:33.718686+00:00,22,0,-0.79,1
a8f02d20a178ef3306df24e82d252b70,TXN-1F5E7939,f89e0aa9ae8d55dcb43d0315270b2238,dfcc900c6dbec41542ed1b6650d9edf5,,91.19,0.0,RECHARGE,COMPLETED,Recharge,Simulated RECHARGE,False,2026-08-18T02:14:36.718686+00:00,2,1,-1.34,1
17ad172bba15769d16ccde2e4c69afc9,TXN-872E70A7,88763c3e84f0d3eb136c4d4e1aeecdaf,a87506818a081f5835a17049b1ca9b41,88763c3e84f0d3eb136c4d4e1aeecdaf,1775.42,0.0,CASH_IN,COMPLETED,Cash In,Simulated CASH_IN,False,2026-07-07T19:07:32.718686+00:00,19,0,-0.4,1
4fc70635156134201c29293d2b19685d,TXN-85F4F868,d2c0e952054db218612de01b8b401e3d,ba43d28df7fba6619bbe4dc11c06298b,,2359.8,5.0,SEND_MONEY,COMPLETED,Send Money,Simulated SEND_MONEY,False,2026-07-09T07:39:18.718686+00:00,7,0,-0.08,1
33d9f62d16cc5457d00119961dcd3265,TXN-7C0BA73E,76d2086982f4a9e6bed9b3147eed7cbc,e11d3919fbbacb05b53b3da8bde233d6,,167.13,0.0,RECHARGE,COMPLETED,Recharge,Simulated RECHARGE,False,2026-08-02T02:50:22.718686+00:00,2,1,-1.3,1
0e607990af0354e71ec7e220d9f1235b,TXN-31A26BB3,7bfa12e52337128e6a95dc4ae4de2ee1,b13eb846b74a47cc34cd153c313fc9b4,,1447.29,0.0,MERCHANT_PAY,COMPLETED,Merchant Pay,Simulated MERCHANT_PAY,False,2026-09-24T11:15:32.718686+00:00,11,0,-0.58,1
3aa0a5dbb630aaae463f46d00784de7e,TXN-FA030641,c93486184196482ee09eeb5394eb3284,5702a1644e9aebb91bb00367c4c52710,,1624.43,5.0,SEND_MONEY,COMPLETED,Send Money,Simulated SEND_MONEY,False,2026-08-11T19:03:34.718686+00:00,19,0,-0.49,1
124b83d66a38841137220453ea3a5114,TXN-DC4B7C36,e11d3919fbbacb05b53b3da8bde233d6,d1e7a9987d0f9ba4aae3ede8a912f4e5,,2462.9,5.0,SEND_MONEY,COMPLETED,Send Money,Simulated SEND_MONEY,False,2026-07-30T06:03:53.718686+00:00,6,0,-0.02,1
70d062d3f576db63a287052e7eb617a0,TXN-B33DD049,7e25924565710a7c41b0ba3c9f3bfbe9,65fb813c4a8070e7d6f1e3c595c14972,65fb813c4a8070e7d6f1e3c595c14972,5694.2,15.0,CASH_OUT,COMPLETED,Cash Out,Simulated CASH_OUT,False,2026-08-04T17:04:46.718686+00:00,17,0,1.77,1
558e7621b66a2fb0ba6ea20467b0aac9,TXN-746A6324,79a30ec2ffa4cd645fd6ad37bf5a2a92,b9376a572eeedc5c8dfd978d9d452846,,507.49,0.0,BILL_PAY,COMPLETED,Bill Pay,Simulated BILL_PAY,False,2026-08-22T14:08:32.718686+00:00,14,0,-1.11,1
25405da5cd6bc89d0c4cca4e38b4e726,TXN-9FC247C5,63d8729ad99d6620a0333cebe2d7207a,fd47a55fd1e7be8b66eb4061f0a37bc1,,156.12,0.0,RECHARGE,COMPLETED,Recharge,Simulated RECHARGE,False,2026-09-01T02:53:02.718686+00:00,2,1,-1.3,2
230624e0bf46e351873c7f6aa8f7d31c,TXN-807FFA91,1cd31cec7165b0f999e22f35ea0f297b,d3c308a1208710510c3bcb610dc42d08,,2220.99,0.0,BILL_PAY,COMPLETED,Bill Pay,Simulated BILL_PAY,False,2026-09-14T16:57:22.718686+00:00,16,0,-0.16,1
a053a2573b8fce78a08bdb6b5e73a319,TXN-EB3A96FA,29cc202556f422d15cf82e1512bff950,3a288796c66b6cb72b3c765d5f0440db,,2337.69,0.0,BILL_PAY,COMPLETED,Bill Pay,Simulated BILL_PAY,False,2026-09-12T06:55:23.718686+00:00,6,0,-0.09,1
bddab82af115abffadcb2698e446a9a5,TXN-85FDD097,29cc202556f422d15cf82e1512bff950,3b07bdc1c386d1c7a5047c4d4a4a0ea7,,445.92,0.0,RECHARGE,COMPLETED,Recharge,Simulated RECHARGE,False,2026-08-11T18:21:55.718686+00:00,18,0,-1.14,1
02d4748d236217613df16cde392ece3d,TXN-91CF5863,a780a78582d457ca210edde8e3c1d88d,85f0ded8f46c29dac6e1885bc1cd8cb0,,407.4,0.0,RECHARGE,COMPLETED,Recharge,Simulated RECHARGE,False,2026-07-19T00:19:29.718686+00:00,0,0,-1.16,1
6fd160c767fa67a5ec7907ce6657f50d,TXN-3B2D19BA,3e8f0387819d64fd0b03881045eac7c8,6fa7dee9d506c590d0adc559242b754b,,3374.01,0.0,BILL_PAY,COMPLETED,Bill Pay,Simulated BILL_PAY,False,2026-08-30T08:18:27.718686+00:00,8,0,0.49,1
8d6e69239fc88fb6a00b3b17059600e2,TXN-4D07DD11,a789b4fc165147cd64a864ea50e2f99b,d529ec7c7730634f441257c91dad22c0,,3255.16,5.0,SEND_MONEY,COMPLETED,Send Money,Simulated SEND_MONEY,False,2026-09-15T10:48:41.718686+00:00,10,0,0.42,1
495e7494f50d2a8e89b6015c2e68d47c,TXN-6244E2C4,c72d75458cab25be0e2c630a41129bf2,65fc47ce4974867b6829d72772afdcf1,,168.56,0.0,RECHARGE,COMPLETED,Recharge,Simulated RECHARGE,False,2026-08-30T23:55:22.718686+00:00,23,0,-1.3,1
aedd04887d6526d4dff05fc86f09c708,TXN-F77E9916,921012c6b11c284a1771d9b434a6c279,641575d590fb761036ec5b80cdf1203a,921012c6b11c284a1771d9b434a6c279,10102.65,0.0,CASH_IN,COMPLETED,Cash In,Simulated CASH_IN,False,2026-09-28T15:31:24.718686+00:00,15,0,4.22,1
6dd7ec6f4727ff15fbf6f91d5bea0de7,TXN-67B34827,ff0283fc6d6fcb75b58eb34c73cfeaeb,7bfa12e52337128e6a95dc4ae4de2ee1,ff0283fc6d6fcb75b58eb34c73cfeaeb,14440.29,0.0,CASH_IN,COMPLETED,Cash In,Simulated CASH_IN,False,2026-08-10T17:42:09.718686+00:00,17,0,6.63,1
840807361fd2ee2e0b9b3e8d84b43099,TXN-060F9F76,24854d7b3ae8bedc178ece65566f1a29,9ca2c035804c1751d9bb84108e46b24b,,1931.45,0.0,MERCHANT_PAY,COMPLETED,Merchant Pay,Simulated MERCHANT_PAY,False,2026-09-13T22:57:06.718686+00:00,22,0,-0.32,1
f36180293c6e0f792bc7ff2197dd3f4e,TXN-D2B96A1C,035c936add07d70d3d44b37710f68d9b,6a060089e6f56f9afb27d9b83a2b7c9f,,1403.1,0.0,BILL_PAY,BLOCKED,Bill Pay,Simulated BILL_PAY,True,2026-09-14T07:30:53.718686+00:00,7,0,-0.61,1
c3e8a5b23d109860109e624e44cfbcd2,TXN-CD7D52F2,7646bcb6920612b5e359b12633365514,63d8729ad99d6620a0333cebe2d7207a,,407.47,0.0,RECHARGE,COMPLETED,Recharge,Simulated RECHARGE,False,2026-09-29T22:53:46.718686+00:00,22,0,-1.16,1
32e699624cb0e70712cc06e0bdc92684,TXN-0FCEFEAF,942a55200af93c74d921d93f2beb656e,fc9c1388504a06a82f25be52c4a6f5a5,,211.36,0.0,RECHARGE,COMPLETED,Recharge,Simulated RECHARGE,False,2026-07-21T02:45:48.718686+00:00,2,1,-1.27,2
4892c6f372f29f3999934e4c2d9cf67e,TXN-CE5B1BCF,a780a78582d457ca210edde8e3c1d88d,48788294ece10d689d0579adc948163a,,98.84,0.0,RECHARGE,BLOCKED,Recharge,Simulated RECHARGE,True,2026-07-10T18:39:47.718686+00:00,18,0,-1.33,1
9136093a107495e372c9018bc1b65fdc,TXN-423F7D2F,1b99ddafaa28f74dc164af9e24830bad,4475a6a8efb7ee576f44e9a1cf97e616,,417.48,5.0,SEND_MONEY,COMPLETED,Send Money,Simulated SEND_MONEY,False,2026-08-25T07:45:51.718686+00:00,7,0,-1.16,1
7b4729fa7789130781ac90d32eddbda3,TXN-EB0CB273,91c41a04edd64e4c32a0af71604f336a,bdd1bcc71ed6717c4a5f4df6a382d2c0,,4852.04,5.0,SEND_MONEY,COMPLETED,Send Money,Simulated SEND_MONEY,False,2026-07-30T15:52:08.718686+00:00,15,0,1.31,1
f6cea068be415efdf88b3abfd7f19717,TXN-CB72BB4C,035c936add07d70d3d44b37710f68d9b,d2c0e952054db218612de01b8b401e3d,,556.33,0.0,BILL_PAY,COMPLETED,Bill Pay,Simulated BILL_PAY,False,2026-07-13T15:52:31.718686+00:00,15,0,-1.08,1
666af7bebe14dad32259c98eb2386972,TXN-77B1F56B,d9df0dce0fdbee946099d135178b0651,a4363f535992847636e40ad27ccc907f,,2192.42,0.0,MERCHANT_PAY,COMPLETED,Merchant Pay,Simulated MERCHANT_PAY,False,2026-07-28T16:30:41.718686+00:00,16,0,-0.17,1
b63b17dff40c7249e7193682de954db1,TXN-5AA2F9FF,cd014c6c636613884125f62c886cd09e,163b7bf9da2842a111d4d8c94377f29f,,68.62,0.0,RECHARGE,COMPLETED,Recharge,Simulated RECHARGE,False,2026-08-22T01:37:09.718686+00:00,1,1,-1.35,2
851ffd6b5bbd838ddc30c744d41c6167,TXN-99773D19,cce557b7c5670116283705cc1e96e85a,5c110f190a3951baa533cec59ffb6aa1,cce557b7c5670116283705cc1e96e85a,11164.3,0.0,CASH_IN,COMPLETED,Cash In,Simulated CASH_IN,False,2026-07-13T09:56:21.718686+00:00,9,0,4.81,1
cc15a3d4bd7219bba1905ae67137d7de,TXN-DC493D9A,2e83ddfe2c55078090a49c56b71a1ae2,bdd1bcc71ed6717c4a5f4df6a382d2c0,,416.48,0.0,RECHARGE,COMPLETED,Recharge,Simulated RECHARGE,False,2026-07-17T11:30:26.718686+00:00,11,0,-1.16,1
b210ae5c979378b090e4088f1680f843,TXN-BC3F5F26,67108e809ac0c87e3f3f926a9e8a9569,019eb181a60b72600fe1522fabe4cd00,,146.5,0.0,RECHARGE,COMPLETED,Recharge,Simulated RECHARGE,False,2026-09-20T20:01:21.718686+00:00,20,0,-1.31,1
5e20e78ad9cdcb5742544a005c196e51,TXN-2EADD75E,5c110f190a3951baa533cec59ffb6aa1,7646bcb6920612b5e359b12633365514,,1275.75,5.0,SEND_MONEY,COMPLETED,Send Money,Simulated SEND_MONEY,False,2026-07-30T00:48:56.718686+00:00,0,0,-0.68,1
81a810f0fac05a953383e346057c49f2,TXN-0C15FB99,a0a78b533b925cc977153bb8cccf195f,24854d7b3ae8bedc178ece65566f1a29,a0a78b533b925cc977153bb8cccf195f,6618.37,0.0,CASH_IN,COMPLETED,Cash In,Simulated CASH_IN,False,2026-07-31T06:08:32.718686+00:00,6,0,2.29,1
c33e91916f533386a25c92b5c0f1978c,TXN-D532A28E,0f2255d256be218b494e0e4b1a7f5e1c,57707b18e970117a25c5297be1006ebb,,942.41,5.0,SEND_MONEY,COMPLETED,Send Money,Simulated SEND_MONEY,False,2026-07-26T21:17:31.718686+00:00,21,0,-0.87,1
da5883b673d309140430d9480c093ba2,TXN-3E9E69A9,63d8729ad99d6620a0333cebe2d7207a,df17af4790a0efbcb2dd7af3dc7310ac,,109.23,0.0,RECHARGE,COMPLETED,Recharge,Simulated RECHARGE,False,2026-09-09T05:09:35.718686+00:00,5,1,-1.33,2
452fe89784f7c6973297e7cc55520d41,TXN-EC763E2B,bdd1bcc71ed6717c4a5f4df6a382d2c0,ba184c813197d29e79ddc76c6d457c16,,1433.3,5.0,SEND_MONEY,COMPLETED,Send Money,Simulated SEND_MONEY,False,2026-07-15T13:26:25.718686+00:00,13,0,-0.59,1
08856fae1f87ebcea5cbb56bcb828db3,TXN-EECE51DF,d5ad98674d6c69eab07fbb6c5f6ec434,fe650fe8f7f1b92ef09c9e9930e4af3f,,358.56,5.0,SEND_MONEY,COMPLETED,Send Money,Simulated SEND_MONEY,False,2026-07-24T07:59:37.718686+00:00,7,0,-1.19,1
02e2c61b8de778498be4bff5b1ad396b,TXN-7FDEEE72,67108e809ac0c87e3f3f926a9e8a9569,9708ab5e440dc80ab8deaa5aa649c2a6,,15816.01,5.0,SEND_MONEY,COMPLETED,Send Money,Simulated SEND_MONEY,False,2026-08-05T10:02:17.718686+00:00,10,0,7.4,1
bbe99bd4509a506b18cf93a2d9c92518,TXN-1238386E,56e8207d13bee145b0139e9bb3a77636,10331bea5f8789681791495ed9517fe2,,1055.24,5.0,SEND_MONEY,COMPLETED,Send Money,Simulated SEND_MONEY,False,2026-09-03T11:46:58.718686+00:00,11,0,-0.8,1
7afa48765ddc32dc89c805099eb3bc3b,TXN-987644BC,3b07bdc1c386d1c7a5047c4d4a4a0ea7,92d9cb140eda53d5046b82d656354805,,69.12,0.0,RECHARGE,COMPLETED,Recharge,Simulated RECHARGE,False,2026-09-19T13:06:53.718686+00:00,13,0,-1.35,1
9cebeb1df1c3b41a76b7b23141f4c692,TXN-11120E53,94c1c7dc8088ba9666392ead9b770797,163b7bf9da2842a111d4d8c94377f29f,,1862.92,0.0,MERCHANT_PAY,COMPLETED,Merchant Pay,Simulated MERCHANT_PAY,False,2026-07-27T14:26:08.718686+00:00,14,0,-0.35,1
78b162fb842cdd30c098953309d48ddc,TXN-BC57B2F7,7ec15cd222dd1fc98dd0e7cd9751fa9d,91636429900048d39a6a81c76e775fe7,91636429900048d39a6a81c76e775fe7,16024.99,15.0,CASH_OUT,COMPLETED,Cash Out,Simulated CASH_OUT,False,2026-08-04T13:13:41.718686+00:00,13,0,7.51,1
a89f1e090458a3de06eae3130ea5e12a,TXN-E48E25AF,24854d7b3ae8bedc178ece65566f1a29,88763c3e84f0d3eb136c4d4e1aeecdaf,88763c3e84f0d3eb136c4d4e1aeecdaf,671.89,15.0,CASH_OUT,COMPLETED,Cash Out,Simulated CASH_OUT,False,2026-09-17T09:57:42.718686+00:00,9,0,-1.02,1
502b38cc7e62f989c8746e426fd7db20,TXN-5AD334C4,d0b4cd2df32ef122a0c71b82035e6dc3,09f548833bd96f4cda1bac60ea3bdfe9,,2351.67,0.0,MERCHANT_PAY,COMPLETED,Merchant Pay,Simulated MERCHANT_PAY,False,2026-09-02T11:00:21.718686+00:00,11,0,-0.08,1
ba4e13d5e1c379f326ded67e8bdff179,TXN-4526F231,ba184c813197d29e79ddc76c6d457c16,995a897619c18fbb346657bdfc41c6f7,,444.71,0.0,MERCHANT_PAY,COMPLETED,Merchant Pay,Simulated MERCHANT_PAY,False,2026-07-07T06:52:59.718686+00:00,6,0,-1.14,1
85d4ff0e9e2038b45c5bf7a6c962a23f,TXN-B8C722A3,b59d7cf42c5bfc03b00fa5ae8417f581,56e8207d13bee145b0139e9bb3a77636,,2057.78,5.0,SEND_MONEY,COMPLETED,Send Money,Simulated SEND_MONEY,False,2026-09-29T23:23:15.718686+00:00,23,0,-0.25,1
e211beb24cfc97578f7635f7bcd1a2f6,TXN-D9ABD33D,942a55200af93c74d921d93f2beb656e,035c936add07d70d3d44b37710f68d9b,,1595.79,0.0,BILL_PAY,COMPLETED,Bill Pay,Simulated BILL_PAY,False,2026-08-31T21:24:36.718686+00:00,21,0,-0.5,1
36aadc6f092964baae454c0faaeb9540,TXN-A10265C9,29cc202556f422d15cf82e1512bff950,92768e2a43ab36f88cb4b3850d783b04,92768e2a43ab36f88cb4b3850d783b04,1540.58,15.0,CASH_OUT,COMPLETED,Cash Out,Simulated CASH_OUT,False,2026-07-27T20:14:22.718686+00:00,20,0,-0.53,1
98ed0c6b4ead843f7cf1b2a4ea000dd5,TXN-863B3674,d0b4cd2df32ef122a0c71b82035e6dc3,fe650fe8f7f1b92ef09c9e9930e4af3f,,1736.47,0.0,MERCHANT_PAY,COMPLETED,Merchant Pay,Simulated MERCHANT_PAY,False,2026-09-15T15:05:42.718686+00:00,15,0,-0.42,1
61c878eb01f92299a4f4e87428e6349f,TXN-E0C7A0F6,016214150e97fb9ec49141665b32485f,b9ee744cc6893b8e4e16d19dfafb9284,b9ee744cc6893b8e4e16d19dfafb9284,1451.56,15.0,CASH_OUT,COMPLETED,Cash Out,Simulated CASH_OUT,False,2026-09-12T18:10:45.718686+00:00,18,0,-0.58,1
481fd0cce9f035302e061a8eddd9729e,TXN-F00C2F9E,1e002e71e6b9a839b69d43969374e33e,f63764957f52e118034140e73b764fd8,,364.04,0.0,RECHARGE,COMPLETED,Recharge,Simulated RECHARGE,False,2026-08-04T13:20:05.718686+00:00,13,0,-1.19,1
12b1dee8d91c35e5ec50790295ac5ded,TXN-332A8FB3,d6b3bdced8ec51ba8bfd3d4c8c1cf865,c93486184196482ee09eeb5394eb3284,,3716.81,5.0,SEND_MONEY,COMPLETED,Send Money,Simulated SEND_MONEY,False,2026-08-13T15:38:23.718686+00:00,15,0,0.68,1
6ec8c5c2555ef94190f496a4d247fc58,TXN-242747C5,a789b4fc165147cd64a864ea50e2f99b,016214150e97fb9ec49141665b32485f,,1409.66,0.0,MERCHANT_PAY,COMPLETED,Merchant Pay,Simulated MERCHANT_PAY,False,2026-08-11T06:13:00.718686+00:00,6,0,-0.61,1
ddbd8960019915a7bba7f7b807c853c5,TXN-43094603,0fc954a8903d8d3906c6f655090a2772,1b99ddafaa28f74dc164af9e24830bad,,2788.25,5.0,SEND_MONEY,COMPLETED,Send Money,Simulated SEND_MONEY,False,2026-08-20T00:06:34.718686+00:00,0,0,0.16,1
e772ad17c2461dc190adfeb9cc1032ef,TXN-D28A9F2D,a9471c06d90eef52295526c0ef9c12bf,0f2255d256be218b494e0e4b1a7f5e1c,,3135.58,5.0,SEND_MONEY,COMPLETED,Send Money,Simulated SEND_MONEY,False,2026-09-28T00:23:26.718686+00:00,0,0,0.35,1
4450c25a718fb26ee1376c75f3007d96,TXN-22E5768F,81253f4aa18bb992bcd0e6e9b1fa0507,cd014c6c636613884125f62c886cd09e,,1776.5,0.0,BILL_PAY,COMPLETED,Bill Pay,Simulated BILL_PAY,False,2026-07-14T16:26:56.718686+00:00,16,0,-0.4,1
bdc0ead79af1e2f606d6868a0b28693f,TXN-FB15CFBC,91636429900048d39a6a81c76e775fe7,5c110f190a3951baa533cec59ffb6aa1,91636429900048d39a6a81c76e775fe7,8081.28,0.0,CASH_IN,COMPLETED,Cash In,Simulated CASH_IN,False,2026-09-23T14:30:40.718686+00:00,14,0,3.1,1
32693d62503d1b87a933ca2d22805250,TXN-EFAF4EF4,48788294ece10d689d0579adc948163a,4c576c0ae86216b6f6e0065855ef4b55,,1735.75,0.0,MERCHANT_PAY,COMPLETED,Merchant Pay,Simulated MERCHANT_PAY,False,2026-07-10T17:00:46.718686+00:00,17,0,-0.42,1
5e3f9b8684ad7de73415edb1cc40b60d,TXN-C7D8A53D,a87506818a081f5835a17049b1ca9b41,1b99ddafaa28f74dc164af9e24830bad,,16479.27,5.0,SEND_MONEY,COMPLETED,Send Money,Simulated SEND_MONEY,False,2026-08-05T07:00:50.718686+00:00,7,0,7.77,1
88896aeda0513424dff46b065b5865e1,TXN-F53AE996,2560a9c45b7f736ff2833acf0ba23b3e,39495bec7941dda30d5ffb10dc7835a0,,755.4,5.0,SEND_MONEY,COMPLETED,Send Money,Simulated SEND_MONEY,False,2026-10-01T10:12:59.718686+00:00,10,0,-0.97,1
3b4dd8ff137b36351315259c8241ba6d,TXN-72F758CC,5fde7da627ef89562f5d2e5138fcc716,a789b4fc165147cd64a864ea50e2f99b,,188.16,0.0,RECHARGE,COMPLETED,Recharge,Simulated RECHARGE,False,2026-08-22T03:21:36.718686+00:00,3,1,-1.28,2
adbd02e3159f48b3adc2d06df1150e07,TXN-3A12EB7F,5d4470618fa83366c874eea88d34d4d1,81253f4aa18bb992bcd0e6e9b1fa0507,,64.39,0.0,RECHARGE,COMPLETED,Recharge,Simulated RECHARGE,False,2026-09-22T04:18:03.718686+00:00,4,1,-1.35,2
a43c082f134a09f33d700ad25fb1be04,TXN-FEE7D609,88763c3e84f0d3eb136c4d4e1aeecdaf,93ed20f7af298133b5d5c110715e43f5,88763c3e84f0d3eb136c4d4e1aeecdaf,9016.32,0.0,CASH_IN,COMPLETED,Cash In,Simulated CASH_IN,False,2026-08-03T00:40:29.718686+00:00,0,0,3.62,1
888f5a7124c8029565dc963187d437f5,TXN-E6EB0867,8d188907e63291714835adb689e38229,7ec15cd222dd1fc98dd0e7cd9751fa9d,,14391.47,5.0,SEND_MONEY,COMPLETED,Send Money,Simulated SEND_MONEY,False,2026-10-01T05:31:42.718686+00:00,5,1,6.61,2
d34f5d61e323f690dfb9a20b8e16795d,TXN-32096F78,61874613550dc5121fdaaac0737a643d,7b43b48cc2385f8eb14372d3a02b76eb,7b43b48cc2385f8eb14372d3a02b76eb,2162.39,15.0,CASH_OUT,COMPLETED,Cash Out,Simulated CASH_OUT,False,2026-07-27T08:17:14.718686+00:00,8,0,-0.19,1
4a7454716e3c562713dbc86ede188b27,TXN-F72ED8BE,5fde7da627ef89562f5d2e5138fcc716,0e65de46311e9c847c499c11aa845484,0e65de46311e9c847c499c11aa845484,1296.58,15.0,CASH_OUT,COMPLETED,Cash Out,Simulated CASH_OUT,False,2026-07-19T01:43:48.718686+00:00,1,1,-0.67,1
6ae1470f33a27b83a2d8f7912ab446f1,TXN-743B0DD4,ba3acf686a1a0d53a2f66a6207dcd795,b1a66b3f63e51e2a843b9028fcb6ded2,b1a66b3f63e51e2a843b9028fcb6ded2,4690.14,15.0,CASH_OUT,COMPLETED,Cash Out,Simulated CASH_OUT,False,2026-08-08T07:39:17.718686+00:00,7,0,1.22,1
1c9cee8e14990af657676122779ce4aa,TXN-DBF1AA30,3db00c6efa2ff90560fd5e189b42a097,d6b3bdced8ec51ba8bfd3d4c8c1cf865,,75.19,0.0,RECHARGE,COMPLETED,Recharge,Simulated RECHARGE,False,2026-08-08T01:45:14.718686+00:00,1,1,-1.35,1
9a3965b7d8017e77ae785325c4c3ee67,TXN-41E9B1AF,f073b58ca6bf5f68a77b501b3e16b8fa,8370e53dac1eee251fae5e9d3383e82d,,2679.48,5.0,SEND_MONEY,COMPLETED,Send Money,Simulated SEND_MONEY,False,2026-09-05T15:23:59.718686+00:00,15,0,0.1,1
ab34dc543036786303fbd5d63ea47c5f,TXN-466CBD88,de5424d71169e0b98a120957644e7040,85f0ded8f46c29dac6e1885bc1cd8cb0,,1641.77,5.0,SEND_MONEY,COMPLETED,Send Money,Simulated SEND_MONEY,False,2026-07-17T06:51:06.718686+00:00,6,0,-0.48,1
d87529452873fc9b987894dd638fc6f2,TXN-C625D3A4,b59d7cf42c5bfc03b00fa5ae8417f581,ba43d28df7fba6619bbe4dc11c06298b,,3685.32,5.0,SEND_MONEY,COMPLETED,Send Money,Simulated SEND_MONEY,False,2026-08-16T00:57:22.718686+00:00,0,0,0.66,1
f63aeccc8dd9591f785817cd9d473a2b,TXN-E5AF8123,f1fd93ab956002b687a10b08b5d72967,dfcc900c6dbec41542ed1b6650d9edf5,,2217.31,5.0,SEND_MONEY,COMPLETED,Send Money,Simulated SEND_MONEY,False,2026-09-10T21:08:10.718686+00:00,21,0,-0.16,1
757c31e44c4712b02fdc9212f83785d8,TXN-9869DE16,d3c308a1208710510c3bcb610dc42d08,016214150e97fb9ec49141665b32485f,,156.07,0.0,RECHARGE,COMPLETED,Recharge,Simulated RECHARGE,False,2026-07-25T17:00:47.718686+00:00,17,0,-1.3,1
c5f87efbfee6e0498d6c42bf22befe1a,TXN-7E12E944,019eb181a60b72600fe1522fabe4cd00,6d9b4fa238dde07f567f7dbd00b23fd7,,2494.22,0.0,MERCHANT_PAY,COMPLETED,Merchant Pay,Simulated MERCHANT_PAY,False,2026-08-24T16:00:30.718686+00:00,16,0,-0.0,1
00f84e8ca653931a0b80cdc755330f47,TXN-395AED61,d0b4cd2df32ef122a0c71b82035e6dc3,d6b3bdced8ec51ba8bfd3d4c8c1cf865,,1900.78,5.0,SEND_MONEY,COMPLETED,Send Money,Simulated SEND_MONEY,False,2026-07-22T10:59:41.718686+00:00,10,0,-0.33,1
456b19207df67864f4f443c488a2e451,TXN-3940652E,687322ba46ad7d1a6dcdcbed6b3c57d9,b62a999cc4eeb9376b4dda8f15f3b983,,813.72,5.0,SEND_MONEY,COMPLETED,Send Money,Simulated SEND_MONEY,False,2026-08-19T08:14:03.718686+00:00,8,0,-0.94,1
ecc95670bd26d51acee1808a350406f0,TXN-4FA16382,5aeb81f0b34f243855d547a027205162,f63764957f52e118034140e73b764fd8,,1723.61,5.0,SEND_MONEY,COMPLETED,Send Money,Simulated SEND_MONEY,False,2026-08-29T08:44:23.718686+00:00,8,0,-0.43,1
3386b19902a53b60335c52f8012297fd,TXN-0766157C,641575d590fb761036ec5b80cdf1203a,cd014c6c636613884125f62c886cd09e,,4333.57,5.0,SEND_MONEY,COMPLETED,Send Money,Simulated SEND_MONEY,False,2026-09-12T09:41:27.718686+00:00,9,0,1.02,1
d1022fe660ac3cc874043a0e2274e984,TXN-9D503252,947ad30ee89e026f62bb39e7b8666c6e,b59d7cf42c5bfc03b00fa5ae8417f581,,81.12,0.0,RECHARGE,COMPLETED,Recharge,Simulated RECHARGE,False,2026-09-29T03:46:16.718686+00:00,3,1,-1.34,2
5c6f27f1fd60cae119fa53fe654d9310,TXN-DADC96BE,3db00c6efa2ff90560fd5e189b42a097,8cefe33bc85b06476d4145b5395ea644,,830.9,0.0,MERCHANT_PAY,COMPLETED,Merchant Pay,Simulated MERCHANT_PAY,False,2026-08-11T00:03:48.718686+00:00,0,0,-0.93,1
69a0ad30bde95b39d63d656fabdd9dca,TXN-BE97F787,fadf4e0aa4e6db699191d450e3cfca90,4c64ccf00086f53c7786ee74543a024a,,4277.41,5.0,SEND_MONEY,COMPLETED,Send Money,Simulated SEND_MONEY,False,2026-08-16T18:30:55.718686+00:00,18,0,0.99,1
e7b25399d35cce2a1efc66ac63695ffa,TXN-28736427,5c110f190a3951baa533cec59ffb6aa1,f611ce5213887ad5e4699085f1c73845,,4798.54,5.0,SEND_MONEY,COMPLETED,Send Money,Simulated SEND_MONEY,False,2026-08-04T14:56:18.718686+00:00,14,0,1.28,1
eeeb457271c3c1e293862677a1641d98,TXN-9D115378,e2725c5bff2b6162cf06fb1afa9b4940,65fc47ce4974867b6829d72772afdcf1,,81.19,0.0,RECHARGE,COMPLETED,Recharge,Simulated RECHARGE,False,2026-07-14T01:10:35.718686+00:00,1,1,-1.34,1
c01365a24d6f5bccf8b6a3493976f9d0,TXN-7C407C5B,65fc47ce4974867b6829d72772afdcf1,019eb181a60b72600fe1522fabe4cd00,,1529.16,5.0,SEND_MONEY,COMPLETED,Send Money,Simulated SEND_MONEY,False,2026-07-28T21:14:42.718686+00:00,21,0,-0.54,1
6669fa34c2b1d8639dad0b1e3efdb46b,TXN-8E10024B,61874613550dc5121fdaaac0737a643d,947ad30ee89e026f62bb39e7b8666c6e,,4821.01,5.0,SEND_MONEY,COMPLETED,Send Money,Simulated SEND_MONEY,False,2026-09-23T11:27:14.718686+00:00,11,0,1.29,1
8c7fd9ad3d9c4e6f81d3d4bee0e7e9ae,TXN-A93B0AB8,5702a1644e9aebb91bb00367c4c52710,5c110f190a3951baa533cec59ffb6aa1,,46.95,0.0,RECHARGE,COMPLETED,Recharge,Simulated RECHARGE,False,2026-08-31T04:14:47.718686+00:00,4,1,-1.36,2
45cdddd72b7c1441fc4d07bec6834142,TXN-7AD597CB,aab296b6ecffd40138e9dd787dd7c62f,019eb181a60b72600fe1522fabe4cd00,,4756.06,5.0,SEND_MONEY,COMPLETED,Send Money,Simulated SEND_MONEY,False,2026-07-27T07:01:10.718686+00:00,7,0,1.25,1
dcf88673e95a9b0235fe4150469b9291,TXN-9ABFE248,b56e04675e530859a4cde7562b4786e5,6574d17462a87d1730068b859da056f2,,111.4,0.0,RECHARGE,COMPLETED,Recharge,Simulated RECHARGE,False,2026-09-12T21:26:42.718686+00:00,21,0,-1.33,1
63fb46de956a7110f2b7d166535b7966,TXN-521D9BEB,52431bf282c88707e62fd18b75abcf77,955ec133542f6e80c30f4952fee80d33,,2297.02,0.0,BILL_PAY,COMPLETED,Bill Pay,Simulated BILL_PAY,False,2026-09-25T17:50:55.718686+00:00,17,0,-0.11,1
c6154319460c5a74e2e2902a6bd370ef,TXN-1FAF6AD6,f6b5bf942ce96cc22eedc473be850090,c93486184196482ee09eeb5394eb3284,,108.12,0.0,RECHARGE,COMPLETED,Recharge,Simulated RECHARGE,False,2026-09-10T02:30:06.718686+00:00,2,1,-1.33,2
bfb37008494eb5b1b2b4e5f7d8314554,TXN-5528CA27,995a897619c18fbb346657bdfc41c6f7,8dec199f53c51c5628944251dda68691,,2361.73,5.0,SEND_MONEY,COMPLETED,Send Money,Simulated SEND_MONEY,False,2026-09-04T08:18:03.718686+00:00,8,0,-0.08,1
87df8f007effd493e94e0ff6fb5733f3,TXN-FBF4E170,0f2255d256be218b494e0e4b1a7f5e1c,4c64ccf00086f53c7786ee74543a024a,,1848.27,0.0,BILL_PAY,COMPLETED,Bill Pay,Simulated BILL_PAY,False,2026-08-21T14:03:14.718686+00:00,14,0,-0.36,1
b24c65cd2e4115f53fe123686fec63c8,TXN-937A85A7,1cd31cec7165b0f999e22f35ea0f297b,0f2255d256be218b494e0e4b1a7f5e1c,,1934.97,0.0,BILL_PAY,COMPLETED,Bill Pay,Simulated BILL_PAY,False,2026-08-15T22:46:37.718686+00:00,22,0,-0.31,1
429940ac514c3b1d69d7b063e1c262a2,TXN-E6C6EB34,163b7bf9da2842a111d4d8c94377f29f,3db00c6efa2ff90560fd5e189b42a097,,4364.8,5.0,SEND_MONEY,COMPLETED,Send Money,Simulated SEND_MONEY,False,2026-07-19T07:52:52.718686+00:00,7,0,1.04,1
d639185e9d8af14e93b2a69fd088f76c,TXN-243AE278,5aeb81f0b34f243855d547a027205162,65fb813c4a8070e7d6f1e3c595c14972,65fb813c4a8070e7d6f1e3c595c14972,17035.33,15.0,CASH_OUT,COMPLETED,Cash Out,Simulated CASH_OUT,False,2026-09-02T01:25:16.718686+00:00,1,1,8.08,2
9fd4f1894f7ddcfdc68501cd988b7bdb,TXN-58FA7B9D,ba184c813197d29e79ddc76c6d457c16,9e7e17b731d68635812244997dbab941,,2147.91,5.0,SEND_MONEY,COMPLETED,Send Money,Simulated SEND_MONEY,False,2026-09-16T15:58:31.718686+00:00,15,0,-0.2,1
e33786fe8b8ba4a4e83ae566c3b86c6d,TXN-4F21C058,c93486184196482ee09eeb5394eb3284,e11d3919fbbacb05b53b3da8bde233d6,,1620.51,5.0,SEND_MONEY,COMPLETED,Send Money,Simulated SEND_MONEY,False,2026-09-28T14:53:47.718686+00:00,14,0,-0.49,1
426fe32279eb2579d002ba30f73d6c4c,TXN-A65979E6,2fe489dc20c1708cfa581d796a164a05,39495bec7941dda30d5ffb10dc7835a0,,2413.96,0.0,MERCHANT_PAY,COMPLETED,Merchant Pay,Simulated MERCHANT_PAY,False,2026-08-16T17:22:38.718686+00:00,17,0,-0.05,1
0ac0b30be25af4a49047bbf3a0488ab9,TXN-206186EC,21432700fffec608e4fd2fb0ddb36d82,cd014c6c636613884125f62c886cd09e,,108.04,0.0,RECHARGE,COMPLETED,Recharge,Simulated RECHARGE,False,2026-08-14T03:18:14.718686+00:00,3,1,-1.33,1
7a755f0c0ac83426a547fb5d3c0e4adb,TXN-5FE3BAA7,ec39bb7cabcf592c12d346c409defd7e,f611ce5213887ad5e4699085f1c73845,,1381.4,5.0,SEND_MONEY,COMPLETED,Send Money,Simulated SEND_MONEY,False,2026-08-05T18:18:10.718686+00:00,18,0,-0.62,1
80b259d4698c95ac851e5914359a53cb,TXN-E324F94C,163b7bf9da2842a111d4d8c94377f29f,aab296b6ecffd40138e9dd787dd7c62f,,2919.56,5.0,SEND_MONEY,COMPLETED,Send Money,Simulated SEND_MONEY,False,2026-09-18T09:34:00.718686+00:00,9,0,0.23,1
afe8ea3f36d659176784c60e4721d3b1,TXN-0BE5CC33,ec39bb7cabcf592c12d346c409defd7e,57707b18e970117a25c5297be1006ebb,,1364.8,0.0,MERCHANT_PAY,COMPLETED,Merchant Pay,Simulated MERCHANT_PAY,False,2026-09-29T15:17:12.718686+00:00,15,0,-0.63,1
b6e46c29eb3dc4dcb04942732989fb22,TXN-6BDD186B,774b058b32fa45e881e3520560698426,b7602bda5c16c93cd75c0dbcdd2f6d6c,,2086.6,0.0,BILL_PAY,COMPLETED,Bill Pay,Simulated BILL_PAY,False,2026-08-15T22:37:31.718686+00:00,22,0,-0.23,1
123f94258bc0a00aefd4af40aaee9a2f,TXN-70ECB08C,887489e7c99502841ba83eec893afe1d,e11d3919fbbacb05b53b3da8bde233d6,,1916.89,5.0,SEND_MONEY,COMPLETED,Send Money,Simulated SEND_MONEY,False,2026-09-29T21:10:44.718686+00:00,21,0,-0.32,1
77061c9e5c9c134714f8a3d8c68d6f1b,TXN-FB9309F0,65934a85ba1c9c2d039acb02a4e9f5a7,774b058b32fa45e881e3520560698426,,2046.0,0.0,MERCHANT_PAY,COMPLETED,Merchant Pay,Simulated MERCHANT_PAY,False,2026-07-11T03:15:01.718686+00:00,3,1,-0.25,2
5ff9b6706204cb90a27ae1b8d29f7b47,TXN-9954A8CE,81253f4aa18bb992bcd0e6e9b1fa0507,5fde7da627ef89562f5d2e5138fcc716,,668.31,0.0,MERCHANT_PAY,COMPLETED,Merchant Pay,Simulated MERCHANT_PAY,False,2026-08-22T12:19:01.718686+00:00,12,0,-1.02,1
36029fec878170ba70a9e60f2caf2655,TXN-54C4624D,d0b4cd2df32ef122a0c71b82035e6dc3,1b99ddafaa28f74dc164af9e24830bad,,4893.25,5.0,SEND_MONEY,COMPLETED,Send Money,Simulated SEND_MONEY,False,2026-07-11T00:56:42.718686+00:00,0,0,1.33,1
b3ba3128bf32c84b27bc518fb168cfda,TXN-562014B2,10331bea5f8789681791495ed9517fe2,b13eb846b74a47cc34cd153c313fc9b4,,31.95,0.0,RECHARGE,COMPLETED,Recharge,Simulated RECHARGE,False,2026-09-17T05:16:06.718686+00:00,5,1,-1.37,1
82f1f18fc56dcde5ff8a4b4bf01ed9e1,TXN-CF20BE02,8dec199f53c51c5628944251dda68691,91c41a04edd64e4c32a0af71604f336a,,370.29,0.0,RECHARGE,COMPLETED,Recharge,Simulated RECHARGE,False,2026-09-16T23:41:18.718686+00:00,23,0,-1.18,1
aaf12776ef609082117ab5a2f42fb89d,TXN-0BD2E839,65fb813c4a8070e7d6f1e3c595c14972,ba62a89e273f83051020288c4d221f17,65fb813c4a8070e7d6f1e3c595c14972,8159.33,0.0,CASH_IN,COMPLETED,Cash In,Simulated CASH_IN,False,2026-08-10T17:23:35.718686+00:00,17,0,3.14,1
612eba6f77438a8e96b2b4870ee553a2,TXN-F6B03A4B,f611ce5213887ad5e4699085f1c73845,9ca2c035804c1751d9bb84108e46b24b,,109.98,0.0,RECHARGE,COMPLETED,Recharge,Simulated RECHARGE,False,2026-07-16T01:15:06.718686+00:00,1,1,-1.33,2
cd3ee5e56e04c4d3b711e18afeedd0a7,TXN-BAC06047,a789b4fc165147cd64a864ea50e2f99b,6fa7dee9d506c590d0adc559242b754b,,722.68,5.0,SEND_MONEY,COMPLETED,Send Money,Simulated SEND_MONEY,False,2026-07-24T21:47:53.718686+00:00,21,0,-0.99,1
f6e7bde5ceadb9224b173444b294126e,TXN-51FBDC1E,d3c308a1208710510c3bcb610dc42d08,f611ce5213887ad5e4699085f1c73845,,2687.27,0.0,BILL_PAY,COMPLETED,Bill Pay,Simulated BILL_PAY,False,2026-07-11T21:47:02.718686+00:00,21,0,0.1,1
d27a81f0bdc42fe03763882c0895f3e8,TXN-42231686,e2725c5bff2b6162cf06fb1afa9b4940,0fc954a8903d8d3906c6f655090a2772,,3144.91,5.0,SEND_MONEY,COMPLETED,Send Money,Simulated SEND_MONEY,False,2026-07-22T00:10:12.718686+00:00,0,0,0.36,1
3945b28c9d726722b2abbe1ef530f2be,TXN-6C0485E4,ba43d28df7fba6619bbe4dc11c06298b,56d3630d48a7c5213076e6c42c8e9cc3,56d3630d48a7c5213076e6c42c8e9cc3,1984.63,15.0,CASH_OUT,COMPLETED,Cash Out,Simulated CASH_OUT,False,2026-09-11T09:31:28.718686+00:00,9,0,-0.29,1
1958008e4891f107b71c3a0af3e7ca74,TXN-F4699442,1cd31cec7165b0f999e22f35ea0f297b,5c65507c2e3b7c0043daa0a1ffae75d3,,138.86,0.0,RECHARGE,COMPLETED,Recharge,Simulated RECHARGE,False,2026-08-18T01:10:42.718686+00:00,1,1,-1.31,1
5088f7c82465e2690cd6d08fb62f4707,TXN-CA9F89A9,b62a999cc4eeb9376b4dda8f15f3b983,67108e809ac0c87e3f3f926a9e8a9569,,260.14,5.0,SEND_MONEY,COMPLETED,Send Money,Simulated SEND_MONEY,False,2026-07-27T21:14:54.718686+00:00,21,0,-1.24,1
f67adc9731348b740c381a1debcfbb6f,TXN-B41EFB69,5d4470618fa83366c874eea88d34d4d1,942a55200af93c74d921d93f2beb656e,,1345.25,0.0,BILL_PAY,COMPLETED,Bill Pay,Simulated BILL_PAY,False,2026-08-17T17:54:32.718686+00:00,17,0,-0.64,1
f57e27fb4ebe74c129ba10dd0fc8d562,TXN-64567D28,8dec199f53c51c5628944251dda68691,0f2255d256be218b494e0e4b1a7f5e1c,,4257.33,5.0,SEND_MONEY,COMPLETED,Send Money,Simulated SEND_MONEY,False,2026-07-08T15:07:23.718686+00:00,15,0,0.98,1
502661cfa27f55a883f2710f845d5427,TXN-7DC5E05F,29cc202556f422d15cf82e1512bff950,df17af4790a0efbcb2dd7af3dc7310ac,,123.02,0.0,RECHARGE,COMPLETED,Recharge,Simulated RECHARGE,False,2026-09-26T17:38:09.718686+00:00,17,0,-1.32,1
6f1c11b19efd3bc0a014bc983b2da443,TXN-A273921D,7bfa12e52337128e6a95dc4ae4de2ee1,a9471c06d90eef52295526c0ef9c12bf,,2350.61,5.0,SEND_MONEY,COMPLETED,Send Money,Simulated SEND_MONEY,False,2026-09-06T18:12:46.718686+00:00,18,0,-0.08,1
3d02890c03c19138d3a11464dbac8b59,TXN-B7AE96EB,5c110f190a3951baa533cec59ffb6aa1,ba43d28df7fba6619bbe4dc11c06298b,,89.73,0.0,RECHARGE,COMPLETED,Recharge,Simulated RECHARGE,False,2026-09-14T05:29:00.718686+00:00,5,1,-1.34,1
e7c03076b8a1147dd946c82fc694c776,TXN-61F1B1C6,887489e7c99502841ba83eec893afe1d,947ad30ee89e026f62bb39e7b8666c6e,,2486.98,5.0,SEND_MONEY,COMPLETED,Send Money,Simulated SEND_MONEY,False,2026-07-24T18:31:28.718686+00:00,18,0,-0.01,1
3c617862357e853b2a3c871ff42c4254,TXN-8F8829A2,52431bf282c88707e62fd18b75abcf77,d9df0dce0fdbee946099d135178b0651,,49.94,0.0,RECHARGE,COMPLETED,Recharge,Simulated RECHARGE,False,2026-09-05T01:59:39.718686+00:00,1,1,-1.36,1
4265ac83e7e9eddb24ba2bbb1d61ee63,TXN-C82AC234,920d641d4f1838031412092365b508f9,d1e7a9987d0f9ba4aae3ede8a912f4e5,,763.44,5.0,SEND_MONEY,COMPLETED,Send Money,Simulated SEND_MONEY,False,2026-07-08T08:36:13.718686+00:00,8,0,-0.96,1
45444bdccfda8ff7fbd4996c4483d566,TXN-E6CEE954,5702a1644e9aebb91bb00367c4c52710,61874613550dc5121fdaaac0737a643d,,175.53,0.0,RECHARGE,COMPLETED,Recharge,Simulated RECHARGE,False,2026-08-18T05:13:16.718686+00:00,5,1,-1.29,2
c0234e2c9cb5e3b60306030fc540365c,TXN-6D243837,ec39bb7cabcf592c12d346c409defd7e,b105797ce7097a9d7175762f71c33e73,,2272.23,0.0,MERCHANT_PAY,COMPLETED,Merchant Pay,Simulated MERCHANT_PAY,False,2026-07-08T16:01:25.718686+00:00,16,0,-0.13,1
0b029e2f64e92eddb88b3efc6e1d7b90,TXN-95DAA6D9,92768e2a43ab36f88cb4b3850d783b04,7e25924565710a7c41b0ba3c9f3bfbe9,92768e2a43ab36f88cb4b3850d783b04,5315.63,0.0,CASH_IN,COMPLETED,Cash In,Simulated CASH_IN,False,2026-08-22T08:59:55.718686+00:00,8,0,1.56,1
d641e064a34f4892b57a3b9597931f28,TXN-E7BB0DD0,3a288796c66b6cb72b3c765d5f0440db,1e002e71e6b9a839b69d43969374e33e,,4241.0,5.0,SEND_MONEY,COMPLETED,Send Money,Simulated SEND_MONEY,False,2026-08-19T07:08:01.718686+00:00,7,0,0.97,1
c55e2c390b07dbf7fcf50a928bfb0b18,TXN-AECAFF5C,3db00c6efa2ff90560fd5e189b42a097,d6b3bdced8ec51ba8bfd3d4c8c1cf865,,2841.47,5.0,SEND_MONEY,COMPLETED,Send Money,Simulated SEND_MONEY,False,2026-08-07T10:24:08.718686+00:00,10,0,0.19,1
edec7602f05d325dccb61ce960dd5756,TXN-A473E181,a9471c06d90eef52295526c0ef9c12bf,28bad9c9332ec0e5025efc44e6a7a54f,,2329.23,5.0,SEND_MONEY,COMPLETED,Send Money,Simulated SEND_MONEY,False,2026-08-27T13:45:20.718686+00:00,13,0,-0.09,1
729502095e574274837ddc59b247d08c,TXN-F9F66C12,b59d7cf42c5bfc03b00fa5ae8417f581,0fc954a8903d8d3906c6f655090a2772,,622.53,5.0,SEND_MONEY,COMPLETED,Send Money,Simulated SEND_MONEY,False,2026-07-11T13:24:39.718686+00:00,13,0,-1.04,1
e62b5a219b6b429a9d0be62ac827d2a0,TXN-C02E2540,ba62a89e273f83051020288c4d221f17,76d2086982f4a9e6bed9b3147eed7cbc,,242.46,0.0,RECHARGE,COMPLETED,Recharge,Simulated RECHARGE,False,2026-07-19T06:04:07.718686+00:00,6,0,-1.25,1
72a90a143a113e466265def761ada6c6,TXN-9A677517,bdd1bcc71ed6717c4a5f4df6a382d2c0,b9376a572eeedc5c8dfd978d9d452846,,536.58,5.0,SEND_MONEY,COMPLETED,Send Money,Simulated SEND_MONEY,False,2026-08-05T19:33:09.718686+00:00,19,0,-1.09,1
1a043706dd12c7f863faa325d5f8ad07,TXN-A02FAC14,d491f477c542d1707119e8c77ba730c8,f611ce5213887ad5e4699085f1c73845,,4034.98,5.0,SEND_MONEY,COMPLETED,Send Money,Simulated SEND_MONEY,False,2026-08-10T11:30:18.718686+00:00,11,0,0.85,1
ea52812d0f5d18fc499300ef99628241,TXN-565B7C14,d1e7a9987d0f9ba4aae3ede8a912f4e5,f1d3d9ce7cc465b1935b28bd8972bcdf,,2728.7,5.0,SEND_MONEY,COMPLETED,Send Money,Simulated SEND_MONEY,False,2026-09-16T09:25:55.718686+00:00,9,0,0.13,1
f312e22a4932327a8a70427370608cb0,TXN-DD230C2B,45b882f3960f148988c5b8fe01addac1,5702a1644e9aebb91bb00367c4c52710,,56.82,0.0,RECHARGE,COMPLETED,Recharge,Simulated RECHARGE,False,2026-09-20T02:49:47.718686+00:00,2,1,-1.36,2
ac5849ecee71ca3bcc043e9dd8287ff0,TXN-D54F7A55,163b7bf9da2842a111d4d8c94377f29f,5458c6d9f0729c3bde4bb221abc8b6b5,,2074.21,0.0,MERCHANT_PAY,COMPLETED,Merchant Pay,Simulated MERCHANT_PAY,False,2026-07-31T15:41:22.718686+00:00,15,0,-0.24,1
5c84683bbb9d6a4986598c59bc8a1ee0,TXN-DCAA3A72,019eb181a60b72600fe1522fabe4cd00,fc9c1388504a06a82f25be52c4a6f5a5,,2987.96,5.0,SEND_MONEY,COMPLETED,Send Money,Simulated SEND_MONEY,False,2026-08-29T23:00:45.718686+00:00,23,0,0.27,1
0446bc5873cbcfbfc1faf65357fc46a9,TXN-80662025,947ad30ee89e026f62bb39e7b8666c6e,9e7e17b731d68635812244997dbab941,,10238.8,5.0,SEND_MONEY,COMPLETED,Send Money,Simulated SEND_MONEY,False,2026-09-03T18:16:54.718686+00:00,18,0,4.3,1
56f0d8308f5c82366882c4080cbf6859,TXN-E512C410,bdd1bcc71ed6717c4a5f4df6a382d2c0,0fc954a8903d8d3906c6f655090a2772,,401.65,0.0,RECHARGE,COMPLETED,Recharge,Simulated RECHARGE,False,2026-09-18T18:29:55.718686+00:00,18,0,-1.17,1
b08a7371c13aff203c6cc9e2f68384ea,TXN-D5E17B02,e2b37ac0f1e35aae80becc0986504993,5aeb81f0b34f243855d547a027205162,,154.82,0.0,RECHARGE,COMPLETED,Recharge,Simulated RECHARGE,False,2026-07-21T02:46:38.718686+00:00,2,1,-1.3,1
03101f1bfeeee8780143aa9ee0c84697,TXN-2DFAD387,5ea78e239a56f60e7a73667f804942f5,63d8729ad99d6620a0333cebe2d7207a,,431.8,0.0,RECHARGE,BLOCKED,Recharge,Simulated RECHARGE,True,2026-07-14T14:05:10.718686+00:00,14,0,-1.15,1
051c28f6f6e19876086a76fed664ece4,TXN-FBEBA561,4475a6a8efb7ee576f44e9a1cf97e616,016214150e97fb9ec49141665b32485f,,3111.21,5.0,SEND_MONEY,COMPLETED,Send Money,Simulated SEND_MONEY,False,2026-07-14T05:07:13.718686+00:00,5,1,0.34,2
a177620c88cfc6ebfbde72934b800587,TXN-00A2F56D,a780a78582d457ca210edde8e3c1d88d,b56e04675e530859a4cde7562b4786e5,,1282.78,0.0,MERCHANT_PAY,COMPLETED,Merchant Pay,Simulated MERCHANT_PAY,False,2026-09-07T07:58:20.718686+00:00,7,0,-0.68,1
20eff2d32d3f767d6a5981a1d78401d2,TXN-6F35E126,b62a999cc4eeb9376b4dda8f15f3b983,79a30ec2ffa4cd645fd6ad37bf5a2a92,,203.47,0.0,RECHARGE,COMPLETED,Recharge,Simulated RECHARGE,False,2026-09-30T21:58:12.718686+00:00,21,0,-1.28,1
1f3abc9b607f27f61103e3ce413cf6d7,TXN-115C5F92,bdd1bcc71ed6717c4a5f4df6a382d2c0,74a9e2d1020eb53493a1eb482d915981,,1540.28,5.0,SEND_MONEY,COMPLETED,Send Money,Simulated SEND_MONEY,False,2026-07-17T22:59:43.718686+00:00,22,0,-0.53,1
c08628b24d16ac54ca37329a2d74ae75,TXN-642B21DE,d6b3bdced8ec51ba8bfd3d4c8c1cf865,79a30ec2ffa4cd645fd6ad37bf5a2a92,,606.25,0.0,MERCHANT_PAY,COMPLETED,Merchant Pay,Simulated MERCHANT_PAY,False,2026-08-03T23:55:59.718686+00:00,23,0,-1.05,1
a422ea02bd244628547cd96d05c59a68,TXN-CCAFB13C,e2b37ac0f1e35aae80becc0986504993,36abffacfee81ff100accb009afd7377,,52.16,0.0,RECHARGE,COMPLETED,Recharge,Simulated RECHARGE,False,2026-09-22T09:49:54.718686+00:00,9,0,-1.36,1
fb004ae478c20c9a6fb23458e0ddac75,TXN-73EF1E5F,d6b3bdced8ec51ba8bfd3d4c8c1cf865,a789b4fc165147cd64a864ea50e2f99b,,2416.25,5.0,SEND_MONEY,COMPLETED,Send Money,Simulated SEND_MONEY,False,2026-09-27T22:40:20.718686+00:00,22,0,-0.05,1
3e468e3f68019229a713deb861d5e513,TXN-CCE94C54,22c8bad4d62b01cf4e1270d7be143d90,afcf8f047d02a8cefb9e5053b9802e7a,,416.37,5.0,SEND_MONEY,COMPLETED,Send Money,Simulated SEND_MONEY,False,2026-07-26T21:26:20.718686+00:00,21,0,-1.16,1
6bc158f255f463c8c9c9b8cf9ce73785,TXN-9EF73A03,0e65de46311e9c847c499c11aa845484,d0b4cd2df32ef122a0c71b82035e6dc3,0e65de46311e9c847c499c11aa845484,8640.47,0.0,CASH_IN,COMPLETED,Cash In,Simulated CASH_IN,False,2026-08-07T21:03:09.718686+00:00,21,0,3.41,1
9c20f6a9bea5f73d2de7861cb91184ab,TXN-BA3FD646,5aeb81f0b34f243855d547a027205162,0fc954a8903d8d3906c6f655090a2772,,3131.84,0.0,BILL_PAY,COMPLETED,Bill Pay,Simulated BILL_PAY,False,2026-09-17T12:16:01.718686+00:00,12,0,0.35,1
4b6db2db4eafea2e20e397a15ae5c735,TXN-C8F2388A,cf34c4e00ac75bb140c3d733b7d0acdf,ff0283fc6d6fcb75b58eb34c73cfeaeb,ff0283fc6d6fcb75b58eb34c73cfeaeb,5982.18,15.0,CASH_OUT,COMPLETED,Cash Out,Simulated CASH_OUT,False,2026-07-16T09:46:22.718686+00:00,9,0,1.93,1
95b483ef39e5426124aa5d03c7678b7c,TXN-FB025F66,24854d7b3ae8bedc178ece65566f1a29,4c576c0ae86216b6f6e0065855ef4b55,,428.67,0.0,RECHARGE,COMPLETED,Recharge,Simulated RECHARGE,False,2026-09-08T18:42:09.718686+00:00,18,0,-1.15,1
3dce6cc6cc1cc909eb924c4f7179fe51,TXN-583E3CE2,c85db54ea070ffe0c9c2c638737e31ca,65fc47ce4974867b6829d72772afdcf1,,236.62,0.0,RECHARGE,COMPLETED,Recharge,Simulated RECHARGE,False,2026-07-22T23:26:32.718686+00:00,23,0,-1.26,1
83bf6cf80f8476d38a716bfb8928bd7d,TXN-5F1238CE,4c78b5ebb63af8ec922f3fa771763324,c3b37cdf478b5f1365d70e59a9bc7db5,c3b37cdf478b5f1365d70e59a9bc7db5,3303.49,15.0,CASH_OUT,COMPLETED,Cash Out,Simulated CASH_OUT,False,2026-09-17T09:37:25.718686+00:00,9,0,0.45,1
2ccb2da8e40ae96abbc2d2b99a05b738,TXN-6A4826EB,28bad9c9332ec0e5025efc44e6a7a54f,995a897619c18fbb346657bdfc41c6f7,,868.48,0.0,MERCHANT_PAY,COMPLETED,Merchant Pay,Simulated MERCHANT_PAY,False,2026-09-12T19:17:44.718686+00:00,19,0,-0.91,1
1901e41d4d614fd51c225e9719fde708,TXN-2AF71F57,8cefe33bc85b06476d4145b5395ea644,22c8bad4d62b01cf4e1270d7be143d90,,36.47,0.0,RECHARGE,COMPLETED,Recharge,Simulated RECHARGE,False,2026-07-16T04:29:50.718686+00:00,4,1,-1.37,2
45df93b0d51ede43754d4c3bf695cfe1,TXN-F6E837BF,f63764957f52e118034140e73b764fd8,942a55200af93c74d921d93f2beb656e,,2091.0,0.0,BILL_PAY,COMPLETED,Bill Pay,Simulated BILL_PAY,False,2026-07-27T15:25:57.718686+00:00,15,0,-0.23,1
91aba11cb4d7a4f080df438a9fe42f3a,TXN-2A052817,dfcc900c6dbec41542ed1b6650d9edf5,f1d3d9ce7cc465b1935b28bd8972bcdf,,460.08,0.0,BILL_PAY,COMPLETED,Bill Pay,Simulated BILL_PAY,False,2026-09-18T10:57:46.718686+00:00,10,0,-1.13,1
9506ee8a755e2068d8859c407d24f525,TXN-4EF7CCFC,dfcc900c6dbec41542ed1b6650d9edf5,cd014c6c636613884125f62c886cd09e,,951.06,0.0,MERCHANT_PAY,COMPLETED,Merchant Pay,Simulated MERCHANT_PAY,False,2026-07-17T14:44:36.718686+00:00,14,0,-0.86,1
9430e49dac3ca8a64221ac7a0a5177f5,TXN-E6A05D33,c93486184196482ee09eeb5394eb3284,b62a999cc4eeb9376b4dda8f15f3b983,,4484.75,5.0,SEND_MONEY,COMPLETED,Send Money,Simulated SEND_MONEY,False,2026-07-28T11:20:25.718686+00:00,11,0,1.1,1
bc886b901695550893c4772f462146aa,TXN-1E655C58,67108e809ac0c87e3f3f926a9e8a9569,995a897619c18fbb346657bdfc41c6f7,,240.91,0.0,RECHARGE,COMPLETED,Recharge,Simulated RECHARGE,False,2026-08-19T21:29:12.718686+00:00,21,0,-1.26,1
e423e3cbc3cf1a9fdd8e7b283dd7f04e,TXN-61FC816E,955ec133542f6e80c30f4952fee80d33,2e83ddfe2c55078090a49c56b71a1ae2,,155.86,0.0,RECHARGE,COMPLETED,Recharge,Simulated RECHARGE,False,2026-09-21T08:56:31.718686+00:00,8,0,-1.3,1
0e2265b296747d753f1c5f03ee05f200,TXN-570B7455,f60a322e38c9343ece39f96df2f9dd6e,942a55200af93c74d921d93f2beb656e,,2347.34,5.0,SEND_MONEY,COMPLETED,Send Money,Simulated SEND_MONEY,False,2026-09-22T09:13:17.718686+00:00,9,0,-0.08,1
37634f16cd9bc8ac8f47df02de5a9a51,TXN-A8B85A60,c85db54ea070ffe0c9c2c638737e31ca,8370e53dac1eee251fae5e9d3383e82d,,45.62,0.0,RECHARGE,COMPLETED,Recharge,Simulated RECHARGE,False,2026-09-15T05:53:51.718686+00:00,5,1,-1.36,1
a75c7756985a95a3f51c782dd6c09b6e,TXN-95729175,63d8729ad99d6620a0333cebe2d7207a,61874613550dc5121fdaaac0737a643d,,2587.28,5.0,SEND_MONEY,COMPLETED,Send Money,Simulated SEND_MONEY,False,2026-09-13T13:29:45.718686+00:00,13,0,0.05,1
2faeb3698bd6472990812ba2eab371a5,TXN-CC31ECF4,641575d590fb761036ec5b80cdf1203a,88763c3e84f0d3eb136c4d4e1aeecdaf,88763c3e84f0d3eb136c4d4e1aeecdaf,16444.35,15.0,CASH_OUT,COMPLETED,Cash Out,Simulated CASH_OUT,False,2026-10-03T11:51:40.718686+00:00,11,0,7.75,1
fd6c87ef59bd0ae467d967643d71dd2f,TXN-8A5F999B,b780a4cf9f6267374ca9ca7c3042586f,b56e04675e530859a4cde7562b4786e5,,518.08,0.0,BILL_PAY,COMPLETED,Bill Pay,Simulated BILL_PAY,False,2026-09-11T09:47:56.718686+00:00,9,0,-1.1,1
65c8db17ebf7d0de4c4cd8aa101572c4,TXN-7846E77D,cce557b7c5670116283705cc1e96e85a,c85db54ea070ffe0c9c2c638737e31ca,cce557b7c5670116283705cc1e96e85a,14919.09,0.0,CASH_IN,COMPLETED,Cash In,Simulated CASH_IN,False,2026-07-20T14:56:40.718686+00:00,14,0,6.9,1
a7e66f92827dd5da3400f9ec3549f5a2,TXN-8EBDA49F,6fa7dee9d506c590d0adc559242b754b,91636429900048d39a6a81c76e775fe7,91636429900048d39a6a81c76e775fe7,11176.44,15.0,CASH_OUT,COMPLETED,Cash Out,Simulated CASH_OUT,False,2026-08-01T08:25:23.718686+00:00,8,0,4.82,1
639ea869ad82faa079fdac83a834e2f1,TXN-7B5D7792,b780a4cf9f6267374ca9ca7c3042586f,36abffacfee81ff100accb009afd7377,,79.84,0.0,RECHARGE,COMPLETED,Recharge,Simulated RECHARGE,False,2026-08-07T05:17:09.718686+00:00,5,1,-1.34,2
366a377833765a771904ff1b1c31d316,TXN-17E20203,d5ad98674d6c69eab07fbb6c5f6ec434,ec6e284035e6331bdc37fe8d94a47b09,,754.16,5.0,SEND_MONEY,COMPLETED,Send Money,Simulated SEND_MONEY,False,2026-08-13T11:38:05.718686+00:00,11,0,-0.97,1
f8244ece2180ef7c1a8cc6412c93bc39,TXN-808CE87B,d529ec7c7730634f441257c91dad22c0,4c576c0ae86216b6f6e0065855ef4b55,,161.79,0.0,RECHARGE,COMPLETED,Recharge,Simulated RECHARGE,False,2026-07-30T04:07:06.718686+00:00,4,1,-1.3,1
a40088a5c0d7be2f38d3964f9e77e8fb,TXN-694D120F,cf34c4e00ac75bb140c3d733b7d0acdf,63d8729ad99d6620a0333cebe2d7207a,,1404.66,5.0,SEND_MONEY,COMPLETED,Send Money,Simulated SEND_MONEY,False,2026-07-14T12:22:12.718686+00:00,12,0,-0.61,1
d5afab3c922897862d874c053e0b1c44,TXN-C5FD32BC,4c576c0ae86216b6f6e0065855ef4b55,921012c6b11c284a1771d9b434a6c279,921012c6b11c284a1771d9b434a6c279,5971.14,15.0,CASH_OUT,COMPLETED,Cash Out,Simulated CASH_OUT,False,2026-09-13T13:17:22.718686+00:00,13,0,1.93,1
f1f50c3b392d82df9369b933e2f0348d,TXN-C18C94FF,914ea800aac501972796ea5d55d04ec0,a780a78582d457ca210edde8e3c1d88d,,172.6,0.0,RECHARGE,COMPLETED,Recharge,Simulated RECHARGE,False,2026-08-31T03:27:10.718686+00:00,3,1,-1.29,2
a81891799c8d93bbb22c5f5d97937720,TXN-2F0D07EF,cf34c4e00ac75bb140c3d733b7d0acdf,ff0283fc6d6fcb75b58eb34c73cfeaeb,ff0283fc6d6fcb75b58eb34c73cfeaeb,4594.36,15.0,CASH_OUT,COMPLETED,Cash Out,Simulated CASH_OUT,False,2026-09-24T07:17:59.718686+00:00,7,0,1.16,1
111cd1105f3fb72acbcbc8a3857d690a,TXN-11139BFD,28bad9c9332ec0e5025efc44e6a7a54f,de5424d71169e0b98a120957644e7040,,849.64,0.0,MERCHANT_PAY,COMPLETED,Merchant Pay,Simulated MERCHANT_PAY,False,2026-08-31T04:56:11.718686+00:00,4,1,-0.92,2
2fff5426603a30ceee191806cb6a7161,TXN-B9991671,995a897619c18fbb346657bdfc41c6f7,3e8f0387819d64fd0b03881045eac7c8,,3126.43,5.0,SEND_MONEY,COMPLETED,Send Money,Simulated SEND_MONEY,False,2026-09-27T19:23:08.718686+00:00,19,0,0.35,1
c25098c6e5b9b03ade779605ab6ef396,TXN-3BE8DE94,dfcc900c6dbec41542ed1b6650d9edf5,8dec199f53c51c5628944251dda68691,,88.67,0.0,RECHARGE,COMPLETED,Recharge,Simulated RECHARGE,False,2026-08-21T02:33:42.718686+00:00,2,1,-1.34,1
944943c1f4db210a0f7fc7ba07c78c37,TXN-9A140425,b62a999cc4eeb9376b4dda8f15f3b983,67108e809ac0c87e3f3f926a9e8a9569,,3040.63,5.0,SEND_MONEY,COMPLETED,Send Money,Simulated SEND_MONEY,False,2026-09-30T19:50:36.718686+00:00,19,0,0.3,1
3cb0cdef3e33093b95feabb61c80f0a8,TXN-48974B38,92d9cb140eda53d5046b82d656354805,de5424d71169e0b98a120957644e7040,,2646.14,5.0,SEND_MONEY,COMPLETED,Send Money,Simulated SEND_MONEY,False,2026-08-27T17:10:11.718686+00:00,17,0,0.08,1
d5c47194bb1d37bd0db0bf176fb62fd0,TXN-6F6B7933,0dd188fb9dd3735e1ba71bddcf9b5680,d1e7a9987d0f9ba4aae3ede8a912f4e5,,15490.92,5.0,SEND_MONEY,COMPLETED,Send Money,Simulated SEND_MONEY,False,2026-09-05T17:52:13.718686+00:00,17,0,7.22,1
36aba6c91f129a4984b18773cbcf503e,TXN-0F84CD46,a9471c06d90eef52295526c0ef9c12bf,cce557b7c5670116283705cc1e96e85a,cce557b7c5670116283705cc1e96e85a,5618.06,15.0,CASH_OUT,COMPLETED,Cash Out,Simulated CASH_OUT,False,2026-07-12T04:16:12.718686+00:00,4,1,1.73,2
d5bac848ca77c6c764a721bc8c2fa067,TXN-7BBD8BA6,f60a322e38c9343ece39f96df2f9dd6e,7646bcb6920612b5e359b12633365514,,219.62,5.0,SEND_MONEY,COMPLETED,Send Money,Simulated SEND_MONEY,False,2026-08-16T09:27:28.718686+00:00,9,0,-1.27,1
0e8028b95ec8e2770edd40b0febe2bdd,TXN-5117C41D,0d3fa09ecaba91e19a1f466e6ed0ab3d,00bf0432ba6bf892a4b11dc619ce7ad3,,25.25,0.0,RECHARGE,COMPLETED,Recharge,Simulated RECHARGE,False,2026-08-31T05:58:00.718686+00:00,5,1,-1.37,2
ceb73ab8fbe15a2b30ca7696015e2539,TXN-1D88078B,7e25924565710a7c41b0ba3c9f3bfbe9,92d9cb140eda53d5046b82d656354805,,784.65,5.0,SEND_MONEY,COMPLETED,Send Money,Simulated SEND_MONEY,False,2026-09-08T15:44:58.718686+00:00,15,0,-0.95,1
8ac76744a8400108acf6684657298887,TXN-87DB231D,79a30ec2ffa4cd645fd6ad37bf5a2a92,887489e7c99502841ba83eec893afe1d,,2180.86,5.0,SEND_MONEY,COMPLETED,Send Money,Simulated SEND_MONEY,False,2026-07-22T16:39:25.718686+00:00,16,0,-0.18,1
1e9eb8151dd690dd728b4c51648b2766,TXN-31437E83,4c78b5ebb63af8ec922f3fa771763324,947ad30ee89e026f62bb39e7b8666c6e,,4637.96,5.0,SEND_MONEY,COMPLETED,Send Money,Simulated SEND_MONEY,False,2026-09-21T15:44:10.718686+00:00,15,0,1.19,1
a6fb343127fb74cd5c326aa3b44c1bc5,TXN-94DA54ED,0d3fa09ecaba91e19a1f466e6ed0ab3d,ec6e284035e6331bdc37fe8d94a47b09,,4821.9,5.0,SEND_MONEY,COMPLETED,Send Money,Simulated SEND_MONEY,False,2026-07-27T23:07:50.718686+00:00,23,0,1.29,1
9954ca3891a01206682427f3920a61c8,TXN-FCA67D3A,7646bcb6920612b5e359b12633365514,aab296b6ecffd40138e9dd787dd7c62f,,801.53,5.0,SEND_MONEY,COMPLETED,Send Money,Simulated SEND_MONEY,False,2026-09-28T10:50:48.718686+00:00,10,0,-0.94,1
268f06db6d8dcd10d2983262519e610c,TXN-434E2834,4475a6a8efb7ee576f44e9a1cf97e616,1e002e71e6b9a839b69d43969374e33e,,1956.67,5.0,SEND_MONEY,COMPLETED,Send Money,Simulated SEND_MONEY,False,2026-07-28T03:49:09.718686+00:00,3,1,-0.3,2
bc15afcbb1b98f78cdf30a6f6a41cc1a,TXN-6800B893,67108e809ac0c87e3f3f926a9e8a9569,8d188907e63291714835adb689e38229,,3005.73,5.0,SEND_MONEY,COMPLETED,Send Money,Simulated SEND_MONEY,False,2026-09-11T18:08:14.718686+00:00,18,0,0.28,1
79e94f514acf8595daf6a99c78f9ca84,TXN-0658475A,65fb813c4a8070e7d6f1e3c595c14972,d9df0dce0fdbee946099d135178b0651,65fb813c4a8070e7d6f1e3c595c14972,3420.45,0.0,CASH_IN,COMPLETED,Cash In,Simulated CASH_IN,False,2026-07-22T00:43:21.718686+00:00,0,0,0.51,1
b1663c289b87424469520f0d537cb015,TXN-EE2626B6,947ad30ee89e026f62bb39e7b8666c6e,ac9fb77bcbd378402146779c00a5ffff,,429.32,0.0,RECHARGE,COMPLETED,Recharge,Simulated RECHARGE,False,2026-07-23T08:27:56.718686+00:00,8,0,-1.15,1
6efe60270274cfb6fe827aa889b520ce,TXN-0BC9B110,8275aee7949dab0b3757c0d16495741a,93ed20f7af298133b5d5c110715e43f5,,1368.46,5.0,SEND_MONEY,COMPLETED,Send Money,Simulated SEND_MONEY,False,2026-07-26T19:32:15.718686+00:00,19,0,-0.63,1
242c9da51f121375804e183d58b0be3b,TXN-EEB5ED70,0e65de46311e9c847c499c11aa845484,c93486184196482ee09eeb5394eb3284,0e65de46311e9c847c499c11aa845484,8452.06,0.0,CASH_IN,COMPLETED,Cash In,Simulated CASH_IN,False,2026-09-19T07:38:23.718686+00:00,7,0,3.31,1
1a2e19b7f941518e902293fcb9fd7759,TXN-64C6FC7A,b62a999cc4eeb9376b4dda8f15f3b983,d604f2ebd984a759fc53f682396031cd,,770.4,5.0,SEND_MONEY,COMPLETED,Send Money,Simulated SEND_MONEY,False,2026-08-22T03:13:45.718686+00:00,3,1,-0.96,2
259b2112cc4eff303cf8072321468f86,TXN-CA9B2AC4,5458c6d9f0729c3bde4bb221abc8b6b5,00bf0432ba6bf892a4b11dc619ce7ad3,,4731.18,5.0,SEND_MONEY,COMPLETED,Send Money,Simulated SEND_MONEY,False,2026-08-08T19:18:26.718686+00:00,19,0,1.24,1
fffd858b17ea17e7b484c1623a13689b,TXN-D16D673E,641575d590fb761036ec5b80cdf1203a,3b07bdc1c386d1c7a5047c4d4a4a0ea7,,56.82,0.0,RECHARGE,COMPLETED,Recharge,Simulated RECHARGE,False,2026-09-03T05:55:00.718686+00:00,5,1,-1.36,1
41b2d4f74c88096d0a8c1b8c6f14a6d6,TXN-E388E649,94c1c7dc8088ba9666392ead9b770797,8cefe33bc85b06476d4145b5395ea644,,2656.73,0.0,BILL_PAY,COMPLETED,Bill Pay,Simulated BILL_PAY,False,2026-08-11T13:09:07.718686+00:00,13,0,0.09,1
2120934f639259e6311c4f4d9a664048,TXN-DD61DEB9,36abffacfee81ff100accb009afd7377,94c1c7dc8088ba9666392ead9b770797,,72.82,0.0,RECHARGE,COMPLETED,Recharge,Simulated RECHARGE,False,2026-08-25T01:06:04.718686+00:00,1,1,-1.35,1
0652b3efe8f46dbf872b6c9c494c21f0,TXN-FDEDF5FA,035c936add07d70d3d44b37710f68d9b,6d9b4fa238dde07f567f7dbd00b23fd7,,507.32,0.0,MERCHANT_PAY,COMPLETED,Merchant Pay,Simulated MERCHANT_PAY,False,2026-09-15T13:12:41.718686+00:00,13,0,-1.11,1
2091992d26189f3b43ba8f3a3cd09122,TXN-B30A45A4,1b99ddafaa28f74dc164af9e24830bad,3a288796c66b6cb72b3c765d5f0440db,,52.29,0.0,RECHARGE,COMPLETED,Recharge,Simulated RECHARGE,False,2026-09-12T19:48:13.718686+00:00,19,0,-1.36,1
0ba81e197ca1d5724775359beada6cde,TXN-3FE7A2F2,c72d75458cab25be0e2c630a41129bf2,de5424d71169e0b98a120957644e7040,,3103.07,5.0,SEND_MONEY,COMPLETED,Send Money,Simulated SEND_MONEY,False,2026-09-25T00:40:02.718686+00:00,0,0,0.34,1
68f1dee3ea54ac830dc5567db452a6cd,TXN-31A1B282,c72d75458cab25be0e2c630a41129bf2,00bf0432ba6bf892a4b11dc619ce7ad3,,61.3,0.0,RECHARGE,COMPLETED,Recharge,Simulated RECHARGE,False,2026-07-24T03:18:12.718686+00:00,3,1,-1.35,1
1c673a5707946267717d902d87d242f3,TXN-3AD62662,67108e809ac0c87e3f3f926a9e8a9569,163b7bf9da2842a111d4d8c94377f29f,,1816.37,0.0,MERCHANT_PAY,COMPLETED,Merchant Pay,Simulated MERCHANT_PAY,False,2026-10-03T16:41:15.718686+00:00,16,0,-0.38,1
36379975fb6ea692a2035f4fb5ae4a91,TXN-73CEDBBB,5458c6d9f0729c3bde4bb221abc8b6b5,a87506818a081f5835a17049b1ca9b41,,985.41,5.0,SEND_MONEY,COMPLETED,Send Money,Simulated SEND_MONEY,False,2026-07-14T09:03:50.718686+00:00,9,0,-0.84,1
9301c6671cd0beab7a50caacf4e1327a,TXN-301870B5,92768e2a43ab36f88cb4b3850d783b04,6a060089e6f56f9afb27d9b83a2b7c9f,92768e2a43ab36f88cb4b3850d783b04,10638.08,0.0,CASH_IN,COMPLETED,Cash In,Simulated CASH_IN,False,2026-09-12T01:14:46.718686+00:00,1,1,4.52,1
49724b204b9621775bd384dc9a6231ca,TXN-66CF9BE4,9ca2c035804c1751d9bb84108e46b24b,cf34c4e00ac75bb140c3d733b7d0acdf,,127.24,0.0,RECHARGE,COMPLETED,Recharge,Simulated RECHARGE,False,2026-09-29T05:15:35.718686+00:00,5,1,-1.32,2
7dc225c6c2b5b55b27888ca1f3072496,TXN-7CE8B152,947ad30ee89e026f62bb39e7b8666c6e,d1e7a9987d0f9ba4aae3ede8a912f4e5,,292.59,0.0,RECHARGE,COMPLETED,Recharge,Simulated RECHARGE,False,2026-08-07T13:12:37.718686+00:00,13,0,-1.23,1
cb580459b70e259b23281a6ef25f680e,TXN-4B31EC6F,5d4470618fa83366c874eea88d34d4d1,8275aee7949dab0b3757c0d16495741a,,11256.13,5.0,SEND_MONEY,COMPLETED,Send Money,Simulated SEND_MONEY,False,2026-10-02T15:23:39.718686+00:00,15,0,4.86,1
3747a59463e37775c70171bdbf19a897,TXN-EFFA9E43,d3c308a1208710510c3bcb610dc42d08,39495bec7941dda30d5ffb10dc7835a0,,1277.87,5.0,SEND_MONEY,COMPLETED,Send Money,Simulated SEND_MONEY,False,2026-09-30T22:35:53.718686+00:00,22,0,-0.68,1
3eb8e3b229dd3b2cb2a0783cc13d2dc9,TXN-C4411007,a780a78582d457ca210edde8e3c1d88d,c3b37cdf478b5f1365d70e59a9bc7db5,c3b37cdf478b5f1365d70e59a9bc7db5,15811.34,15.0,CASH_OUT,COMPLETED,Cash Out,Simulated CASH_OUT,False,2026-08-06T23:57:48.718686+00:00,23,0,7.4,1
1746c8824a1a0fde8123fe09c4427628,TXN-E8BB9C9D,e11d3919fbbacb05b53b3da8bde233d6,65fb813c4a8070e7d6f1e3c595c14972,65fb813c4a8070e7d6f1e3c595c14972,7889.98,15.0,CASH_OUT,COMPLETED,Cash Out,Simulated CASH_OUT,False,2026-07-18T23:05:12.718686+00:00,23,0,2.99,1
b3af539995c199ba3bd1719c127aed0d,TXN-67B06032,bdd1bcc71ed6717c4a5f4df6a382d2c0,2fe489dc20c1708cfa581d796a164a05,,1335.24,0.0,MERCHANT_PAY,COMPLETED,Merchant Pay,Simulated MERCHANT_PAY,False,2026-09-16T01:14:23.718686+00:00,1,1,-0.65,1
cecc0915ce5c22de161e092693ded0dd,TXN-4B9F8D55,48788294ece10d689d0579adc948163a,ba3acf686a1a0d53a2f66a6207dcd795,,1002.29,5.0,SEND_MONEY,COMPLETED,Send Money,Simulated SEND_MONEY,False,2026-07-19T18:08:00.718686+00:00,18,0,-0.83,1
3a76130d9e56deb34d6e1fb14b771cec,TXN-0903B4DB,76d2086982f4a9e6bed9b3147eed7cbc,b1a66b3f63e51e2a843b9028fcb6ded2,b1a66b3f63e51e2a843b9028fcb6ded2,16830.53,15.0,CASH_OUT,COMPLETED,Cash Out,Simulated CASH_OUT,False,2026-09-03T09:23:28.718686+00:00,9,0,7.96,1
9e3cdc9c310f989ba7b0375be6962d48,TXN-89F9F10C,2e83ddfe2c55078090a49c56b71a1ae2,28bad9c9332ec0e5025efc44e6a7a54f,,110.89,0.0,RECHARGE,COMPLETED,Recharge,Simulated RECHARGE,False,2026-09-13T20:38:06.718686+00:00,20,0,-1.33,1
c0975a20ddf6be25b4d18983685927de,TXN-46598673,8cefe33bc85b06476d4145b5395ea644,76d2086982f4a9e6bed9b3147eed7cbc,,13448.38,5.0,SEND_MONEY,COMPLETED,Send Money,Simulated SEND_MONEY,False,2026-08-05T13:43:34.718686+00:00,13,0,6.08,1
69ee4df1e1eaf9fb5ce20e9609f9e272,TXN-7C8974BB,e11d3919fbbacb05b53b3da8bde233d6,641575d590fb761036ec5b80cdf1203a,,387.89,0.0,RECHARGE,COMPLETED,Recharge,Simulated RECHARGE,False,2026-08-10T08:55:26.718686+00:00,8,0,-1.17,1
ebc7edd8927cd69696190ad02f6f6299,TXN-BD8E9473,ba62a89e273f83051020288c4d221f17,ba3acf686a1a0d53a2f66a6207dcd795,,36.74,0.0,RECHARGE,COMPLETED,Recharge,Simulated RECHARGE,False,2026-09-19T05:06:37.718686+00:00,5,1,-1.37,2
7f98eb0e61aa2f9dc35ef5e9d4ee0957,TXN-CFB2D586,687322ba46ad7d1a6dcdcbed6b3c57d9,0f2255d256be218b494e0e4b1a7f5e1c,,2057.39,0.0,MERCHANT_PAY,COMPLETED,Merchant Pay,Simulated MERCHANT_PAY,False,2026-07-28T17:43:06.718686+00:00,17,0,-0.25,1
3430c8cc9dd7d56c6863462ff8c2ce1d,TXN-15E77A29,947ad30ee89e026f62bb39e7b8666c6e,a0a78b533b925cc977153bb8cccf195f,a0a78b533b925cc977153bb8cccf195f,5513.31,15.0,CASH_OUT,COMPLETED,Cash Out,Simulated CASH_OUT,False,2026-07-07T19:16:06.718686+00:00,19,0,1.67,1
f23f7ad44c997975b4b18325a231cc76,TXN-C3E4BDEF,28bad9c9332ec0e5025efc44e6a7a54f,a780a78582d457ca210edde8e3c1d88d,,569.73,5.0,SEND_MONEY,COMPLETED,Send Money,Simulated SEND_MONEY,False,2026-08-25T07:05:50.718686+00:00,7,0,-1.07,1
e5c9fa3a29f45d8d63fba716829375d1,TXN-1A38FA12,a2e926c1267324ec26163a35e075df06,9708ab5e440dc80ab8deaa5aa649c2a6,,12983.54,5.0,SEND_MONEY,COMPLETED,Send Money,Simulated SEND_MONEY,False,2026-09-01T13:18:42.718686+00:00,13,0,5.82,1
30633e9555e1383b04ae01c1f5e6894b,TXN-F0A591D8,e11d3919fbbacb05b53b3da8bde233d6,137a8acc36e33a1b4682c358e6592082,,226.35,0.0,RECHARGE,COMPLETED,Recharge,Simulated RECHARGE,False,2026-08-22T14:02:29.718686+00:00,14,0,-1.26,1
28ddeadb90e82565c7144121978df080,TXN-10F26C41,1b99ddafaa28f74dc164af9e24830bad,a789b4fc165147cd64a864ea50e2f99b,,1596.82,0.0,BILL_PAY,COMPLETED,Bill Pay,Simulated BILL_PAY,False,2026-09-12T14:15:06.718686+00:00,14,0,-0.5,1
acb2a007e189e08587e7396c4d4f3b51,TXN-E65AB686,b105797ce7097a9d7175762f71c33e73,3db00c6efa2ff90560fd5e189b42a097,,1964.12,0.0,BILL_PAY,COMPLETED,Bill Pay,Simulated BILL_PAY,False,2026-09-13T09:22:20.718686+00:00,9,0,-0.3,1
9d7b636cc81049f7f6bcbeecf2f0315a,TXN-32EEEEE8,b59d7cf42c5bfc03b00fa5ae8417f581,afcf8f047d02a8cefb9e5053b9802e7a,,1574.48,0.0,MERCHANT_PAY,COMPLETED,Merchant Pay,Simulated MERCHANT_PAY,False,2026-09-28T16:55:23.718686+00:00,16,0,-0.51,1
77d72a4f8657e9da6cc499410058affa,TXN-04E3FE68,1cd31cec7165b0f999e22f35ea0f297b,955ec133542f6e80c30f4952fee80d33,,286.08,0.0,MERCHANT_PAY,COMPLETED,Merchant Pay,Simulated MERCHANT_PAY,False,2026-07-29T06:48:28.718686+00:00,6,0,-1.23,1
e4b2c0b3bcf40233cb1a7b48d8f7dbce,TXN-907D6EB1,c85db54ea070ffe0c9c2c638737e31ca,7b43b48cc2385f8eb14372d3a02b76eb,7b43b48cc2385f8eb14372d3a02b76eb,1495.26,15.0,CASH_OUT,COMPLETED,Cash Out,Simulated CASH_OUT,False,2026-07-21T18:24:06.718686+00:00,18,0,-0.56,1
5675f11dc981024fb34503fd9244bbe2,TXN-C7C93394,c93486184196482ee09eeb5394eb3284,5702a1644e9aebb91bb00367c4c52710,,4892.22,5.0,SEND_MONEY,COMPLETED,Send Money,Simulated SEND_MONEY,False,2026-07-29T07:25:52.718686+00:00,7,0,1.33,1
1102174242d47e71b1d7e8aa6bfabcf4,TXN-8B35496C,21432700fffec608e4fd2fb0ddb36d82,91636429900048d39a6a81c76e775fe7,91636429900048d39a6a81c76e775fe7,7555.59,15.0,CASH_OUT,COMPLETED,Cash Out,Simulated CASH_OUT,False,2026-09-17T07:00:32.718686+00:00,7,0,2.81,1
77f722134a8d9c984a553bb3319025cb,TXN-94B145B0,28bad9c9332ec0e5025efc44e6a7a54f,641575d590fb761036ec5b80cdf1203a,,797.89,0.0,MERCHANT_PAY,COMPLETED,Merchant Pay,Simulated MERCHANT_PAY,False,2026-07-21T10:21:34.718686+00:00,10,0,-0.95,1
4ecd7718f0d51632b42a51ddb1841098,TXN-C6D26DF9,c93486184196482ee09eeb5394eb3284,9ca2c035804c1751d9bb84108e46b24b,,3413.93,5.0,SEND_MONEY,COMPLETED,Send Money,Simulated SEND_MONEY,False,2026-07-28T20:18:28.718686+00:00,20,0,0.51,1
e3b2043cf70c625957fc7e4ee0fd5b62,TXN-1CC2B7A4,7ec15cd222dd1fc98dd0e7cd9751fa9d,885e891c4171db3ca38bbb35f664c8fc,885e891c4171db3ca38bbb35f664c8fc,3768.07,15.0,CASH_OUT,COMPLETED,Cash Out,Simulated CASH_OUT,False,2026-09-19T08:15:24.718686+00:00,8,0,0.7,1
b31d6376974785e9322037d80606eac2,TXN-822E2824,e2b37ac0f1e35aae80becc0986504993,b59d7cf42c5bfc03b00fa5ae8417f581,,408.96,5.0,SEND_MONEY,COMPLETED,Send Money,Simulated SEND_MONEY,False,2026-09-09T14:59:09.718686+00:00,14,0,-1.16,1
61f53607f418efc5c0b9b95853b0c5be,TXN-64D1857D,dfcc900c6dbec41542ed1b6650d9edf5,f1fd93ab956002b687a10b08b5d72967,,1493.11,0.0,BILL_PAY,COMPLETED,Bill Pay,Simulated BILL_PAY,False,2026-09-14T06:12:38.718686+00:00,6,0,-0.56,1
b1a9844fedcd2416b9a0628795465084,TXN-FBE5532A,48788294ece10d689d0579adc948163a,2fe489dc20c1708cfa581d796a164a05,,11460.28,5.0,SEND_MONEY,COMPLETED,Send Money,Simulated SEND_MONEY,False,2026-07-06T14:38:03.718686+00:00,14,0,4.98,1
be731add881281b4b93085aff732108b,TXN-B9036E0F,93ed20f7af298133b5d5c110715e43f5,6fa7dee9d506c590d0adc559242b754b,,2320.82,0.0,MERCHANT_PAY,COMPLETED,Merchant Pay,Simulated MERCHANT_PAY,False,2026-07-14T16:36:20.718686+00:00,16,0,-0.1,1
362d677935dcc2874c59e19461817df4,TXN-4DDD731D,7ec15cd222dd1fc98dd0e7cd9751fa9d,4475a6a8efb7ee576f44e9a1cf97e616,,4342.91,5.0,SEND_MONEY,COMPLETED,Send Money,Simulated SEND_MONEY,False,2026-07-27T01:16:58.718686+00:00,1,1,1.02,1
587ab9938df8813a7a63fb9a64401d49,TXN-CC3B6ADA,774b058b32fa45e881e3520560698426,995a897619c18fbb346657bdfc41c6f7,,2504.55,5.0,SEND_MONEY,COMPLETED,Send Money,Simulated SEND_MONEY,False,2026-08-09T17:46:29.718686+00:00,17,0,0.0,1
80f9f49d592ac2a2610c4c404bd02828,TXN-9E6E97C8,39495bec7941dda30d5ffb10dc7835a0,44441b337855f3507cd7f3f529f9ed9b,,5942.34,5.0,SEND_MONEY,COMPLETED,Send Money,Simulated SEND_MONEY,False,2026-09-01T02:20:32.718686+00:00,2,1,1.91,1
9f7b6b8ba9c504b6b968ffe80e7ea5ea,TXN-DFA5F7A7,52431bf282c88707e62fd18b75abcf77,28bad9c9332ec0e5025efc44e6a7a54f,,2709.79,0.0,BILL_PAY,COMPLETED,Bill Pay,Simulated BILL_PAY,False,2026-08-19T14:04:09.718686+00:00,14,0,0.12,1
db38958005e81befe32231609f8a00c1,TXN-E36243CC,2f12019338fde08f7f9d2612b6f5b02b,d3c308a1208710510c3bcb610dc42d08,,16516.81,5.0,SEND_MONEY,COMPLETED,Send Money,Simulated SEND_MONEY,False,2026-07-06T15:48:55.718686+00:00,15,0,7.79,1
675d56fe8faf64703bd3ab18f47d82e6,TXN-3DA14497,163b7bf9da2842a111d4d8c94377f29f,887489e7c99502841ba83eec893afe1d,,4112.16,5.0,SEND_MONEY,COMPLETED,Send Money,Simulated SEND_MONEY,False,2026-07-11T06:47:50.718686+00:00,6,0,0.9,1
4c70b22e8006228e108dc48d9f3c7765,TXN-882E345C,7646bcb6920612b5e359b12633365514,56e8207d13bee145b0139e9bb3a77636,,2043.19,0.0,MERCHANT_PAY,BLOCKED,Merchant Pay,Simulated MERCHANT_PAY,True,2026-07-10T18:47:09.718686+00:00,18,0,-0.25,1
14cd8f92e3f5ad2a79ac2ce8fd47bb44,TXN-BC311BF1,91636429900048d39a6a81c76e775fe7,45b882f3960f148988c5b8fe01addac1,91636429900048d39a6a81c76e775fe7,9036.03,0.0,CASH_IN,COMPLETED,Cash In,Simulated CASH_IN,False,2026-09-26T20:44:40.718686+00:00,20,0,3.63,1
00c8c96109241a99114355a64b041c51,TXN-DA7E1BE4,a4363f535992847636e40ad27ccc907f,b62a999cc4eeb9376b4dda8f15f3b983,,270.51,0.0,RECHARGE,COMPLETED,Recharge,Simulated RECHARGE,False,2026-09-25T22:43:08.718686+00:00,22,0,-1.24,1
99bd1b5c675bae04cc9f8022a708b5b9,TXN-E44AEA03,9708ab5e440dc80ab8deaa5aa649c2a6,f611ce5213887ad5e4699085f1c73845,,1396.89,5.0,SEND_MONEY,COMPLETED,Send Money,Simulated SEND_MONEY,False,2026-08-27T06:08:16.718686+00:00,6,0,-0.61,1
5c78b829e37e7bd1159424b5d7470f2a,TXN-2519FF28,921012c6b11c284a1771d9b434a6c279,f60a322e38c9343ece39f96df2f9dd6e,921012c6b11c284a1771d9b434a6c279,14683.66,0.0,CASH_IN,COMPLETED,Cash In,Simulated CASH_IN,False,2026-09-23T12:19:45.718686+00:00,12,0,6.77,1
d16c01724ac79d024a3976a4dffa3220,TXN-FF1ABB62,f1d3d9ce7cc465b1935b28bd8972bcdf,45b882f3960f148988c5b8fe01addac1,,370.21,5.0,SEND_MONEY,COMPLETED,Send Money,Simulated SEND_MONEY,False,2026-07-14T18:53:02.718686+00:00,18,0,-1.18,1
2d4525f4d178cc8e263f746cc491fdc2,TXN-EC244436,a87506818a081f5835a17049b1ca9b41,163b7bf9da2842a111d4d8c94377f29f,,7773.36,5.0,SEND_MONEY,COMPLETED,Send Money,Simulated SEND_MONEY,False,2026-10-01T00:15:36.718686+00:00,0,0,2.93,1
6ebe7cd06f7711cf280692b73dc75317,TXN-47911B51,09f548833bd96f4cda1bac60ea3bdfe9,5ea78e239a56f60e7a73667f804942f5,,115.39,0.0,RECHARGE,COMPLETED,Recharge,Simulated RECHARGE,False,2026-08-05T05:52:30.718686+00:00,5,1,-1.32,2
d1fbdfb5589a0b5cee307cf543b26bc2,TXN-774D6091,1e002e71e6b9a839b69d43969374e33e,0dd188fb9dd3735e1ba71bddcf9b5680,,2475.34,0.0,MERCHANT_PAY,COMPLETED,Merchant Pay,Simulated MERCHANT_PAY,False,2026-07-30T15:00:34.718686+00:00,15,0,-0.01,1
8996e22f02d28272e6befe8011084ec0,TXN-BEB550D9,0dd188fb9dd3735e1ba71bddcf9b5680,09f548833bd96f4cda1bac60ea3bdfe9,,1255.08,5.0,SEND_MONEY,COMPLETED,Send Money,Simulated SEND_MONEY,False,2026-09-14T04:38:45.718686+00:00,4,1,-0.69,1
791a24346afe645a6ca1d521150678e3,TXN-E0D1C903,bdd1bcc71ed6717c4a5f4df6a382d2c0,5fde7da627ef89562f5d2e5138fcc716,,464.97,0.0,RECHARGE,COMPLETED,Recharge,Simulated RECHARGE,False,2026-07-12T09:48:41.718686+00:00,9,0,-1.13,1
818be43dc39bccfec56490623921bd23,TXN-A5ABD5F0,f6b5bf942ce96cc22eedc473be850090,b105797ce7097a9d7175762f71c33e73,,1052.96,0.0,MERCHANT_PAY,COMPLETED,Merchant Pay,Simulated MERCHANT_PAY,False,2026-08-19T20:30:20.718686+00:00,20,0,-0.8,1
3af3e750681b0b5cd950e2de7687811b,TXN-5FB44A2D,de5424d71169e0b98a120957644e7040,2f12019338fde08f7f9d2612b6f5b02b,,899.94,0.0,MERCHANT_PAY,COMPLETED,Merchant Pay,Simulated MERCHANT_PAY,False,2026-09-19T18:49:45.718686+00:00,18,0,-0.89,1
7d4f826992ed537d8f88b8be8d420a08,TXN-F6F2FA92,d604f2ebd984a759fc53f682396031cd,9e7e17b731d68635812244997dbab941,,2220.28,0.0,BILL_PAY,COMPLETED,Bill Pay,Simulated BILL_PAY,False,2026-08-13T18:35:38.718686+00:00,18,0,-0.16,1
22698d2a1fb32f195d5ff15510ec461f,TXN-6FD124DE,ba3acf686a1a0d53a2f66a6207dcd795,7bfa12e52337128e6a95dc4ae4de2ee1,,4933.46,5.0,SEND_MONEY,COMPLETED,Send Money,Simulated SEND_MONEY,False,2026-09-03T12:04:07.718686+00:00,12,0,1.35,1
d0e6ef7b5bbaeb0f26a84f6053cb41b5,TXN-253753EB,ba184c813197d29e79ddc76c6d457c16,91c41a04edd64e4c32a0af71604f336a,,3558.08,5.0,SEND_MONEY,COMPLETED,Send Money,Simulated SEND_MONEY,False,2026-08-31T07:45:22.718686+00:00,7,0,0.59,1
7187d7efccbe189506cf8b4342d3baa2,TXN-24B33A3C,7ec15cd222dd1fc98dd0e7cd9751fa9d,48788294ece10d689d0579adc948163a,,566.11,0.0,BILL_PAY,COMPLETED,Bill Pay,Simulated BILL_PAY,False,2026-08-04T05:03:51.718686+00:00,5,1,-1.07,1
4ca74ddfb46b3c34a9086f5e43149e97,TXN-AC2FAA5D,4c78b5ebb63af8ec922f3fa771763324,22c8bad4d62b01cf4e1270d7be143d90,,2408.75,0.0,MERCHANT_PAY,COMPLETED,Merchant Pay,Simulated MERCHANT_PAY,False,2026-08-15T14:11:39.718686+00:00,14,0,-0.05,1
d242226f397044f240b4d9526b525be8,TXN-324713CD,995a897619c18fbb346657bdfc41c6f7,ff0283fc6d6fcb75b58eb34c73cfeaeb,ff0283fc6d6fcb75b58eb34c73cfeaeb,9384.39,15.0,CASH_OUT,COMPLETED,Cash Out,Simulated CASH_OUT,False,2026-10-02T19:26:22.718686+00:00,19,0,3.82,1
38cf966762c413453b78f5b7ea2f24e2,TXN-DDDAB51E,cd014c6c636613884125f62c886cd09e,9e7e17b731d68635812244997dbab941,,70.85,0.0,RECHARGE,COMPLETED,Recharge,Simulated RECHARGE,False,2026-09-23T05:57:43.718686+00:00,5,1,-1.35,2
5b470879c30ce6da8e0a06938368c00d,TXN-7F4670AC,b59d7cf42c5bfc03b00fa5ae8417f581,f5abc8efbbbec1c7c7a75fac1fbeb42a,f5abc8efbbbec1c7c7a75fac1fbeb42a,5812.23,15.0,CASH_OUT,COMPLETED,Cash Out,Simulated CASH_OUT,False,2026-09-03T15:15:09.718686+00:00,15,0,1.84,1
8250fbd2369fd0310515d4ffd28d8a21,TXN-9FB4BCBD,6a060089e6f56f9afb27d9b83a2b7c9f,65fb813c4a8070e7d6f1e3c595c14972,65fb813c4a8070e7d6f1e3c595c14972,2658.84,15.0,CASH_OUT,COMPLETED,Cash Out,Simulated CASH_OUT,False,2026-07-11T17:56:41.718686+00:00,17,0,0.09,1
971c8b5202a6eb26e29f8cc67f328235,TXN-58BF6763,e2725c5bff2b6162cf06fb1afa9b4940,ba43d28df7fba6619bbe4dc11c06298b,,761.37,5.0,SEND_MONEY,COMPLETED,Send Money,Simulated SEND_MONEY,False,2026-07-20T17:42:00.718686+00:00,17,0,-0.97,1
af9bf8413bafccb8dbe14a3af9207808,TXN-7AEB3CD2,d5ad98674d6c69eab07fbb6c5f6ec434,61874613550dc5121fdaaac0737a643d,,13149.19,5.0,SEND_MONEY,COMPLETED,Send Money,Simulated SEND_MONEY,False,2026-10-03T03:56:19.718686+00:00,3,1,5.92,2
eb478a842f0175e1fa11a7123b5309f9,TXN-319D211C,b7602bda5c16c93cd75c0dbcdd2f6d6c,44441b337855f3507cd7f3f529f9ed9b,,1923.92,0.0,MERCHANT_PAY,COMPLETED,Merchant Pay,Simulated MERCHANT_PAY,False,2026-07-28T13:26:59.718686+00:00,13,0,-0.32,1
1ccf02145f1f7145ddee3b89808c689a,TXN-EDEBAC5A,6fa7dee9d506c590d0adc559242b754b,74a9e2d1020eb53493a1eb482d915981,,179.82,0.0,MERCHANT_PAY,COMPLETED,Merchant Pay,Simulated MERCHANT_PAY,False,2026-07-11T06:44:49.718686+00:00,6,0,-1.29,1
35a9fc313d9bb8bdac4f6ef0ca93f285,TXN-AB4D940D,e11d3919fbbacb05b53b3da8bde233d6,52431bf282c88707e62fd18b75abcf77,,1128.34,0.0,MERCHANT_PAY,COMPLETED,Merchant Pay,Simulated MERCHANT_PAY,False,2026-09-25T18:17:26.718686+00:00,18,0,-0.76,1
fd90ad0e302c99c8507b951736805524,TXN-A0A74950,fc9c1388504a06a82f25be52c4a6f5a5,8275aee7949dab0b3757c0d16495741a,,3924.73,5.0,SEND_MONEY,COMPLETED,Send Money,Simulated SEND_MONEY,False,2026-08-31T10:58:33.718686+00:00,10,0,0.79,1
e470c5f12f0bcff21c7284502e2dfd6f,TXN-61B12365,b9376a572eeedc5c8dfd978d9d452846,00bf0432ba6bf892a4b11dc619ce7ad3,,122.65,0.0,RECHARGE,COMPLETED,Recharge,Simulated RECHARGE,False,2026-07-22T01:31:15.718686+00:00,1,1,-1.32,2
d099ca19336e4cc72019858c9c535380,TXN-3803DC91,22c8bad4d62b01cf4e1270d7be143d90,f073b58ca6bf5f68a77b501b3e16b8fa,,1921.03,0.0,MERCHANT_PAY,COMPLETED,Merchant Pay,Simulated MERCHANT_PAY,False,2026-08-25T11:27:34.718686+00:00,11,0,-0.32,1
a0c9887b76bec4befc65074399c1de2c,TXN-6F5BF408,ba43d28df7fba6619bbe4dc11c06298b,0f2255d256be218b494e0e4b1a7f5e1c,,54.98,0.0,RECHARGE,COMPLETED,Recharge,Simulated RECHARGE,False,2026-09-25T06:15:32.718686+00:00,6,0,-1.36,1
2f43bba1d63a9ed1c0de8dc35122cd5c,TXN-1139FC17,5458c6d9f0729c3bde4bb221abc8b6b5,6ab9575a1b7d1060f24d980c1141bfa8,,2377.99,5.0,SEND_MONEY,COMPLETED,Send Money,Simulated SEND_MONEY,False,2026-08-25T00:16:37.718686+00:00,0,0,-0.07,1
964383bd39b96e6ff6fa1eee80308c71,TXN-05AA550E,61874613550dc5121fdaaac0737a643d,00bf0432ba6bf892a4b11dc619ce7ad3,,91.74,0.0,RECHARGE,COMPLETED,Recharge,Simulated RECHARGE,False,2026-09-28T14:26:29.718686+00:00,14,0,-1.34,1
ea248ee2dc371dcd2f17f495013a6518,TXN-0C7684DB,dfcc900c6dbec41542ed1b6650d9edf5,c85db54ea070ffe0c9c2c638737e31ca,,3155.51,0.0,BILL_PAY,COMPLETED,Bill Pay,Simulated BILL_PAY,False,2026-07-06T18:45:14.718686+00:00,18,0,0.36,1
eed91a741aa706e6e5ef00a4cdfed37c,TXN-4478C18C,885e891c4171db3ca38bbb35f664c8fc,56e8207d13bee145b0139e9bb3a77636,885e891c4171db3ca38bbb35f664c8fc,8146.11,0.0,CASH_IN,COMPLETED,Cash In,Simulated CASH_IN,False,2026-09-13T13:49:34.718686+00:00,13,0,3.14,1
03d7ac7940ea3b1bd1e32a952140d815,TXN-105CF6C2,5702a1644e9aebb91bb00367c4c52710,920d641d4f1838031412092365b508f9,,2006.99,0.0,MERCHANT_PAY,COMPLETED,Merchant Pay,Simulated MERCHANT_PAY,False,2026-08-24T07:53:03.718686+00:00,7,0,-0.27,1
baff6a21ab6df8b9af56ac88a8f85949,TXN-E768EA87,0d3fa09ecaba91e19a1f466e6ed0ab3d,d2c0e952054db218612de01b8b401e3d,,3442.47,0.0,BILL_PAY,COMPLETED,Bill Pay,Simulated BILL_PAY,False,2026-09-02T05:45:15.718686+00:00,5,1,0.52,1
d26cbec9a735fda93ab5ca43bb75ded8,TXN-5EB04465,d604f2ebd984a759fc53f682396031cd,fc9c1388504a06a82f25be52c4a6f5a5,,2066.92,5.0,SEND_MONEY,COMPLETED,Send Money,Simulated SEND_MONEY,False,2026-09-19T09:00:35.718686+00:00,9,0,-0.24,1
7d7a94f632aa43179e00abfb09c2f3e2,TXN-6B065DC9,7b43b48cc2385f8eb14372d3a02b76eb,f1d3d9ce7cc465b1935b28bd8972bcdf,7b43b48cc2385f8eb14372d3a02b76eb,2980.51,0.0,CASH_IN,COMPLETED,Cash In,Simulated CASH_IN,False,2026-07-27T17:53:57.718686+00:00,17,0,0.27,1
be9865e196847e9db3694baa5ee7a3be,TXN-294CBAF3,f611ce5213887ad5e4699085f1c73845,28bad9c9332ec0e5025efc44e6a7a54f,,4550.55,5.0,SEND_MONEY,COMPLETED,Send Money,Simulated SEND_MONEY,False,2026-09-02T18:29:19.718686+00:00,18,0,1.14,1
a1dea19bbcae2c088d79944928342527,TXN-319C50B5,ba184c813197d29e79ddc76c6d457c16,cce557b7c5670116283705cc1e96e85a,cce557b7c5670116283705cc1e96e85a,10608.84,15.0,CASH_OUT,COMPLETED,Cash Out,Simulated CASH_OUT,False,2026-08-03T13:38:32.718686+00:00,13,0,4.5,1
a4faf052ce9362fb8223c33fec9562e1,TXN-4AA8DCCF,94c1c7dc8088ba9666392ead9b770797,5702a1644e9aebb91bb00367c4c52710,,270.68,0.0,RECHARGE,COMPLETED,Recharge,Simulated RECHARGE,False,2026-08-20T12:41:05.718686+00:00,12,0,-1.24,1
a53fe6bb75c862f8d9af16be450dd012,TXN-B8ED885E,ba43d28df7fba6619bbe4dc11c06298b,cf34c4e00ac75bb140c3d733b7d0acdf,,261.5,0.0,RECHARGE,COMPLETED,Recharge,Simulated RECHARGE,False,2026-08-29T21:27:55.718686+00:00,21,0,-1.24,1
10928156ffc234aa98bddb480f99f737,TXN-9A4BD691,c3b37cdf478b5f1365d70e59a9bc7db5,9708ab5e440dc80ab8deaa5aa649c2a6,c3b37cdf478b5f1365d70e59a9bc7db5,8965.65,0.0,CASH_IN,COMPLETED,Cash In,Simulated CASH_IN,False,2026-07-16T15:01:08.718686+00:00,15,0,3.59,1
b49dac5614e4fe34bc5412dd3c1dd2fb,TXN-7AB7C884,ab033cdcb66402849ab1b6df20d638bb,d0b4cd2df32ef122a0c71b82035e6dc3,,394.17,5.0,SEND_MONEY,COMPLETED,Send Money,Simulated SEND_MONEY,False,2026-09-15T12:24:20.718686+00:00,12,0,-1.17,1
cea4bfa3653b54fe1bd0b8577465c601,TXN-66259BFE,4c64ccf00086f53c7786ee74543a024a,76d2086982f4a9e6bed9b3147eed7cbc,,4898.58,5.0,SEND_MONEY,COMPLETED,Send Money,Simulated SEND_MONEY,False,2026-10-03T15:34:37.718686+00:00,15,0,1.33,1
70a203fdf9024e041147b1b3c8305a75,TXN-D8F002A0,f60a322e38c9343ece39f96df2f9dd6e,887489e7c99502841ba83eec893afe1d,,4813.01,5.0,SEND_MONEY,COMPLETED,Send Money,Simulated SEND_MONEY,False,2026-07-28T12:07:31.718686+00:00,12,0,1.29,1
06634d8fd7c3ff79caf9744ac1124580,TXN-ED79A0AA,48788294ece10d689d0579adc948163a,887489e7c99502841ba83eec893afe1d,,248.85,0.0,RECHARGE,COMPLETED,Recharge,Simulated RECHARGE,False,2026-07-22T23:42:43.718686+00:00,23,0,-1.25,1
ae307e0f86206c4cf3ad7f4ec986e099,TXN-50840A1C,c72d75458cab25be0e2c630a41129bf2,5d4470618fa83366c874eea88d34d4d1,,4644.11,5.0,SEND_MONEY,COMPLETED,Send Money,Simulated SEND_MONEY,False,2026-08-12T13:07:47.718686+00:00,13,0,1.19,1
9ca9d45486bf889b4fc0206fbd6752a3,TXN-36528432,ba43d28df7fba6619bbe4dc11c06298b,5c110f190a3951baa533cec59ffb6aa1,,17836.24,5.0,SEND_MONEY,COMPLETED,Send Money,Simulated SEND_MONEY,False,2026-08-06T20:49:10.718686+00:00,20,0,8.52,1
8993ebce923239c5fe036d702dfec528,TXN-7C7FEFBB,a87506818a081f5835a17049b1ca9b41,2fe489dc20c1708cfa581d796a164a05,,2388.37,0.0,MERCHANT_PAY,COMPLETED,Merchant Pay,Simulated MERCHANT_PAY,False,2026-07-19T19:59:42.718686+00:00,19,0,-0.06,1
8bcec54c6671db77a50bbf6301bfb39a,TXN-A0E5653E,b13eb846b74a47cc34cd153c313fc9b4,bdd1bcc71ed6717c4a5f4df6a382d2c0,,81.24,0.0,RECHARGE,COMPLETED,Recharge,Simulated RECHARGE,False,2026-07-06T22:11:51.718686+00:00,22,0,-1.34,1
aa388bd9507f84d211c1e22b043d3bf8,TXN-D3F600CE,c85db54ea070ffe0c9c2c638737e31ca,6574d17462a87d1730068b859da056f2,,2278.7,5.0,SEND_MONEY,COMPLETED,Send Money,Simulated SEND_MONEY,False,2026-07-25T01:33:54.718686+00:00,1,1,-0.12,1
defd5746cd3d2cf9840934e1d013e28c,TXN-56BE1A71,bdd1bcc71ed6717c4a5f4df6a382d2c0,6fa7dee9d506c590d0adc559242b754b,,1103.03,0.0,MERCHANT_PAY,COMPLETED,Merchant Pay,Simulated MERCHANT_PAY,False,2026-07-10T22:20:50.718686+00:00,22,0,-0.78,1
28d686fc5acaa7273fc2eb3883a91275,TXN-A3F117AF,d604f2ebd984a759fc53f682396031cd,163b7bf9da2842a111d4d8c94377f29f,,3996.28,5.0,SEND_MONEY,COMPLETED,Send Money,Simulated SEND_MONEY,False,2026-09-30T19:40:55.718686+00:00,19,0,0.83,1
53c46dbfe0197c4327cd0aaa4eac0695,TXN-36EC1AB7,035c936add07d70d3d44b37710f68d9b,b780a4cf9f6267374ca9ca7c3042586f,,1017.58,0.0,BILL_PAY,COMPLETED,Bill Pay,Simulated BILL_PAY,False,2026-09-17T21:05:03.718686+00:00,21,0,-0.82,1
4e3fc097900b245f76b523ff3f8fdb5d,TXN-78500708,035c936add07d70d3d44b37710f68d9b,9708ab5e440dc80ab8deaa5aa649c2a6,,2901.45,0.0,BILL_PAY,COMPLETED,Bill Pay,Simulated BILL_PAY,False,2026-07-17T08:43:35.718686+00:00,8,0,0.22,1
11111615142f64a53f0c2b8aa543889c,TXN-FC70C858,6a060089e6f56f9afb27d9b83a2b7c9f,3db00c6efa2ff90560fd5e189b42a097,,3358.52,0.0,BILL_PAY,COMPLETED,Bill Pay,Simulated BILL_PAY,False,2026-07-10T23:23:03.718686+00:00,23,0,0.48,1
83b8720106bab4e08807ac40808f6408,TXN-40C9319A,10331bea5f8789681791495ed9517fe2,942a55200af93c74d921d93f2beb656e,,2027.43,5.0,SEND_MONEY,COMPLETED,Send Money,Simulated SEND_MONEY,False,2026-08-06T13:17:44.718686+00:00,13,0,-0.26,1
f3c76dd756eefed90c916ca988ac5d5e,TXN-150391B5,3e8f0387819d64fd0b03881045eac7c8,b59d7cf42c5bfc03b00fa5ae8417f581,,133.58,0.0,MERCHANT_PAY,COMPLETED,Merchant Pay,Simulated MERCHANT_PAY,False,2026-07-30T21:54:21.718686+00:00,21,0,-1.31,1
82a6ffc8384e361ddc88c1c4b3fa76b2,TXN-BB12C46C,fadf4e0aa4e6db699191d450e3cfca90,2e83ddfe2c55078090a49c56b71a1ae2,,1907.54,0.0,MERCHANT_PAY,COMPLETED,Merchant Pay,Simulated MERCHANT_PAY,False,2026-08-28T07:54:31.718686+00:00,7,0,-0.33,1
aacf97f711e5ae240e462a4f54d6a40a,TXN-6828262B,a87506818a081f5835a17049b1ca9b41,52431bf282c88707e62fd18b75abcf77,,2873.38,0.0,BILL_PAY,COMPLETED,Bill Pay,Simulated BILL_PAY,False,2026-07-24T20:39:11.718686+00:00,20,0,0.21,1
54831c006fae36c75c426dc3009dfbd4,TXN-1424ACB7,ba62a89e273f83051020288c4d221f17,00bf0432ba6bf892a4b11dc619ce7ad3,,97.67,0.0,RECHARGE,COMPLETED,Recharge,Simulated RECHARGE,False,2026-08-07T04:31:54.718686+00:00,4,1,-1.33,1
07052a685b6eeb571cb85de972c1e51e,TXN-EDDCD8D4,36abffacfee81ff100accb009afd7377,1cd31cec7165b0f999e22f35ea0f297b,,3081.91,5.0,SEND_MONEY,COMPLETED,Send Money,Simulated SEND_MONEY,False,2026-08-18T17:54:05.718686+00:00,17,0,0.32,1
00656fb0b6838e2975dc4e749f3e3de2,TXN-AB3BFF9E,d3c308a1208710510c3bcb610dc42d08,85f0ded8f46c29dac6e1885bc1cd8cb0,,2101.66,0.0,MERCHANT_PAY,COMPLETED,Merchant Pay,Simulated MERCHANT_PAY,False,2026-08-23T22:29:41.718686+00:00,22,0,-0.22,1
e726e47bd1e73bf7702d75bc2344582d,TXN-AC3EB9CD,9f29423a96953422c38499fabad1f7e2,d2c0e952054db218612de01b8b401e3d,9f29423a96953422c38499fabad1f7e2,11343.82,0.0,CASH_IN,COMPLETED,Cash In,Simulated CASH_IN,False,2026-08-26T22:35:42.718686+00:00,22,0,4.91,1
e08e2db6dc2c116678a3958a236f39c2,TXN-10B48204,81253f4aa18bb992bcd0e6e9b1fa0507,cd014c6c636613884125f62c886cd09e,,3355.87,0.0,BILL_PAY,COMPLETED,Bill Pay,Simulated BILL_PAY,False,2026-09-09T12:16:38.718686+00:00,12,0,0.48,1
8b456bb22a89034d7bd3dd71e40f16d1,TXN-D98DA496,fc9c1388504a06a82f25be52c4a6f5a5,f60a322e38c9343ece39f96df2f9dd6e,,6917.75,5.0,SEND_MONEY,COMPLETED,Send Money,Simulated SEND_MONEY,False,2026-10-01T16:04:50.718686+00:00,16,0,2.45,1
a368163806cd2ae5d006741fe1cf706f,TXN-EF67146F,61874613550dc5121fdaaac0737a643d,137a8acc36e33a1b4682c358e6592082,,1516.85,0.0,BILL_PAY,COMPLETED,Bill Pay,Simulated BILL_PAY,False,2026-09-28T15:27:53.718686+00:00,15,0,-0.55,1
339214e9be4988ef144fb63d6997fa17,TXN-041F3E77,b59d7cf42c5bfc03b00fa5ae8417f581,0e65de46311e9c847c499c11aa845484,0e65de46311e9c847c499c11aa845484,1899.94,15.0,CASH_OUT,COMPLETED,Cash Out,Simulated CASH_OUT,False,2026-07-23T03:50:54.718686+00:00,3,1,-0.33,1
89e1341b44578342dea8908a72f6319c,TXN-E392DDDC,db05a31aa77a8230c08e634a3795fe26,b59d7cf42c5bfc03b00fa5ae8417f581,,135.63,0.0,RECHARGE,COMPLETED,Recharge,Simulated RECHARGE,False,2026-07-30T18:51:19.718686+00:00,18,0,-1.31,1
1fad4eae63f0436ad02d679d3532564f,TXN-2159951F,7e25924565710a7c41b0ba3c9f3bfbe9,65934a85ba1c9c2d039acb02a4e9f5a7,,1825.04,0.0,MERCHANT_PAY,COMPLETED,Merchant Pay,Simulated MERCHANT_PAY,False,2026-08-25T18:36:35.718686+00:00,18,0,-0.37,1
bff2afa2c0f9a648edfe5bcfb7d58b73,TXN-6BEA11E7,4c576c0ae86216b6f6e0065855ef4b55,a2e926c1267324ec26163a35e075df06,,2010.56,0.0,MERCHANT_PAY,COMPLETED,Merchant Pay,Simulated MERCHANT_PAY,False,2026-10-02T14:06:54.718686+00:00,14,0,-0.27,1
268d9265dac8b50464d2ffdc8f7c442d,TXN-FC86752C,7e25924565710a7c41b0ba3c9f3bfbe9,b105797ce7097a9d7175762f71c33e73,,675.83,0.0,MERCHANT_PAY,COMPLETED,Merchant Pay,Simulated MERCHANT_PAY,False,2026-09-25T05:48:22.718686+00:00,5,1,-1.01,2
d8dafe638fa08799f0ae9b377732c171,TXN-8C96EB20,b56e04675e530859a4cde7562b4786e5,fe650fe8f7f1b92ef09c9e9930e4af3f,,203.51,0.0,RECHARGE,COMPLETED,Recharge,Simulated RECHARGE,False,2026-08-24T15:14:28.718686+00:00,15,0,-1.28,1
b6da8394d5df4fe22b727f8ee7495b12,TXN-3654A222,cf34c4e00ac75bb140c3d733b7d0acdf,4c78b5ebb63af8ec922f3fa771763324,,1944.2,5.0,SEND_MONEY,COMPLETED,Send Money,Simulated SEND_MONEY,False,2026-07-16T00:02:17.718686+00:00,0,0,-0.31,1
4c80fb28ee6cc793852c5d4e8c46c19a,TXN-7E695E24,6ab9575a1b7d1060f24d980c1141bfa8,4c576c0ae86216b6f6e0065855ef4b55,,166.66,0.0,RECHARGE,COMPLETED,Recharge,Simulated RECHARGE,False,2026-09-23T04:44:40.718686+00:00,4,1,-1.3,1
ae61d415bdd75932ce89bd009404eec1,TXN-09C4AAFC,995a897619c18fbb346657bdfc41c6f7,57707b18e970117a25c5297be1006ebb,,2126.17,0.0,MERCHANT_PAY,COMPLETED,Merchant Pay,Simulated MERCHANT_PAY,False,2026-09-17T07:28:23.718686+00:00,7,0,-0.21,1
63000efd765aa3d0b4dbf75796ca6fbe,TXN-A361C26E,3db00c6efa2ff90560fd5e189b42a097,a2e926c1267324ec26163a35e075df06,,15099.96,5.0,SEND_MONEY,COMPLETED,Send Money,Simulated SEND_MONEY,False,2026-09-02T03:38:46.718686+00:00,3,1,7.0,1
35798af7f9d3b33208efd3639a5801b9,TXN-200F05EB,24854d7b3ae8bedc178ece65566f1a29,59b4db4760e9c7b71f89662b46b5744d,59b4db4760e9c7b71f89662b46b5744d,7652.43,15.0,CASH_OUT,COMPLETED,Cash Out,Simulated CASH_OUT,False,2026-08-10T19:30:26.718686+00:00,19,0,2.86,1
98f9f1e95367de7846abcb0b98d4caaa,TXN-D2FDE967,f60a322e38c9343ece39f96df2f9dd6e,ba43d28df7fba6619bbe4dc11c06298b,,1686.16,5.0,SEND_MONEY,COMPLETED,Send Money,Simulated SEND_MONEY,False,2026-08-27T21:49:36.718686+00:00,21,0,-0.45,1
3c61d4158f82cc77f4ab91ea6bc17957,TXN-CA6DC5B4,a780a78582d457ca210edde8e3c1d88d,914ea800aac501972796ea5d55d04ec0,,3886.05,5.0,SEND_MONEY,COMPLETED,Send Money,Simulated SEND_MONEY,False,2026-09-16T08:36:53.718686+00:00,8,0,0.77,1
957fb624e6954fa52915eb5b9cb51f7e,TXN-89156D62,d1e7a9987d0f9ba4aae3ede8a912f4e5,c85db54ea070ffe0c9c2c638737e31ca,,690.34,0.0,BILL_PAY,COMPLETED,Bill Pay,Simulated BILL_PAY,False,2026-07-07T18:40:57.718686+00:00,18,0,-1.01,1
9cf441b45615705ad5cf86298d972146,TXN-7453A15F,28bad9c9332ec0e5025efc44e6a7a54f,b62a999cc4eeb9376b4dda8f15f3b983,,1417.56,0.0,MERCHANT_PAY,COMPLETED,Merchant Pay,Simulated MERCHANT_PAY,False,2026-07-20T20:28:54.718686+00:00,20,0,-0.6,1
54e78bca1a1e239582ce9ec3f3fa1f3e,TXN-29AB82DE,fe650fe8f7f1b92ef09c9e9930e4af3f,f63764957f52e118034140e73b764fd8,,4496.87,5.0,SEND_MONEY,COMPLETED,Send Money,Simulated SEND_MONEY,False,2026-08-21T17:32:44.718686+00:00,17,0,1.11,1
57d9c40e33455a7ee9e992dd5cc5e456,TXN-19A376BE,3b07bdc1c386d1c7a5047c4d4a4a0ea7,10331bea5f8789681791495ed9517fe2,,369.83,0.0,MERCHANT_PAY,COMPLETED,Merchant Pay,Simulated MERCHANT_PAY,False,2026-10-01T17:16:27.718686+00:00,17,0,-1.18,1
200fedd72d4e8e48689f0014971ac11a,TXN-7C55F02D,93ed20f7af298133b5d5c110715e43f5,9ca2c035804c1751d9bb84108e46b24b,,1614.95,0.0,BILL_PAY,COMPLETED,Bill Pay,Simulated BILL_PAY,False,2026-09-29T18:30:45.718686+00:00,18,0,-0.49,1
59633d769dafbf20a4d4edc49229bc57,TXN-171D8CE1,d2c0e952054db218612de01b8b401e3d,6fa7dee9d506c590d0adc559242b754b,,1580.98,0.0,BILL_PAY,COMPLETED,Bill Pay,Simulated BILL_PAY,False,2026-08-31T22:23:55.718686+00:00,22,0,-0.51,1
3dfc641cb20ca23d0eaace766d5a9f8e,TXN-1531F61C,c85db54ea070ffe0c9c2c638737e31ca,4c64ccf00086f53c7786ee74543a024a,,449.25,0.0,BILL_PAY,COMPLETED,Bill Pay,Simulated BILL_PAY,False,2026-07-20T03:44:11.718686+00:00,3,1,-1.14,2
a78fc76a7f345fc35ce52acaf0b7bc49,TXN-F4CC3E11,dfcc900c6dbec41542ed1b6650d9edf5,016214150e97fb9ec49141665b32485f,,138.49,0.0,RECHARGE,COMPLETED,Recharge,Simulated RECHARGE,False,2026-08-22T05:26:28.718686+00:00,5,1,-1.31,1
87bcb6dcaaddc3d4cd85f44724b8a3b4,TXN-DBEADFC3,21432700fffec608e4fd2fb0ddb36d82,3b07bdc1c386d1c7a5047c4d4a4a0ea7,,1053.6,5.0,SEND_MONEY,COMPLETED,Send Money,Simulated SEND_MONEY,False,2026-10-01T00:04:41.718686+00:00,0,0,-0.8,1
4c79658699fb1a7779e2d96f09036e9a,TXN-0BD74DF6,6a060089e6f56f9afb27d9b83a2b7c9f,67108e809ac0c87e3f3f926a9e8a9569,,694.94,0.0,BILL_PAY,COMPLETED,Bill Pay,Simulated BILL_PAY,False,2026-08-13T01:50:42.718686+00:00,1,1,-1.0,1
a1ee29c2ed54f87c0f3c169fa11ad792,TXN-CFA637E5,df17af4790a0efbcb2dd7af3dc7310ac,8dec199f53c51c5628944251dda68691,,1983.7,5.0,SEND_MONEY,COMPLETED,Send Money,Simulated SEND_MONEY,False,2026-07-10T00:48:59.718686+00:00,0,0,-0.29,1
1f64dbeb2232cc85f6441b0d4cee4efd,TXN-8A279074,b1a66b3f63e51e2a843b9028fcb6ded2,2fe489dc20c1708cfa581d796a164a05,b1a66b3f63e51e2a843b9028fcb6ded2,1375.05,0.0,CASH_IN,COMPLETED,Cash In,Simulated CASH_IN,False,2026-08-24T23:59:57.718686+00:00,23,0,-0.62,1
41108a8804eedd44fbe7329753c2103d,TXN-17D3B7E6,ba43d28df7fba6619bbe4dc11c06298b,d0b4cd2df32ef122a0c71b82035e6dc3,,2243.8,0.0,MERCHANT_PAY,COMPLETED,Merchant Pay,Simulated MERCHANT_PAY,False,2026-08-22T15:59:44.718686+00:00,15,0,-0.14,1
c324eacc914676df014d19e895ef9797,TXN-F9D28ED4,d491f477c542d1707119e8c77ba730c8,56d3630d48a7c5213076e6c42c8e9cc3,56d3630d48a7c5213076e6c42c8e9cc3,16617.08,15.0,CASH_OUT,COMPLETED,Cash Out,Simulated CASH_OUT,False,2026-10-02T09:42:31.718686+00:00,9,0,7.84,1
7423f7ad720140714d1d3b3f9c839bf7,TXN-A0D2EF60,ec6e284035e6331bdc37fe8d94a47b09,d3c308a1208710510c3bcb610dc42d08,,60.79,0.0,RECHARGE,COMPLETED,Recharge,Simulated RECHARGE,False,2026-10-02T01:40:32.718686+00:00,1,1,-1.36,2
1f29379fd53e11e25b08eed27e80b75e,TXN-24401C7B,76d2086982f4a9e6bed9b3147eed7cbc,6ab9575a1b7d1060f24d980c1141bfa8,,1769.17,0.0,BILL_PAY,COMPLETED,Bill Pay,Simulated BILL_PAY,False,2026-07-16T19:22:23.718686+00:00,19,0,-0.41,1
3a373880d3feffdea5721ff9b6d1aca5,TXN-632DA5F6,137a8acc36e33a1b4682c358e6592082,0f2255d256be218b494e0e4b1a7f5e1c,,418.29,0.0,RECHARGE,COMPLETED,Recharge,Simulated RECHARGE,False,2026-07-21T12:00:05.718686+00:00,12,0,-1.16,1
084b00ee6575a38787b292cb23f3b3d5,TXN-1A37B662,c93486184196482ee09eeb5394eb3284,61874613550dc5121fdaaac0737a643d,,950.13,0.0,MERCHANT_PAY,COMPLETED,Merchant Pay,Simulated MERCHANT_PAY,False,2026-07-20T23:16:10.718686+00:00,23,0,-0.86,1
3f17884602885603a888deb2620df5c5,TXN-33595CBB,cd014c6c636613884125f62c886cd09e,9f29423a96953422c38499fabad1f7e2,9f29423a96953422c38499fabad1f7e2,5795.65,15.0,CASH_OUT,COMPLETED,Cash Out,Simulated CASH_OUT,False,2026-09-15T16:36:20.718686+00:00,16,0,1.83,1
0185c2598265eb5198a2cb9470f3a9f9,TXN-3EA02386,e2b37ac0f1e35aae80becc0986504993,5c110f190a3951baa533cec59ffb6aa1,,2296.69,5.0,SEND_MONEY,COMPLETED,Send Money,Simulated SEND_MONEY,False,2026-08-26T11:00:41.718686+00:00,11,0,-0.11,1
f7c9b4de0e584e64f15f8b1b08d5cc3a,TXN-5E6AEE52,76d2086982f4a9e6bed9b3147eed7cbc,97732b7d2a0cf42e45df8e38eede305b,97732b7d2a0cf42e45df8e38eede305b,16955.35,15.0,CASH_OUT,COMPLETED,Cash Out,Simulated CASH_OUT,False,2026-08-01T23:09:10.718686+00:00,23,0,8.03,1
a821a3e51de6f3979b2b41a721731026,TXN-45375783,b105797ce7097a9d7175762f71c33e73,4c64ccf00086f53c7786ee74543a024a,,2445.13,0.0,BILL_PAY,COMPLETED,Bill Pay,Simulated BILL_PAY,False,2026-07-25T06:11:31.718686+00:00,6,0,-0.03,1
acde6f205ffea2021e4d34bfd8ee57ae,TXN-892F82F2,09f548833bd96f4cda1bac60ea3bdfe9,3e8f0387819d64fd0b03881045eac7c8,,4798.02,5.0,SEND_MONEY,COMPLETED,Send Money,Simulated SEND_MONEY,False,2026-10-01T16:34:37.718686+00:00,16,0,1.28,1
1dfe695a47e93839af0407c259f16fe5,TXN-C4493BA3,1b99ddafaa28f74dc164af9e24830bad,b7602bda5c16c93cd75c0dbcdd2f6d6c,,138.1,0.0,RECHARGE,COMPLETED,Recharge,Simulated RECHARGE,False,2026-09-23T05:52:48.718686+00:00,5,1,-1.31,2
39de571f766b012c78b2ae934b138fce,TXN-7A9356A2,94c1c7dc8088ba9666392ead9b770797,a9471c06d90eef52295526c0ef9c12bf,,751.73,0.0,MERCHANT_PAY,COMPLETED,Merchant Pay,Simulated MERCHANT_PAY,False,2026-09-25T21:46:06.718686+00:00,21,0,-0.97,1
d957551396271cc3064b4187702fb067,TXN-F01373ED,45b882f3960f148988c5b8fe01addac1,d2c0e952054db218612de01b8b401e3d,,15038.21,5.0,SEND_MONEY,BLOCKED,Send Money,Simulated SEND_MONEY,True,2026-09-06T05:04:08.718686+00:00,5,1,6.97,1
ecafa73d851b8a766e8b69723f9c45fc,TXN-38258880,b9376a572eeedc5c8dfd978d9d452846,4c576c0ae86216b6f6e0065855ef4b55,,237.6,0.0,MERCHANT_PAY,COMPLETED,Merchant Pay,Simulated MERCHANT_PAY,False,2026-08-23T23:56:41.718686+00:00,23,0,-1.26,1
e418805894f11bb7f03b97a41f09ba34,TXN-4BFFCCE5,a9471c06d90eef52295526c0ef9c12bf,b9ee744cc6893b8e4e16d19dfafb9284,b9ee744cc6893b8e4e16d19dfafb9284,9079.8,15.0,CASH_OUT,COMPLETED,Cash Out,Simulated CASH_OUT,False,2026-09-04T17:30:21.718686+00:00,17,0,3.66,1
d16192d3e0e7980a17162f61d3d8ee32,TXN-490C2948,7e25924565710a7c41b0ba3c9f3bfbe9,422286bab6d7b8eea429bfee3894aa7b,422286bab6d7b8eea429bfee3894aa7b,5447.66,15.0,CASH_OUT,COMPLETED,Cash Out,Simulated CASH_OUT,False,2026-07-14T23:56:10.718686+00:00,23,0,1.64,1
65bc66207a1824e40188815332947205,TXN-3E417615,687322ba46ad7d1a6dcdcbed6b3c57d9,ec6e284035e6331bdc37fe8d94a47b09,,343.15,0.0,RECHARGE,COMPLETED,Recharge,Simulated RECHARGE,False,2026-07-15T14:12:23.718686+00:00,14,0,-1.2,1
be1731c67b3a029169fde33f554512cc,TXN-BFE37A79,ba43d28df7fba6619bbe4dc11c06298b,d2c0e952054db218612de01b8b401e3d,,1503.12,0.0,BILL_PAY,COMPLETED,Bill Pay,Simulated BILL_PAY,False,2026-09-28T20:54:57.718686+00:00,20,0,-0.55,1
42b3228f296b5313f63ecbdc38db3928,TXN-3266801B,641575d590fb761036ec5b80cdf1203a,ba3acf686a1a0d53a2f66a6207dcd795,,101.27,0.0,MERCHANT_PAY,COMPLETED,Merchant Pay,Simulated MERCHANT_PAY,False,2026-07-28T19:46:57.718686+00:00,19,0,-1.33,1
6271260fba537a459a411d10881309c7,TXN-4C5F5839,ec39bb7cabcf592c12d346c409defd7e,d5ad98674d6c69eab07fbb6c5f6ec434,,4354.35,5.0,SEND_MONEY,COMPLETED,Send Money,Simulated SEND_MONEY,False,2026-07-25T18:08:01.718686+00:00,18,0,1.03,1
e2fe826f02f6712fca7f74440605bc4b,TXN-2195D634,b7602bda5c16c93cd75c0dbcdd2f6d6c,fe650fe8f7f1b92ef09c9e9930e4af3f,,56.32,0.0,RECHARGE,COMPLETED,Recharge,Simulated RECHARGE,False,2026-07-25T04:47:09.718686+00:00,4,1,-1.36,2
d83585c3798ab00a7a29bd2613cf79c7,TXN-7BD40C4C,36abffacfee81ff100accb009afd7377,ec6e284035e6331bdc37fe8d94a47b09,,7803.05,5.0,SEND_MONEY,COMPLETED,Send Money,Simulated SEND_MONEY,False,2026-09-02T08:22:20.718686+00:00,8,0,2.95,1
0bba92482bd6d96a097db7d02da89c5a,TXN-405F80A8,163b7bf9da2842a111d4d8c94377f29f,65fb813c4a8070e7d6f1e3c595c14972,65fb813c4a8070e7d6f1e3c595c14972,1890.31,15.0,CASH_OUT,COMPLETED,Cash Out,Simulated CASH_OUT,False,2026-07-16T15:30:24.718686+00:00,15,0,-0.34,1
810a73b77ce9296169a1254c3951b46d,TXN-0F0469C5,24854d7b3ae8bedc178ece65566f1a29,fd47a55fd1e7be8b66eb4061f0a37bc1,,1240.37,0.0,MERCHANT_PAY,COMPLETED,Merchant Pay,Simulated MERCHANT_PAY,False,2026-09-17T12:54:09.718686+00:00,12,0,-0.7,1
3cf96af352d7dcb62efa27c4ce897c84,TXN-6D0ABF98,97732b7d2a0cf42e45df8e38eede305b,137a8acc36e33a1b4682c358e6592082,97732b7d2a0cf42e45df8e38eede305b,10775.97,0.0,CASH_IN,COMPLETED,Cash In,Simulated CASH_IN,False,2026-08-01T16:33:48.718686+00:00,16,0,4.6,1
608794cda3ec29ab5f52eb582a42510f,TXN-2FF18177,d6b3bdced8ec51ba8bfd3d4c8c1cf865,8370e53dac1eee251fae5e9d3383e82d,,25.56,0.0,RECHARGE,COMPLETED,Recharge,Simulated RECHARGE,False,2026-08-23T05:33:45.718686+00:00,5,1,-1.37,2
f65fe746b94b809a8808b781099c4871,TXN-B90164AE,91c41a04edd64e4c32a0af71604f336a,8dec199f53c51c5628944251dda68691,,485.88,5.0,SEND_MONEY,COMPLETED,Send Money,Simulated SEND_MONEY,False,2026-07-10T23:21:47.718686+00:00,23,0,-1.12,1
ebfd5e0c39a6b139ad52ee7964a1adcd,TXN-EFC65713,920d641d4f1838031412092365b508f9,8275aee7949dab0b3757c0d16495741a,,2858.53,0.0,BILL_PAY,BLOCKED,Bill Pay,Simulated BILL_PAY,True,2026-08-11T14:05:25.718686+00:00,14,0,0.2,1
212ec08fec6811327c5922eb23d6b46c,TXN-948EC73B,f89e0aa9ae8d55dcb43d0315270b2238,ec39bb7cabcf592c12d346c409defd7e,,842.05,0.0,MERCHANT_PAY,COMPLETED,Merchant Pay,Simulated MERCHANT_PAY,False,2026-09-15T10:29:39.718686+00:00,10,0,-0.92,1
1d162d310c8153e3163c621e60244542,TXN-0AD902E3,59b4db4760e9c7b71f89662b46b5744d,fd47a55fd1e7be8b66eb4061f0a37bc1,59b4db4760e9c7b71f89662b46b5744d,13387.39,0.0,CASH_IN,COMPLETED,Cash In,Simulated CASH_IN,False,2026-09-19T09:58:47.718686+00:00,9,0,6.05,1
149342801f1cd960382c176b7f1c7eb1,TXN-6AF53A87,6fa7dee9d506c590d0adc559242b754b,b7602bda5c16c93cd75c0dbcdd2f6d6c,,5429.34,5.0,SEND_MONEY,COMPLETED,Send Money,Simulated SEND_MONEY,False,2026-10-01T18:49:13.718686+00:00,18,0,1.63,1
998987a829692cae34194ad4055952c6,TXN-9A9A5510,b105797ce7097a9d7175762f71c33e73,ec6e284035e6331bdc37fe8d94a47b09,,17675.67,5.0,SEND_MONEY,COMPLETED,Send Money,Simulated SEND_MONEY,False,2026-09-04T00:50:33.718686+00:00,0,0,8.43,1
46e778d468fde51452730d35c4b9fe19,TXN-79E409AE,c85db54ea070ffe0c9c2c638737e31ca,641575d590fb761036ec5b80cdf1203a,,3229.7,5.0,SEND_MONEY,COMPLETED,Send Money,Simulated SEND_MONEY,False,2026-08-30T20:28:11.718686+00:00,20,0,0.41,1
8aa44d55592a62279132358c9f9720c1,TXN-8301A73F,65934a85ba1c9c2d039acb02a4e9f5a7,4c78b5ebb63af8ec922f3fa771763324,,86.77,0.0,RECHARGE,COMPLETED,Recharge,Simulated RECHARGE,False,2026-08-16T01:05:13.718686+00:00,1,1,-1.34,1
06ead7d3926d47b9b54d6f1973a327e8,TXN-6306F95B,ec6e284035e6331bdc37fe8d94a47b09,0dd188fb9dd3735e1ba71bddcf9b5680,,1718.61,0.0,MERCHANT_PAY,COMPLETED,Merchant Pay,Simulated MERCHANT_PAY,False,2026-09-10T23:27:22.718686+00:00,23,0,-0.43,1
5a1e9c9dcdf68d5707862f2014bb0235,TXN-C549BBC1,45b882f3960f148988c5b8fe01addac1,29cc202556f422d15cf82e1512bff950,,2693.92,5.0,SEND_MONEY,COMPLETED,Send Money,Simulated SEND_MONEY,False,2026-08-15T15:56:55.718686+00:00,15,0,0.11,1
4d41e512686f6d62aef957393c9773ed,TXN-687A3A6E,0dd188fb9dd3735e1ba71bddcf9b5680,687322ba46ad7d1a6dcdcbed6b3c57d9,,98.23,0.0,RECHARGE,COMPLETED,Recharge,Simulated RECHARGE,False,2026-08-19T03:50:49.718686+00:00,3,1,-1.33,2
bb31f824700761820449937ce55ec20b,TXN-011253CE,035c936add07d70d3d44b37710f68d9b,00bf0432ba6bf892a4b11dc619ce7ad3,,66.33,0.0,RECHARGE,COMPLETED,Recharge,Simulated RECHARGE,False,2026-08-12T01:39:07.718686+00:00,1,1,-1.35,1
1c910cd4c69158f953e4c9d734496e8d,TXN-EFCEF818,92d9cb140eda53d5046b82d656354805,a9471c06d90eef52295526c0ef9c12bf,,3572.58,5.0,SEND_MONEY,COMPLETED,Send Money,Simulated SEND_MONEY,False,2026-09-19T02:29:45.718686+00:00,2,1,0.6,2
c117d2c90e075a967717586192de0370,TXN-C459B616,45b882f3960f148988c5b8fe01addac1,ba184c813197d29e79ddc76c6d457c16,,2700.25,5.0,SEND_MONEY,COMPLETED,Send Money,Simulated SEND_MONEY,False,2026-08-09T08:30:55.718686+00:00,8,0,0.11,1
a8d39cb2db501e95b03b9db6301d13a8,TXN-D613EF63,8275aee7949dab0b3757c0d16495741a,6a060089e6f56f9afb27d9b83a2b7c9f,,1553.05,0.0,MERCHANT_PAY,COMPLETED,Merchant Pay,Simulated MERCHANT_PAY,False,2026-08-17T11:48:49.718686+00:00,11,0,-0.53,1
e243282776c6969da05bfefd97f89ee3,TXN-54970BC0,5ea78e239a56f60e7a73667f804942f5,9e7e17b731d68635812244997dbab941,,270.74,0.0,RECHARGE,COMPLETED,Recharge,Simulated RECHARGE,False,2026-09-12T16:59:06.718686+00:00,16,0,-1.24,1
d1fcb00bb3f78adbd4fb8bbab87e3e5d,TXN-8A7DE476,8275aee7949dab0b3757c0d16495741a,dfcc900c6dbec41542ed1b6650d9edf5,,990.68,5.0,SEND_MONEY,COMPLETED,Send Money,Simulated SEND_MONEY,False,2026-07-07T14:22:50.718686+00:00,14,0,-0.84,1
eddc418d36af11675c3955d47f4651fd,TXN-E18AB4E1,a4363f535992847636e40ad27ccc907f,7e25924565710a7c41b0ba3c9f3bfbe9,,3206.94,5.0,SEND_MONEY,COMPLETED,Send Money,Simulated SEND_MONEY,False,2026-09-10T06:15:06.718686+00:00,6,0,0.39,1
facd8b6796bac527c24b44b8fd0f1d6a,TXN-809054E6,5c65507c2e3b7c0043daa0a1ffae75d3,2560a9c45b7f736ff2833acf0ba23b3e,,199.28,5.0,SEND_MONEY,COMPLETED,Send Money,Simulated SEND_MONEY,False,2026-07-21T22:09:57.718686+00:00,22,0,-1.28,1
b06048dfa1b6025752a3630a96d722ee,TXN-CA61159C,29cc202556f422d15cf82e1512bff950,887489e7c99502841ba83eec893afe1d,,3113.05,5.0,SEND_MONEY,COMPLETED,Send Money,Simulated SEND_MONEY,False,2026-08-22T19:55:27.718686+00:00,19,0,0.34,1
0b6f11af26c41f54b3068e4a8c085f7f,TXN-E82DCAF0,21432700fffec608e4fd2fb0ddb36d82,f073b58ca6bf5f68a77b501b3e16b8fa,,706.77,5.0,SEND_MONEY,COMPLETED,Send Money,Simulated SEND_MONEY,False,2026-08-19T21:28:24.718686+00:00,21,0,-1.0,1
2baf1aa9a2b82f57c40eb1c2e53f6005,TXN-596F9856,ab033cdcb66402849ab1b6df20d638bb,9708ab5e440dc80ab8deaa5aa649c2a6,,893.84,0.0,MERCHANT_PAY,COMPLETED,Merchant Pay,Simulated MERCHANT_PAY,False,2026-09-11T15:15:02.718686+00:00,15,0,-0.89,1
ebcfee3a0112650332c5ffd7fe135536,TXN-CBB483A4,0e65de46311e9c847c499c11aa845484,92d9cb140eda53d5046b82d656354805,0e65de46311e9c847c499c11aa845484,9532.78,0.0,CASH_IN,COMPLETED,Cash In,Simulated CASH_IN,False,2026-08-29T20:27:46.718686+00:00,20,0,3.91,1
9beee151911add7e5cd9f877251ad1b6,TXN-EE5649B5,a780a78582d457ca210edde8e3c1d88d,921012c6b11c284a1771d9b434a6c279,921012c6b11c284a1771d9b434a6c279,6100.35,15.0,CASH_OUT,COMPLETED,Cash Out,Simulated CASH_OUT,False,2026-10-03T05:30:21.718686+00:00,5,1,2.0,2
84156f394caee1669a0221c20f942f48,TXN-21301C6D,5d4470618fa83366c874eea88d34d4d1,e2725c5bff2b6162cf06fb1afa9b4940,,95.63,0.0,RECHARGE,COMPLETED,Recharge,Simulated RECHARGE,False,2026-07-29T00:31:35.718686+00:00,0,0,-1.34,1
8334c62fe1444654263c3a2af1317380,TXN-CABD278D,2f12019338fde08f7f9d2612b6f5b02b,ba3acf686a1a0d53a2f66a6207dcd795,,7702.86,5.0,SEND_MONEY,COMPLETED,Send Money,Simulated SEND_MONEY,False,2026-09-02T04:14:58.718686+00:00,4,1,2.89,2
28324e77ee3b68b26baabeb3d94327fb,TXN-642E18A6,67108e809ac0c87e3f3f926a9e8a9569,39495bec7941dda30d5ffb10dc7835a0,,1763.55,0.0,MERCHANT_PAY,COMPLETED,Merchant Pay,Simulated MERCHANT_PAY,False,2026-09-18T08:43:31.718686+00:00,8,0,-0.41,1
8f270fe313f4e205dd440aba0528fb39,TXN-FE4361A6,ff0283fc6d6fcb75b58eb34c73cfeaeb,0f2255d256be218b494e0e4b1a7f5e1c,ff0283fc6d6fcb75b58eb34c73cfeaeb,8967.13,0.0,CASH_IN,COMPLETED,Cash In,Simulated CASH_IN,False,2026-09-27T05:00:56.718686+00:00,5,1,3.59,1
34364d9d3eb44d283ec99e60db2c2c75,TXN-9F6293A9,b9376a572eeedc5c8dfd978d9d452846,b56e04675e530859a4cde7562b4786e5,,1859.35,0.0,BILL_PAY,COMPLETED,Bill Pay,Simulated BILL_PAY,False,2026-07-17T17:08:02.718686+00:00,17,0,-0.36,1
d67ec9bd0e402df03f3cb8bbf624f781,TXN-6A77A21D,4c64ccf00086f53c7786ee74543a024a,c72d75458cab25be0e2c630a41129bf2,,77.34,0.0,RECHARGE,COMPLETED,Recharge,Simulated RECHARGE,False,2026-07-10T04:35:23.718686+00:00,4,1,-1.35,2
0af25fd7b907bfc640fd704e61719ae8,TXN-22E74C2B,ab033cdcb66402849ab1b6df20d638bb,92768e2a43ab36f88cb4b3850d783b04,92768e2a43ab36f88cb4b3850d783b04,3665.93,15.0,CASH_OUT,COMPLETED,Cash Out,Simulated CASH_OUT,False,2026-09-15T15:46:55.718686+00:00,15,0,0.65,1
f2a92492730ce9d70bde16d9895a4370,TXN-F51BC21B,4c64ccf00086f53c7786ee74543a024a,d604f2ebd984a759fc53f682396031cd,,2673.52,5.0,SEND_MONEY,BLOCKED,Send Money,Simulated SEND_MONEY,True,2026-07-26T00:50:06.718686+00:00,0,0,0.1,1
43e664765780b75c1f7525695ec22f90,TXN-93362D30,c72d75458cab25be0e2c630a41129bf2,b780a4cf9f6267374ca9ca7c3042586f,,4407.4,5.0,SEND_MONEY,COMPLETED,Send Money,Simulated SEND_MONEY,False,2026-09-16T21:30:57.718686+00:00,21,0,1.06,1
f399dfc9dc953ec5f84de82e9699ef50,TXN-6D67567C,ec6e284035e6331bdc37fe8d94a47b09,0e65de46311e9c847c499c11aa845484,0e65de46311e9c847c499c11aa845484,13714.26,15.0,CASH_OUT,COMPLETED,Cash Out,Simulated CASH_OUT,False,2026-09-03T09:38:46.718686+00:00,9,0,6.23,1
cf1005b5b2436b82e58a92a55a3060eb,TXN-7768B675,df17af4790a0efbcb2dd7af3dc7310ac,7646bcb6920612b5e359b12633365514,,312.64,0.0,RECHARGE,COMPLETED,Recharge,Simulated RECHARGE,False,2026-08-28T22:45:38.718686+00:00,22,0,-1.22,1
f36ed8951aaf4e6b878f709bba97ebf9,TXN-EE6043C1,db05a31aa77a8230c08e634a3795fe26,d491f477c542d1707119e8c77ba730c8,,57.91,0.0,RECHARGE,COMPLETED,Recharge,Simulated RECHARGE,False,2026-07-28T03:42:44.718686+00:00,3,1,-1.36,1
22f6507be23858ecea02cd170aca1882,TXN-BEC697D3,5ea78e239a56f60e7a73667f804942f5,5c110f190a3951baa533cec59ffb6aa1,,290.86,5.0,SEND_MONEY,COMPLETED,Send Money,Simulated SEND_MONEY,False,2026-08-08T11:20:42.718686+00:00,11,0,-1.23,1
6291563ce46b5424fe5f134245674348,TXN-9C439D5E,ba3acf686a1a0d53a2f66a6207dcd795,28bad9c9332ec0e5025efc44e6a7a54f,,408.56,0.0,RECHARGE,COMPLETED,Recharge,Simulated RECHARGE,False,2026-09-01T20:04:13.718686+00:00,20,0,-1.16,1
93f36ee666f110b31ff61da5dc1e5d09,TXN-A069B015,3e8f0387819d64fd0b03881045eac7c8,163b7bf9da2842a111d4d8c94377f29f,,4423.24,5.0,SEND_MONEY,COMPLETED,Send Money,Simulated SEND_MONEY,False,2026-07-25T22:24:41.718686+00:00,22,0,1.07,1
952c7b9da0662443d73ffca0d24c2aa5,TXN-68508108,914ea800aac501972796ea5d55d04ec0,6d9b4fa238dde07f567f7dbd00b23fd7,,1962.85,0.0,MERCHANT_PAY,COMPLETED,Merchant Pay,Simulated MERCHANT_PAY,False,2026-08-08T13:29:13.718686+00:00,13,0,-0.3,1
917c323b9e4d71d3f9a1bb56a0372365,TXN-B589A5D8,995a897619c18fbb346657bdfc41c6f7,e2b37ac0f1e35aae80becc0986504993,,132.01,0.0,RECHARGE,COMPLETED,Recharge,Simulated RECHARGE,False,2026-08-16T03:04:24.718686+00:00,3,1,-1.32,1
04db5dc4d8b2710a9d284d630f70f19e,TXN-174CCD95,9708ab5e440dc80ab8deaa5aa649c2a6,9ca2c035804c1751d9bb84108e46b24b,,1992.69,0.0,MERCHANT_PAY,COMPLETED,Merchant Pay,Simulated MERCHANT_PAY,False,2026-08-04T13:08:09.718686+00:00,13,0,-0.28,1
98c69fdb6c7c392a92c3fc3d95586637,TXN-27B270FC,5aeb81f0b34f243855d547a027205162,93ed20f7af298133b5d5c110715e43f5,,3054.17,5.0,SEND_MONEY,COMPLETED,Send Money,Simulated SEND_MONEY,False,2026-07-14T00:08:24.718686+00:00,0,0,0.31,1
b84344b23f0dce55a457d4c88f47a4f7,TXN-AA6E5A26,3a288796c66b6cb72b3c765d5f0440db,74a9e2d1020eb53493a1eb482d915981,,90.77,0.0,RECHARGE,COMPLETED,Recharge,Simulated RECHARGE,False,2026-08-11T02:51:53.718686+00:00,2,1,-1.34,1
0ad388a13c52ca3ba6072f6d7171de91,TXN-235812F1,bdd1bcc71ed6717c4a5f4df6a382d2c0,3db00c6efa2ff90560fd5e189b42a097,,560.0,5.0,SEND_MONEY,COMPLETED,Send Money,Simulated SEND_MONEY,False,2026-07-15T00:22:26.718686+00:00,0,0,-1.08,1
5c0f599626cb990124f7802da6729929,TXN-8501FEE6,c93486184196482ee09eeb5394eb3284,d529ec7c7730634f441257c91dad22c0,,196.85,0.0,RECHARGE,COMPLETED,Recharge,Simulated RECHARGE,False,2026-07-11T02:10:21.718686+00:00,2,1,-1.28,1
f1f85acdc520e418b0b45ce99b0e9861,TXN-A0B49B73,b9ee744cc6893b8e4e16d19dfafb9284,79a30ec2ffa4cd645fd6ad37bf5a2a92,b9ee744cc6893b8e4e16d19dfafb9284,13081.35,0.0,CASH_IN,COMPLETED,Cash In,Simulated CASH_IN,False,2026-07-15T10:08:08.718686+00:00,10,0,5.88,1
13562f65a6927b301fef1049a370e5fc,TXN-505A0C2B,1e002e71e6b9a839b69d43969374e33e,f1d3d9ce7cc465b1935b28bd8972bcdf,,1510.62,0.0,MERCHANT_PAY,COMPLETED,Merchant Pay,Simulated MERCHANT_PAY,False,2026-09-19T23:05:25.718686+00:00,23,0,-0.55,1
63fd043bf4e9b9a6c4457b8097d48f8e,TXN-F87691DB,cd014c6c636613884125f62c886cd09e,1b99ddafaa28f74dc164af9e24830bad,,1001.19,5.0,SEND_MONEY,COMPLETED,Send Money,Simulated SEND_MONEY,False,2026-07-20T11:34:35.718686+00:00,11,0,-0.83,1
4ad1a8202b5e7d00b2b32579f6d5c6f4,TXN-F594E7E3,79a30ec2ffa4cd645fd6ad37bf5a2a92,942a55200af93c74d921d93f2beb656e,,254.1,5.0,SEND_MONEY,COMPLETED,Send Money,Simulated SEND_MONEY,False,2026-09-15T10:08:06.718686+00:00,10,0,-1.25,1
77b9851151a26b178498a3fce99f9ddc,TXN-AFC8C93E,0f2255d256be218b494e0e4b1a7f5e1c,3b07bdc1c386d1c7a5047c4d4a4a0ea7,,66.92,0.0,RECHARGE,COMPLETED,Recharge,Simulated RECHARGE,False,2026-08-23T05:15:35.718686+00:00,5,1,-1.35,1
299ccb18d55500f98f5aa0fc0be0cea4,TXN-26A90FD4,5c65507c2e3b7c0043daa0a1ffae75d3,d9df0dce0fdbee946099d135178b0651,,1556.0,5.0,SEND_MONEY,COMPLETED,Send Money,Simulated SEND_MONEY,False,2026-09-13T00:42:31.718686+00:00,0,0,-0.52,1
b69a52c5dfdef6bc8c0b8ed43d5d6a3d,TXN-0C93191C,8370e53dac1eee251fae5e9d3383e82d,687322ba46ad7d1a6dcdcbed6b3c57d9,,259.57,0.0,RECHARGE,BLOCKED,Recharge,Simulated RECHARGE,True,2026-08-14T11:52:31.718686+00:00,11,0,-1.24,1
db9859d16b453ac07ac4acc941780130,TXN-EF3124B9,8dec199f53c51c5628944251dda68691,035c936add07d70d3d44b37710f68d9b,,1317.97,0.0,MERCHANT_PAY,COMPLETED,Merchant Pay,Simulated MERCHANT_PAY,False,2026-07-07T07:12:52.718686+00:00,7,0,-0.66,1
6b8d597271c1c3377fdacc676c71a277,TXN-DE29C861,995a897619c18fbb346657bdfc41c6f7,67108e809ac0c87e3f3f926a9e8a9569,,1597.39,0.0,MERCHANT_PAY,COMPLETED,Merchant Pay,Simulated MERCHANT_PAY,False,2026-07-30T09:54:32.718686+00:00,9,0,-0.5,1
ba528227cff83ba0a8f97cb8e8f7ddfe,TXN-575A6E6A,a2e926c1267324ec26163a35e075df06,6ab9575a1b7d1060f24d980c1141bfa8,,218.78,0.0,RECHARGE,COMPLETED,Recharge,Simulated RECHARGE,False,2026-07-26T15:21:13.718686+00:00,15,0,-1.27,1
1dbeac4db8e4da19eb7d34641ca857b6,TXN-01DCC33F,4c64ccf00086f53c7786ee74543a024a,ba3acf686a1a0d53a2f66a6207dcd795,,1889.66,5.0,SEND_MONEY,COMPLETED,Send Money,Simulated SEND_MONEY,False,2026-08-14T23:47:54.718686+00:00,23,0,-0.34,1
71df0e489c20549352148d6e238c1707,TXN-43739251,5d4470618fa83366c874eea88d34d4d1,afcf8f047d02a8cefb9e5053b9802e7a,,4076.18,5.0,SEND_MONEY,COMPLETED,Send Money,Simulated SEND_MONEY,False,2026-08-19T13:21:04.718686+00:00,13,0,0.88,1
63fbd6bdf15ea3277fc8aaa984e2160f,TXN-3D46C7E2,d2c0e952054db218612de01b8b401e3d,a4363f535992847636e40ad27ccc907f,,674.48,0.0,BILL_PAY,COMPLETED,Bill Pay,Simulated BILL_PAY,False,2026-07-25T23:05:06.718686+00:00,23,0,-1.01,1
91d7d8927e4e74d6277e77424bb41dda,TXN-EC2E11AF,f89e0aa9ae8d55dcb43d0315270b2238,b7602bda5c16c93cd75c0dbcdd2f6d6c,,213.07,0.0,RECHARGE,COMPLETED,Recharge,Simulated RECHARGE,False,2026-08-15T05:05:20.718686+00:00,5,1,-1.27,2
9109ea9bf601f97c9c0bccbdd081406b,TXN-3358B497,85f0ded8f46c29dac6e1885bc1cd8cb0,995a897619c18fbb346657bdfc41c6f7,,3168.75,5.0,SEND_MONEY,COMPLETED,Send Money,Simulated SEND_MONEY,False,2026-09-26T08:28:03.718686+00:00,8,0,0.37,1
1dbb5f91e011b7a5368b660c4dbb5060,TXN-BBB8B4E7,c93486184196482ee09eeb5394eb3284,ab033cdcb66402849ab1b6df20d638bb,,24.87,0.0,RECHARGE,COMPLETED,Recharge,Simulated RECHARGE,False,2026-08-17T03:01:42.718686+00:00,3,1,-1.38,1
23ddbb7833a5feca49fcd90ecc4b2bb7,TXN-E35730C4,f5abc8efbbbec1c7c7a75fac1fbeb42a,81253f4aa18bb992bcd0e6e9b1fa0507,f5abc8efbbbec1c7c7a75fac1fbeb42a,1610.53,0.0,CASH_IN,COMPLETED,Cash In,Simulated CASH_IN,False,2026-08-03T17:25:40.718686+00:00,17,0,-0.49,1
611164b1a177a04b45fec8f5b5b7cb7f,TXN-70DAE6D2,d491f477c542d1707119e8c77ba730c8,ac9fb77bcbd378402146779c00a5ffff,,886.42,5.0,SEND_MONEY,COMPLETED,Send Money,Simulated SEND_MONEY,False,2026-09-25T20:38:18.718686+00:00,20,0,-0.9,1
a6cdb612311c02e3e894d3851d7ac4e2,TXN-BFF9E163,f89e0aa9ae8d55dcb43d0315270b2238,24854d7b3ae8bedc178ece65566f1a29,,278.4,0.0,RECHARGE,COMPLETED,Recharge,Simulated RECHARGE,False,2026-09-27T21:41:32.718686+00:00,21,0,-1.23,1
04f8ef2095d5bba22e989e16877de834,TXN-FBBA9728,d1e7a9987d0f9ba4aae3ede8a912f4e5,de5424d71169e0b98a120957644e7040,,2976.82,5.0,SEND_MONEY,COMPLETED,Send Money,Simulated SEND_MONEY,False,2026-08-26T04:26:20.718686+00:00,4,1,0.26,2
dd8aa2c5c5cb7783d427f5f69a2b3f29,TXN-9E7B3EB4,fadf4e0aa4e6db699191d450e3cfca90,1b99ddafaa28f74dc164af9e24830bad,,343.39,0.0,RECHARGE,COMPLETED,Recharge,Simulated RECHARGE,False,2026-08-14T04:43:01.718686+00:00,4,1,-1.2,1
416994cf6e5742b22223e8fb0a296f0d,TXN-3380D29F,65fc47ce4974867b6829d72772afdcf1,de5424d71169e0b98a120957644e7040,,2096.58,0.0,MERCHANT_PAY,COMPLETED,Merchant Pay,Simulated MERCHANT_PAY,False,2026-09-07T09:41:32.718686+00:00,9,0,-0.22,1
f5e34f3200fa9f3aed190ae1b957079a,TXN-F513E239,f60a322e38c9343ece39f96df2f9dd6e,3db00c6efa2ff90560fd5e189b42a097,,4370.55,5.0,SEND_MONEY,COMPLETED,Send Money,Simulated SEND_MONEY,False,2026-09-25T08:13:02.718686+00:00,8,0,1.04,1
3c0e6fffc86588cbe69f60d6b85e5c92,TXN-300C74EF,f89e0aa9ae8d55dcb43d0315270b2238,9ca2c035804c1751d9bb84108e46b24b,,45.36,0.0,RECHARGE,COMPLETED,Recharge,Simulated RECHARGE,False,2026-08-02T04:22:29.718686+00:00,4,1,-1.36,1
70fea09d26c310b5b5315209939dde5e,TXN-65EB7A7F,1e002e71e6b9a839b69d43969374e33e,81253f4aa18bb992bcd0e6e9b1fa0507,,941.01,5.0,SEND_MONEY,COMPLETED,Send Money,Simulated SEND_MONEY,False,2026-08-13T19:55:10.718686+00:00,19,0,-0.87,1
51caf9619ec360ba1de7b87342fda9db,TXN-C33DFB99,29cc202556f422d15cf82e1512bff950,a0a78b533b925cc977153bb8cccf195f,a0a78b533b925cc977153bb8cccf195f,7377.77,15.0,CASH_OUT,COMPLETED,Cash Out,Simulated CASH_OUT,False,2026-08-11T11:16:15.718686+00:00,11,0,2.71,1
3181064150e2766f6bffea31777253b3,TXN-9BA63467,2560a9c45b7f736ff2833acf0ba23b3e,2fe489dc20c1708cfa581d796a164a05,,2201.0,0.0,BILL_PAY,COMPLETED,Bill Pay,Simulated BILL_PAY,False,2026-07-25T08:22:55.718686+00:00,8,0,-0.17,1
76218599ac77ed7e3d27e12deb9f6267,TXN-229F9D85,e11d3919fbbacb05b53b3da8bde233d6,b780a4cf9f6267374ca9ca7c3042586f,,654.86,0.0,BILL_PAY,COMPLETED,Bill Pay,Simulated BILL_PAY,False,2026-07-26T12:17:37.718686+00:00,12,0,-1.03,1
46e52b6b0e9222a948d0db13eb5dbc4e,TXN-537CF9A7,ba184c813197d29e79ddc76c6d457c16,48788294ece10d689d0579adc948163a,,3487.72,5.0,SEND_MONEY,COMPLETED,Send Money,Simulated SEND_MONEY,False,2026-08-29T08:30:43.718686+00:00,8,0,0.55,1
97ea5e614838f450bffaf119dba69a17,TXN-7E400E38,67108e809ac0c87e3f3f926a9e8a9569,f24ec36fe902d9fc366bf6c5c42558c0,,564.14,0.0,MERCHANT_PAY,COMPLETED,Merchant Pay,Simulated MERCHANT_PAY,False,2026-07-30T23:27:48.718686+00:00,23,0,-1.08,1
203687716c1ac8329e23b75c6bf2b080,TXN-CE851498,b7602bda5c16c93cd75c0dbcdd2f6d6c,d1e7a9987d0f9ba4aae3ede8a912f4e5,,1020.38,5.0,SEND_MONEY,COMPLETED,Send Money,Simulated SEND_MONEY,False,2026-09-23T19:16:50.718686+00:00,19,0,-0.82,1
ca70ad1e6b765510251ef2329503285c,TXN-F45207B9,ba184c813197d29e79ddc76c6d457c16,b105797ce7097a9d7175762f71c33e73,,2176.96,5.0,SEND_MONEY,COMPLETED,Send Money,Simulated SEND_MONEY,False,2026-07-06T06:31:34.718686+00:00,6,0,-0.18,1
9a3716ab0f16f6bbd8c1bcaf117e114f,TXN-13184329,f89e0aa9ae8d55dcb43d0315270b2238,b7602bda5c16c93cd75c0dbcdd2f6d6c,,2074.32,0.0,MERCHANT_PAY,COMPLETED,Merchant Pay,Simulated MERCHANT_PAY,False,2026-09-01T08:05:07.718686+00:00,8,0,-0.24,1
9fcf1bfa874a3d306ac937694b116131,TXN-323A82AA,f6b5bf942ce96cc22eedc473be850090,ba43d28df7fba6619bbe4dc11c06298b,,2243.1,0.0,MERCHANT_PAY,COMPLETED,Merchant Pay,Simulated MERCHANT_PAY,False,2026-09-15T01:07:13.718686+00:00,1,1,-0.14,2
6e60db878ec8941075fc89758b9896b9,TXN-07AFB2AE,39495bec7941dda30d5ffb10dc7835a0,09f548833bd96f4cda1bac60ea3bdfe9,,178.99,0.0,RECHARGE,COMPLETED,Recharge,Simulated RECHARGE,False,2026-09-08T05:49:56.718686+00:00,5,1,-1.29,1
1ac377a75d2fcd81c948e5dec320614e,TXN-61B5A211,48788294ece10d689d0579adc948163a,ac9fb77bcbd378402146779c00a5ffff,,3918.31,5.0,SEND_MONEY,COMPLETED,Send Money,Simulated SEND_MONEY,False,2026-08-30T13:41:38.718686+00:00,13,0,0.79,1
ef53408bd197075a039c8bb0377abdb0,TXN-94B9060B,921012c6b11c284a1771d9b434a6c279,9e7e17b731d68635812244997dbab941,921012c6b11c284a1771d9b434a6c279,11036.55,0.0,CASH_IN,COMPLETED,Cash In,Simulated CASH_IN,False,2026-07-26T00:54:48.718686+00:00,0,0,4.74,1
c1ee39d350afab72aabd0942c23495cd,TXN-A762AA90,b56e04675e530859a4cde7562b4786e5,d1e7a9987d0f9ba4aae3ede8a912f4e5,,1540.21,0.0,MERCHANT_PAY,COMPLETED,Merchant Pay,Simulated MERCHANT_PAY,False,2026-08-03T06:18:34.718686+00:00,6,0,-0.53,1
8e5e55fa167a27202f33b8bd7699cc73,TXN-126AE518,422286bab6d7b8eea429bfee3894aa7b,dfcc900c6dbec41542ed1b6650d9edf5,422286bab6d7b8eea429bfee3894aa7b,7902.12,0.0,CASH_IN,COMPLETED,Cash In,Simulated CASH_IN,False,2026-10-02T18:18:40.718686+00:00,18,0,3.0,1
88a804b95935a0f5ad3025744299cf44,TXN-4B743207,cf34c4e00ac75bb140c3d733b7d0acdf,65fc47ce4974867b6829d72772afdcf1,,4509.44,5.0,SEND_MONEY,COMPLETED,Send Money,Simulated SEND_MONEY,False,2026-09-17T23:40:22.718686+00:00,23,0,1.12,1
1d63ca2642ffbf4de3292093b9b31776,TXN-885A27D7,d9df0dce0fdbee946099d135178b0651,6fa7dee9d506c590d0adc559242b754b,,1794.68,0.0,BILL_PAY,COMPLETED,Bill Pay,Simulated BILL_PAY,False,2026-08-09T02:35:49.718686+00:00,2,1,-0.39,1
8aa209e1eaca7df067ecf0f55adbdc48,TXN-D86BD076,81253f4aa18bb992bcd0e6e9b1fa0507,921012c6b11c284a1771d9b434a6c279,921012c6b11c284a1771d9b434a6c279,3642.49,15.0,CASH_OUT,COMPLETED,Cash Out,Simulated CASH_OUT,False,2026-07-20T06:25:09.718686+00:00,6,0,0.63,1
98d77074093a8fe700bc3de567185817,TXN-25BAE817,942a55200af93c74d921d93f2beb656e,5fde7da627ef89562f5d2e5138fcc716,,3623.52,5.0,SEND_MONEY,COMPLETED,Send Money,Simulated SEND_MONEY,False,2026-09-07T00:04:43.718686+00:00,0,0,0.62,1
c34f111de3139fd548d63c8b27ee6869,TXN-36BF2E4B,f1d3d9ce7cc465b1935b28bd8972bcdf,2fe489dc20c1708cfa581d796a164a05,,509.96,0.0,MERCHANT_PAY,COMPLETED,Merchant Pay,Simulated MERCHANT_PAY,False,2026-08-26T13:01:41.718686+00:00,13,0,-1.11,1
5006bdca97b4912037ffa657dcd5ef4a,TXN-EDB9D6E6,a780a78582d457ca210edde8e3c1d88d,422286bab6d7b8eea429bfee3894aa7b,422286bab6d7b8eea429bfee3894aa7b,9464.57,15.0,CASH_OUT,COMPLETED,Cash Out,Simulated CASH_OUT,False,2026-09-01T01:01:24.718686+00:00,1,1,3.87,1
a88e2f9f494826fffa16566400625dce,TXN-E26228D2,885e891c4171db3ca38bbb35f664c8fc,6d9b4fa238dde07f567f7dbd00b23fd7,885e891c4171db3ca38bbb35f664c8fc,1314.65,0.0,CASH_IN,COMPLETED,Cash In,Simulated CASH_IN,False,2026-07-23T14:41:01.718686+00:00,14,0,-0.66,1
55469974bfd1b6f2321300f9ca03b52e,TXN-5B549476,67108e809ac0c87e3f3f926a9e8a9569,74a9e2d1020eb53493a1eb482d915981,,98.82,0.0,RECHARGE,COMPLETED,Recharge,Simulated RECHARGE,False,2026-09-19T04:40:40.718686+00:00,4,1,-1.33,1
112712162982c421379336d9de5c67e6,TXN-A7F40339,5458c6d9f0729c3bde4bb221abc8b6b5,45b882f3960f148988c5b8fe01addac1,,3446.62,5.0,SEND_MONEY,COMPLETED,Send Money,Simulated SEND_MONEY,False,2026-09-20T10:14:24.718686+00:00,10,0,0.53,1
44201036a4bedc9dbc1b163eedad7f66,TXN-DC7C63FF,76d2086982f4a9e6bed9b3147eed7cbc,3b07bdc1c386d1c7a5047c4d4a4a0ea7,,33.55,0.0,RECHARGE,COMPLETED,Recharge,Simulated RECHARGE,False,2026-09-17T03:56:21.718686+00:00,3,1,-1.37,2
283637e9bec8662d00a76339a904b62b,TXN-366CE5CE,f6b5bf942ce96cc22eedc473be850090,4c576c0ae86216b6f6e0065855ef4b55,,1611.79,0.0,MERCHANT_PAY,COMPLETED,Merchant Pay,Simulated MERCHANT_PAY,False,2026-08-11T10:16:41.718686+00:00,10,0,-0.49,1
51ae272167dd536c74e1091845d2fbdc,TXN-7DE21A44,5aeb81f0b34f243855d547a027205162,65fb813c4a8070e7d6f1e3c595c14972,65fb813c4a8070e7d6f1e3c595c14972,2697.25,15.0,CASH_OUT,COMPLETED,Cash Out,Simulated CASH_OUT,False,2026-09-11T21:28:47.718686+00:00,21,0,0.11,1
a2ebb343d603093178292637f9cdcf80,TXN-E9BF91B0,5fde7da627ef89562f5d2e5138fcc716,4c78b5ebb63af8ec922f3fa771763324,,1947.26,0.0,BILL_PAY,COMPLETED,Bill Pay,Simulated BILL_PAY,False,2026-09-20T23:39:32.718686+00:00,23,0,-0.31,1
a94f256f01248e4fc785c03385938f32,TXN-1942B547,fadf4e0aa4e6db699191d450e3cfca90,67108e809ac0c87e3f3f926a9e8a9569,,2406.83,0.0,MERCHANT_PAY,COMPLETED,Merchant Pay,Simulated MERCHANT_PAY,False,2026-07-09T23:33:46.718686+00:00,23,0,-0.05,1
061e3c2e1afc5b3ddbbecd8dd94b8ba6,TXN-3B1DC93F,81253f4aa18bb992bcd0e6e9b1fa0507,1e002e71e6b9a839b69d43969374e33e,,105.99,0.0,RECHARGE,COMPLETED,Recharge,Simulated RECHARGE,False,2026-07-12T18:14:56.718686+00:00,18,0,-1.33,1
a669ac7274b50b1b5e2f18c31df19b16,TXN-BC9928E0,fadf4e0aa4e6db699191d450e3cfca90,687322ba46ad7d1a6dcdcbed6b3c57d9,,1433.31,0.0,MERCHANT_PAY,COMPLETED,Merchant Pay,Simulated MERCHANT_PAY,False,2026-08-02T17:36:38.718686+00:00,17,0,-0.59,1
d6d0e451bac64d0ba3141c03a2439966,TXN-73A88B86,6d9b4fa238dde07f567f7dbd00b23fd7,e2b37ac0f1e35aae80becc0986504993,,3035.77,5.0,SEND_MONEY,COMPLETED,Send Money,Simulated SEND_MONEY,False,2026-09-13T13:39:16.718686+00:00,13,0,0.3,1
900d036a64e2a7e8287c0ede7f8a8c83,TXN-F8DA407F,d0b4cd2df32ef122a0c71b82035e6dc3,56e8207d13bee145b0139e9bb3a77636,,4923.6,5.0,SEND_MONEY,COMPLETED,Send Money,Simulated SEND_MONEY,False,2026-07-19T13:44:13.718686+00:00,13,0,1.35,1
aa17c306131d5932c05259f6c28b30b3,TXN-95829D90,df17af4790a0efbcb2dd7af3dc7310ac,1b99ddafaa28f74dc164af9e24830bad,,1182.34,5.0,SEND_MONEY,COMPLETED,Send Money,Simulated SEND_MONEY,False,2026-08-21T18:03:14.718686+00:00,18,0,-0.73,1
dc3ba065448bb64ffbc5df3a384af974,TXN-1D490FA1,c85db54ea070ffe0c9c2c638737e31ca,1b99ddafaa28f74dc164af9e24830bad,,587.93,0.0,MERCHANT_PAY,COMPLETED,Merchant Pay,Simulated MERCHANT_PAY,False,2026-09-19T15:18:23.718686+00:00,15,0,-1.06,1
4e8bae6e41281c09b5e5d5617d12044b,TXN-06DE5DC6,85f0ded8f46c29dac6e1885bc1cd8cb0,fe650fe8f7f1b92ef09c9e9930e4af3f,,489.8,0.0,RECHARGE,COMPLETED,Recharge,Simulated RECHARGE,False,2026-09-16T00:33:58.718686+00:00,0,0,-1.12,1
9f9a2cfe8128b508c79f3bdcd3b33c0f,TXN-8969C18A,e2725c5bff2b6162cf06fb1afa9b4940,afcf8f047d02a8cefb9e5053b9802e7a,,488.79,0.0,MERCHANT_PAY,COMPLETED,Merchant Pay,Simulated MERCHANT_PAY,False,2026-09-04T18:18:03.718686+00:00,18,0,-1.12,1
5b203f9860a222714bea5deb05d01da6,TXN-F87DD235,56d3630d48a7c5213076e6c42c8e9cc3,5ea78e239a56f60e7a73667f804942f5,56d3630d48a7c5213076e6c42c8e9cc3,2720.25,0.0,CASH_IN,COMPLETED,Cash In,Simulated CASH_IN,False,2026-08-29T07:08:53.718686+00:00,7,0,0.12,1
590accccdc2e1ac06b1bfbec00e9a796,TXN-0D1662A8,8d188907e63291714835adb689e38229,a9471c06d90eef52295526c0ef9c12bf,,438.45,0.0,BILL_PAY,COMPLETED,Bill Pay,Simulated BILL_PAY,False,2026-07-22T15:29:20.718686+00:00,15,0,-1.15,1
c2087918ad4c27a4a22640ad3a349cd9,TXN-C299156F,5c65507c2e3b7c0043daa0a1ffae75d3,016214150e97fb9ec49141665b32485f,,199.63,0.0,RECHARGE,COMPLETED,Recharge,Simulated RECHARGE,False,2026-09-15T08:11:09.718686+00:00,8,0,-1.28,1
a9a68e6a9ca7121b2b3d90d263b98322,TXN-D95B26BF,f89e0aa9ae8d55dcb43d0315270b2238,8275aee7949dab0b3757c0d16495741a,,1819.34,5.0,SEND_MONEY,COMPLETED,Send Money,Simulated SEND_MONEY,False,2026-07-21T21:50:40.718686+00:00,21,0,-0.38,1
6ebcfd8485551bd5baa22ff5c6bbf315,TXN-80C28B62,4c78b5ebb63af8ec922f3fa771763324,f5abc8efbbbec1c7c7a75fac1fbeb42a,f5abc8efbbbec1c7c7a75fac1fbeb42a,1856.0,15.0,CASH_OUT,COMPLETED,Cash Out,Simulated CASH_OUT,False,2026-07-28T00:17:55.718686+00:00,0,0,-0.36,1
6375a981de4bace7ea7305791ca9503e,TXN-03993A8B,ec39bb7cabcf592c12d346c409defd7e,00bf0432ba6bf892a4b11dc619ce7ad3,,25.29,0.0,RECHARGE,COMPLETED,Recharge,Simulated RECHARGE,False,2026-09-28T04:19:39.718686+00:00,4,1,-1.37,2
c6743dd60d6f18d14cbc43aff1997ce3,TXN-944E5DB1,f89e0aa9ae8d55dcb43d0315270b2238,de5424d71169e0b98a120957644e7040,,60.11,0.0,RECHARGE,COMPLETED,Recharge,Simulated RECHARGE,False,2026-08-11T05:26:54.718686+00:00,5,1,-1.36,1
ab387651e73807bc4d3eba8a38a363da,TXN-BB11826C,db05a31aa77a8230c08e634a3795fe26,56d3630d48a7c5213076e6c42c8e9cc3,56d3630d48a7c5213076e6c42c8e9cc3,11358.29,15.0,CASH_OUT,COMPLETED,Cash Out,Simulated CASH_OUT,False,2026-08-04T13:02:48.718686+00:00,13,0,4.92,1
327b343ffa91ef2a34241fbefe783e40,TXN-8F45EB5B,3e8f0387819d64fd0b03881045eac7c8,48788294ece10d689d0579adc948163a,,433.69,0.0,RECHARGE,COMPLETED,Recharge,Simulated RECHARGE,False,2026-07-18T23:38:34.718686+00:00,23,0,-1.15,1
0ce125aec31be5cbbd5593f2047e4556,TXN-157BDE7B,aab296b6ecffd40138e9dd787dd7c62f,f5abc8efbbbec1c7c7a75fac1fbeb42a,f5abc8efbbbec1c7c7a75fac1fbeb42a,7478.89,15.0,CASH_OUT,COMPLETED,Cash Out,Simulated CASH_OUT,False,2026-09-28T00:19:13.718686+00:00,0,0,2.77,1
bdf4a7f136d02c04ad789dfe7220c4e5,TXN-B365B08F,5ea78e239a56f60e7a73667f804942f5,cf34c4e00ac75bb140c3d733b7d0acdf,,1121.44,0.0,MERCHANT_PAY,COMPLETED,Merchant Pay,Simulated MERCHANT_PAY,False,2026-09-25T10:27:34.718686+00:00,10,0,-0.77,1
7eb1db0f3be00f86aa2d05f619451c84,TXN-B6715D4E,d2c0e952054db218612de01b8b401e3d,c93486184196482ee09eeb5394eb3284,,2579.57,0.0,BILL_PAY,COMPLETED,Bill Pay,Simulated BILL_PAY,False,2026-09-23T06:12:24.718686+00:00,6,0,0.04,1
c72866e6587ac81a3d81901eec9c9ed6,TXN-6514C5FA,641575d590fb761036ec5b80cdf1203a,7646bcb6920612b5e359b12633365514,,171.51,0.0,RECHARGE,COMPLETED,Recharge,Simulated RECHARGE,False,2026-09-29T04:42:19.718686+00:00,4,1,-1.29,1
9232139cb26ccca404d76f6fbd4b61d5,TXN-16EBE0DB,aab296b6ecffd40138e9dd787dd7c62f,3e8f0387819d64fd0b03881045eac7c8,,301.68,0.0,MERCHANT_PAY,COMPLETED,Merchant Pay,Simulated MERCHANT_PAY,False,2026-08-16T11:24:14.718686+00:00,11,0,-1.22,1
7e0ddfeb3bf735aa1dd0d8fb978017b9,TXN-008CBEAF,92d9cb140eda53d5046b82d656354805,0fc954a8903d8d3906c6f655090a2772,,1538.29,0.0,MERCHANT_PAY,COMPLETED,Merchant Pay,Simulated MERCHANT_PAY,False,2026-09-24T19:18:28.718686+00:00,19,0,-0.53,1
76e4e5d95c1bae0ba4c3da852d1337da,TXN-DB37F322,163b7bf9da2842a111d4d8c94377f29f,d1e7a9987d0f9ba4aae3ede8a912f4e5,,438.75,0.0,MERCHANT_PAY,COMPLETED,Merchant Pay,Simulated MERCHANT_PAY,False,2026-08-04T06:55:15.718686+00:00,6,0,-1.15,1
fdd00cb67c84f76f169e83e841731845,TXN-C798AB55,3db00c6efa2ff90560fd5e189b42a097,c85db54ea070ffe0c9c2c638737e31ca,,425.17,0.0,RECHARGE,COMPLETED,Recharge,Simulated RECHARGE,False,2026-08-11T21:40:24.718686+00:00,21,0,-1.15,1
88fe63bb7a4dba880ae7f4b661940b1e,TXN-11200794,f6b5bf942ce96cc22eedc473be850090,016214150e97fb9ec49141665b32485f,,1553.52,5.0,SEND_MONEY,COMPLETED,Send Money,Simulated SEND_MONEY,False,2026-09-17T10:19:09.718686+00:00,10,0,-0.53,1
4d8535d578be18152da952f98326288d,TXN-DEF83AED,6a060089e6f56f9afb27d9b83a2b7c9f,fd47a55fd1e7be8b66eb4061f0a37bc1,,755.34,5.0,SEND_MONEY,COMPLETED,Send Money,Simulated SEND_MONEY,False,2026-09-11T18:41:36.718686+00:00,18,0,-0.97,1
4ff9dd4cdab08818ca6147f8dc508d56,TXN-345206D1,016214150e97fb9ec49141665b32485f,b1a66b3f63e51e2a843b9028fcb6ded2,b1a66b3f63e51e2a843b9028fcb6ded2,10552.61,15.0,CASH_OUT,COMPLETED,Cash Out,Simulated CASH_OUT,False,2026-10-02T00:54:37.718686+00:00,0,0,4.47,1
409bdea313defaabbaa98eeeb734a88a,TXN-AE2E368E,24854d7b3ae8bedc178ece65566f1a29,6d9b4fa238dde07f567f7dbd00b23fd7,,517.81,0.0,MERCHANT_PAY,COMPLETED,Merchant Pay,Simulated MERCHANT_PAY,False,2026-09-14T20:04:41.718686+00:00,20,0,-1.1,1
81790d49aaec965d10531c93f66cbdea,TXN-6D73E55F,7646bcb6920612b5e359b12633365514,995a897619c18fbb346657bdfc41c6f7,,3468.72,5.0,SEND_MONEY,COMPLETED,Send Money,Simulated SEND_MONEY,False,2026-09-15T09:25:16.718686+00:00,9,0,0.54,1
a1c34db098f1f9812c9e614c562cfdc8,TXN-6D81901F,a780a78582d457ca210edde8e3c1d88d,8d188907e63291714835adb689e38229,,1738.07,5.0,SEND_MONEY,COMPLETED,Send Money,Simulated SEND_MONEY,False,2026-08-27T05:29:10.718686+00:00,5,1,-0.42,1
7718d45bb987151e12b8c9078a536804,TXN-128FB70C,79a30ec2ffa4cd645fd6ad37bf5a2a92,2560a9c45b7f736ff2833acf0ba23b3e,,1248.08,0.0,MERCHANT_PAY,COMPLETED,Merchant Pay,Simulated MERCHANT_PAY,False,2026-07-19T06:33:40.718686+00:00,6,0,-0.7,1
230e41b61d9b95e3128d9c3c4cdc61eb,TXN-F9BC4550,67108e809ac0c87e3f3f926a9e8a9569,56d3630d48a7c5213076e6c42c8e9cc3,56d3630d48a7c5213076e6c42c8e9cc3,4943.67,15.0,CASH_OUT,COMPLETED,Cash Out,Simulated CASH_OUT,False,2026-09-05T09:42:31.718686+00:00,9,0,1.36,1
a1c9e3fec16410d1c658b865456606b8,TXN-6AC51A0F,955ec133542f6e80c30f4952fee80d33,fe650fe8f7f1b92ef09c9e9930e4af3f,,1122.25,0.0,BILL_PAY,COMPLETED,Bill Pay,Simulated BILL_PAY,False,2026-07-23T14:59:12.718686+00:00,14,0,-0.77,1
71b1f073e691962c8ec552d35a185a75,TXN-35F5B569,afcf8f047d02a8cefb9e5053b9802e7a,016214150e97fb9ec49141665b32485f,,2174.68,0.0,BILL_PAY,COMPLETED,Bill Pay,Simulated BILL_PAY,False,2026-07-12T15:47:07.718686+00:00,15,0,-0.18,1
50e7008d29af22c1f3a2eae8cd14964f,TXN-8B93EE6C,81253f4aa18bb992bcd0e6e9b1fa0507,d604f2ebd984a759fc53f682396031cd,,123.94,0.0,RECHARGE,COMPLETED,Recharge,Simulated RECHARGE,False,2026-09-14T05:58:48.718686+00:00,5,1,-1.32,2
c6f908dc7d16ce78df8cd138bb989878,TXN-D2C00AD1,b9376a572eeedc5c8dfd978d9d452846,ba184c813197d29e79ddc76c6d457c16,,1352.96,0.0,MERCHANT_PAY,COMPLETED,Merchant Pay,Simulated MERCHANT_PAY,False,2026-09-13T15:14:02.718686+00:00,15,0,-0.64,1
56c8aa7adc046af232f565b6bf3d7ac7,TXN-D810C4EB,a789b4fc165147cd64a864ea50e2f99b,5aeb81f0b34f243855d547a027205162,,3792.75,5.0,SEND_MONEY,COMPLETED,Send Money,Simulated SEND_MONEY,False,2026-09-09T12:24:12.718686+00:00,12,0,0.72,1
3cba3116ce6f5bbce172f556d179dd6d,TXN-34815937,8dec199f53c51c5628944251dda68691,65fc47ce4974867b6829d72772afdcf1,,3593.4,5.0,SEND_MONEY,COMPLETED,Send Money,Simulated SEND_MONEY,False,2026-08-22T11:26:28.718686+00:00,11,0,0.61,1
520dc0752ef2f715c417df7f654b9a40,TXN-BDFB366C,163b7bf9da2842a111d4d8c94377f29f,5aeb81f0b34f243855d547a027205162,,845.78,5.0,SEND_MONEY,COMPLETED,Send Money,Simulated SEND_MONEY,False,2026-07-20T15:09:25.718686+00:00,15,0,-0.92,1
0a4c6ce4388cdf1955cbfa223b20a83d,TXN-18B7E758,0dd188fb9dd3735e1ba71bddcf9b5680,d1e7a9987d0f9ba4aae3ede8a912f4e5,,413.6,0.0,RECHARGE,COMPLETED,Recharge,Simulated RECHARGE,False,2026-09-28T16:34:19.718686+00:00,16,0,-1.16,1
ced124499cd2fdf4c210b5174623d55b,TXN-084A1919,8370e53dac1eee251fae5e9d3383e82d,d1e7a9987d0f9ba4aae3ede8a912f4e5,,2322.95,0.0,MERCHANT_PAY,COMPLETED,Merchant Pay,Simulated MERCHANT_PAY,False,2026-08-31T20:34:28.718686+00:00,20,0,-0.1,1
997debdac1c5d10cbf2205cfc3081fc0,TXN-CBE13F1C,f6b5bf942ce96cc22eedc473be850090,947ad30ee89e026f62bb39e7b8666c6e,,401.51,0.0,RECHARGE,COMPLETED,Recharge,Simulated RECHARGE,False,2026-08-16T21:11:27.718686+00:00,21,0,-1.17,1
2f6fd64bd6290f370fab9d0db1a5212a,TXN-3389DB1D,995a897619c18fbb346657bdfc41c6f7,65fb813c4a8070e7d6f1e3c595c14972,65fb813c4a8070e7d6f1e3c595c14972,1286.08,15.0,CASH_OUT,COMPLETED,Cash Out,Simulated CASH_OUT,False,2026-09-10T07:50:04.718686+00:00,7,0,-0.67,1
674b7df62d20e822f5485e1a0d35b512,TXN-84E440B6,b7602bda5c16c93cd75c0dbcdd2f6d6c,94c1c7dc8088ba9666392ead9b770797,,547.29,5.0,SEND_MONEY,COMPLETED,Send Money,Simulated SEND_MONEY,False,2026-08-30T13:07:10.718686+00:00,13,0,-1.08,1
3c995027a0f8e58036b9f1492f88b8f9,TXN-F19BA8C4,63d8729ad99d6620a0333cebe2d7207a,36abffacfee81ff100accb009afd7377,,4132.17,5.0,SEND_MONEY,COMPLETED,Send Money,Simulated SEND_MONEY,False,2026-08-18T14:34:41.718686+00:00,14,0,0.91,1
d04a1dc5dd750d07e6fb615ab344ceed,TXN-F47E19C8,947ad30ee89e026f62bb39e7b8666c6e,5aeb81f0b34f243855d547a027205162,,454.74,0.0,MERCHANT_PAY,COMPLETED,Merchant Pay,Simulated MERCHANT_PAY,False,2026-09-16T19:18:06.718686+00:00,19,0,-1.14,1
49e0b3f2457996e755c235728a74091a,TXN-80E316AE,f63764957f52e118034140e73b764fd8,cf34c4e00ac75bb140c3d733b7d0acdf,,2402.38,0.0,BILL_PAY,COMPLETED,Bill Pay,Simulated BILL_PAY,False,2026-08-21T20:50:48.718686+00:00,20,0,-0.05,1
54d99f97e01367e3dcd0ea0abd31a674,TXN-51113525,67108e809ac0c87e3f3f926a9e8a9569,b780a4cf9f6267374ca9ca7c3042586f,,924.51,0.0,BILL_PAY,COMPLETED,Bill Pay,Simulated BILL_PAY,False,2026-09-02T18:01:25.718686+00:00,18,0,-0.88,1
9314f4b61dc05f9354fe1c45f1f78bf9,TXN-7249E70C,81253f4aa18bb992bcd0e6e9b1fa0507,6574d17462a87d1730068b859da056f2,,1355.81,5.0,SEND_MONEY,COMPLETED,Send Money,Simulated SEND_MONEY,False,2026-09-17T02:22:12.718686+00:00,2,1,-0.64,2
9d7b240a62a7acf6146bd1e9add4459e,TXN-9AD0F4AF,fadf4e0aa4e6db699191d450e3cfca90,63d8729ad99d6620a0333cebe2d7207a,,3659.01,5.0,SEND_MONEY,COMPLETED,Send Money,Simulated SEND_MONEY,False,2026-08-15T06:19:04.718686+00:00,6,0,0.64,1
ce30efa039f848c884f61992c758a663,TXN-7AC95DFD,91636429900048d39a6a81c76e775fe7,920d641d4f1838031412092365b508f9,91636429900048d39a6a81c76e775fe7,11040.5,0.0,CASH_IN,COMPLETED,Cash In,Simulated CASH_IN,False,2026-09-11T21:16:13.718686+00:00,21,0,4.74,1
cdfe6cd089448b8289bcd04f968427c3,TXN-7B7B3630,d1e7a9987d0f9ba4aae3ede8a912f4e5,59b4db4760e9c7b71f89662b46b5744d,59b4db4760e9c7b71f89662b46b5744d,16775.1,15.0,CASH_OUT,COMPLETED,Cash Out,Simulated CASH_OUT,False,2026-08-02T10:22:36.718686+00:00,10,0,7.93,1
992ca0c26f21bb166e64250a90bd2df7,TXN-A3664EE7,4c576c0ae86216b6f6e0065855ef4b55,29cc202556f422d15cf82e1512bff950,,1841.09,5.0,SEND_MONEY,COMPLETED,Send Money,Simulated SEND_MONEY,False,2026-08-30T20:27:44.718686+00:00,20,0,-0.37,1
52421eccab533b45e2011a25b51f78c4,TXN-8712978F,24854d7b3ae8bedc178ece65566f1a29,d2c0e952054db218612de01b8b401e3d,,320.78,0.0,RECHARGE,COMPLETED,Recharge,Simulated RECHARGE,False,2026-09-22T19:47:17.718686+00:00,19,0,-1.21,1
478a833913e399c8b999d70b4a1f68ea,TXN-A7793590,0d3fa09ecaba91e19a1f466e6ed0ab3d,3a288796c66b6cb72b3c765d5f0440db,,2393.5,0.0,MERCHANT_PAY,COMPLETED,Merchant Pay,Simulated MERCHANT_PAY,False,2026-08-29T20:52:49.718686+00:00,20,0,-0.06,1
baab5606bae907ee715315207b1730c8,TXN-1B16FA2B,6ab9575a1b7d1060f24d980c1141bfa8,c85db54ea070ffe0c9c2c638737e31ca,,2513.62,5.0,SEND_MONEY,COMPLETED,Send Money,Simulated SEND_MONEY,False,2026-08-24T07:15:54.718686+00:00,7,0,0.01,1
4c43cc8e9f05e2d191f2baa035235089,TXN-03488059,fadf4e0aa4e6db699191d450e3cfca90,5d4470618fa83366c874eea88d34d4d1,,2055.5,5.0,SEND_MONEY,COMPLETED,Send Money,Simulated SEND_MONEY,False,2026-07-18T07:25:12.718686+00:00,7,0,-0.25,1
4b1eed1739446924cd00f5a16817e098,TXN-419788DC,24854d7b3ae8bedc178ece65566f1a29,88763c3e84f0d3eb136c4d4e1aeecdaf,88763c3e84f0d3eb136c4d4e1aeecdaf,16118.38,15.0,CASH_OUT,COMPLETED,Cash Out,Simulated CASH_OUT,False,2026-09-04T11:17:28.718686+00:00,11,0,7.57,1
6ba1a0996dcdef3f3164d529e85cc3ea,TXN-C4B8739E,5458c6d9f0729c3bde4bb221abc8b6b5,422286bab6d7b8eea429bfee3894aa7b,422286bab6d7b8eea429bfee3894aa7b,9910.24,15.0,CASH_OUT,COMPLETED,Cash Out,Simulated CASH_OUT,False,2026-08-06T04:19:51.718686+00:00,4,1,4.12,1
c2f2583b97be5f1b3392d2f28bedb6c8,TXN-3D92200F,f073b58ca6bf5f68a77b501b3e16b8fa,cf34c4e00ac75bb140c3d733b7d0acdf,,4474.47,5.0,SEND_MONEY,COMPLETED,Send Money,Simulated SEND_MONEY,False,2026-10-03T10:24:19.718686+00:00,10,0,1.1,1
9feab97ce5f13acbffadd8c480eedb18,TXN-A81E0AA1,44441b337855f3507cd7f3f529f9ed9b,a9d8772b2a6882090ec5f80427432dbd,,40.57,0.0,RECHARGE,COMPLETED,Recharge,Simulated RECHARGE,False,2026-08-13T08:30:13.718686+00:00,8,0,-1.37,1
dbe2f0acfa939d6983f9a24faa107562,TXN-1360A78A,4c78b5ebb63af8ec922f3fa771763324,e2b37ac0f1e35aae80becc0986504993,,4903.63,5.0,SEND_MONEY,COMPLETED,Send Money,Simulated SEND_MONEY,False,2026-09-12T17:38:07.718686+00:00,17,0,1.34,1
2f6dbc3e5a5a2e1a959fb44d61d87bd1,TXN-42BE54BA,914ea800aac501972796ea5d55d04ec0,9f29423a96953422c38499fabad1f7e2,9f29423a96953422c38499fabad1f7e2,4318.33,15.0,CASH_OUT,COMPLETED,Cash Out,Simulated CASH_OUT,False,2026-08-28T22:28:52.718686+00:00,22,0,1.01,1
ea47a46dbca3b4a9387a66f332c895a8,TXN-5ED6C30D,ba43d28df7fba6619bbe4dc11c06298b,b780a4cf9f6267374ca9ca7c3042586f,,1687.39,5.0,SEND_MONEY,COMPLETED,Send Money,Simulated SEND_MONEY,False,2026-09-11T14:40:19.718686+00:00,14,0,-0.45,1
c10513708da01f1d608dc721797bddde,TXN-E97DDF9C,48788294ece10d689d0579adc948163a,29cc202556f422d15cf82e1512bff950,,724.31,0.0,MERCHANT_PAY,COMPLETED,Merchant Pay,Simulated MERCHANT_PAY,False,2026-07-11T08:49:26.718686+00:00,8,0,-0.99,1
b66393ebf4bd947937a9377c9d53094f,TXN-3F9DA92A,f1fd93ab956002b687a10b08b5d72967,8dec199f53c51c5628944251dda68691,,1936.63,0.0,MERCHANT_PAY,COMPLETED,Merchant Pay,Simulated MERCHANT_PAY,False,2026-08-10T15:56:01.718686+00:00,15,0,-0.31,1
eb374283b5c76b5075f0a9ef3ac0c8f6,TXN-B4607E0C,94c1c7dc8088ba9666392ead9b770797,a9d8772b2a6882090ec5f80427432dbd,,237.76,0.0,RECHARGE,COMPLETED,Recharge,Simulated RECHARGE,False,2026-08-17T13:09:56.718686+00:00,13,0,-1.26,1
709ce827c6b97a0c13a507d1f37f0928,TXN-8A3113E5,45b882f3960f148988c5b8fe01addac1,97732b7d2a0cf42e45df8e38eede305b,97732b7d2a0cf42e45df8e38eede305b,6545.33,15.0,CASH_OUT,COMPLETED,Cash Out,Simulated CASH_OUT,False,2026-07-08T16:57:29.718686+00:00,16,0,2.25,1
77c8205a0b1c8378457aa31fc495fef8,TXN-5DB0ACB6,4475a6a8efb7ee576f44e9a1cf97e616,65fc47ce4974867b6829d72772afdcf1,,4743.49,5.0,SEND_MONEY,COMPLETED,Send Money,Simulated SEND_MONEY,False,2026-08-08T18:52:09.718686+00:00,18,0,1.25,1
0efd898dde0e22de92a0136f4f56441b,TXN-BA58D7E9,d6b3bdced8ec51ba8bfd3d4c8c1cf865,61874613550dc5121fdaaac0737a643d,,1449.26,0.0,BILL_PAY,COMPLETED,Bill Pay,Simulated BILL_PAY,False,2026-08-01T13:33:23.718686+00:00,13,0,-0.58,1
b7b0fc79c8d09a888907b2f8ef37dd32,TXN-AB754BAD,d5ad98674d6c69eab07fbb6c5f6ec434,d604f2ebd984a759fc53f682396031cd,,2090.56,0.0,MERCHANT_PAY,COMPLETED,Merchant Pay,Simulated MERCHANT_PAY,False,2026-08-11T10:52:52.718686+00:00,10,0,-0.23,1
84d87394997471bbf0c4a876e987285a,TXN-FC11255D,d6b3bdced8ec51ba8bfd3d4c8c1cf865,65fb813c4a8070e7d6f1e3c595c14972,65fb813c4a8070e7d6f1e3c595c14972,3118.3,15.0,CASH_OUT,COMPLETED,Cash Out,Simulated CASH_OUT,False,2026-09-22T21:41:41.718686+00:00,21,0,0.34,1
c750d7479dd55df31022542648049316,TXN-8C18F344,fadf4e0aa4e6db699191d450e3cfca90,e2b37ac0f1e35aae80becc0986504993,,959.26,5.0,SEND_MONEY,COMPLETED,Send Money,Simulated SEND_MONEY,False,2026-07-23T06:17:09.718686+00:00,6,0,-0.86,1
21193f2f5e198a6c54e2f33427a9cb92,TXN-6A42AECD,21432700fffec608e4fd2fb0ddb36d82,5d4470618fa83366c874eea88d34d4d1,,190.93,0.0,RECHARGE,BLOCKED,Recharge,Simulated RECHARGE,True,2026-08-03T20:41:07.718686+00:00,20,0,-1.28,1
1acd9184de9fd0154fd0e76ea1a1f6b4,TXN-14998D57,5ea78e239a56f60e7a73667f804942f5,9e7e17b731d68635812244997dbab941,,2984.37,0.0,BILL_PAY,COMPLETED,Bill Pay,Simulated BILL_PAY,False,2026-07-13T11:36:14.718686+00:00,11,0,0.27,1
f6758f78a55c78acb3b207eb6b1c14b7,TXN-66D6C3A5,8d188907e63291714835adb689e38229,f60a322e38c9343ece39f96df2f9dd6e,,490.39,0.0,BILL_PAY,COMPLETED,Bill Pay,Simulated BILL_PAY,False,2026-08-22T02:20:10.718686+00:00,2,1,-1.12,1
57fa1e887c64187a9dc2a0248b4a9106,TXN-F11FB7D4,b62a999cc4eeb9376b4dda8f15f3b983,6d9b4fa238dde07f567f7dbd00b23fd7,,103.81,0.0,RECHARGE,COMPLETED,Recharge,Simulated RECHARGE,False,2026-07-24T03:40:40.718686+00:00,3,1,-1.33,1
37b9ff5e1ce194398ef7d502064c900d,TXN-AEB1574A,db05a31aa77a8230c08e634a3795fe26,cd014c6c636613884125f62c886cd09e,,1010.66,5.0,SEND_MONEY,COMPLETED,Send Money,Simulated SEND_MONEY,False,2026-09-17T08:24:16.718686+00:00,8,0,-0.83,1
89856e48d63105c312f9875765d8d26a,TXN-F4200794,ba43d28df7fba6619bbe4dc11c06298b,d491f477c542d1707119e8c77ba730c8,,169.83,0.0,RECHARGE,COMPLETED,Recharge,Simulated RECHARGE,False,2026-07-29T04:08:07.718686+00:00,4,1,-1.29,2
ebc7b1d2ce67691fe31e837b1733462c,TXN-CCDC343C,019eb181a60b72600fe1522fabe4cd00,fe650fe8f7f1b92ef09c9e9930e4af3f,,1631.57,5.0,SEND_MONEY,COMPLETED,Send Money,Simulated SEND_MONEY,False,2026-09-22T19:28:12.718686+00:00,19,0,-0.48,1
ac8809986b0b7d1375795e1be67ffdd4,TXN-F60F892B,0fc954a8903d8d3906c6f655090a2772,ba184c813197d29e79ddc76c6d457c16,,2798.85,5.0,SEND_MONEY,COMPLETED,Send Money,Simulated SEND_MONEY,False,2026-07-12T10:52:51.718686+00:00,10,0,0.17,1
7b3246af98e130c020425d77bac0a337,TXN-9D86C3EC,d0b4cd2df32ef122a0c71b82035e6dc3,5fde7da627ef89562f5d2e5138fcc716,,2794.18,0.0,BILL_PAY,COMPLETED,Bill Pay,Simulated BILL_PAY,False,2026-07-09T18:44:54.718686+00:00,18,0,0.16,1
ffb99d4df19b4999736dba46ad4a22e3,TXN-791EE733,24854d7b3ae8bedc178ece65566f1a29,5aeb81f0b34f243855d547a027205162,,929.1,0.0,BILL_PAY,COMPLETED,Bill Pay,Simulated BILL_PAY,False,2026-07-22T20:08:32.718686+00:00,20,0,-0.87,1
de3f1cc1f0d311c3defbc588d28efd42,TXN-A94FD754,b7602bda5c16c93cd75c0dbcdd2f6d6c,91636429900048d39a6a81c76e775fe7,91636429900048d39a6a81c76e775fe7,6245.14,15.0,CASH_OUT,COMPLETED,Cash Out,Simulated CASH_OUT,False,2026-09-04T15:36:54.718686+00:00,15,0,2.08,1
26bf76d74025a36f94e7a9de2c086f1b,TXN-028BAD3F,f24ec36fe902d9fc366bf6c5c42558c0,e2725c5bff2b6162cf06fb1afa9b4940,,2388.17,5.0,SEND_MONEY,COMPLETED,Send Money,Simulated SEND_MONEY,False,2026-07-06T18:32:14.718686+00:00,18,0,-0.06,1
19f1a62a94623d6f4da85d1527ca38bf,TXN-585B5E71,b105797ce7097a9d7175762f71c33e73,fadf4e0aa4e6db699191d450e3cfca90,,4093.04,5.0,SEND_MONEY,COMPLETED,Send Money,Simulated SEND_MONEY,False,2026-07-16T21:33:54.718686+00:00,21,0,0.89,1
2353a5a394dad4bb9415a882c6947757,TXN-C849BFA1,3db00c6efa2ff90560fd5e189b42a097,91c41a04edd64e4c32a0af71604f336a,,442.08,0.0,MERCHANT_PAY,COMPLETED,Merchant Pay,Simulated MERCHANT_PAY,False,2026-07-15T17:26:30.718686+00:00,17,0,-1.14,1
6c4e7fbdf9ab51faca74628c86de2026,TXN-C5422848,57707b18e970117a25c5297be1006ebb,29cc202556f422d15cf82e1512bff950,,499.42,0.0,RECHARGE,COMPLETED,Recharge,Simulated RECHARGE,False,2026-08-10T08:25:40.718686+00:00,8,0,-1.11,1
9ce005d06c04431a0dd509d7349f6188,TXN-606BF839,00bf0432ba6bf892a4b11dc619ce7ad3,b7602bda5c16c93cd75c0dbcdd2f6d6c,,238.3,0.0,RECHARGE,COMPLETED,Recharge,Simulated RECHARGE,False,2026-07-14T10:50:50.718686+00:00,10,0,-1.26,1
e9464c77f23ecce61dad116e29f81677,TXN-F9E813D0,5c110f190a3951baa533cec59ffb6aa1,6ab9575a1b7d1060f24d980c1141bfa8,,3964.61,5.0,SEND_MONEY,COMPLETED,Send Money,Simulated SEND_MONEY,False,2026-07-24T01:48:14.718686+00:00,1,1,0.81,2
086313396cf8b77377770482b86a1dbe,TXN-769A7239,5ea78e239a56f60e7a73667f804942f5,885e891c4171db3ca38bbb35f664c8fc,885e891c4171db3ca38bbb35f664c8fc,16847.8,15.0,CASH_OUT,COMPLETED,Cash Out,Simulated CASH_OUT,False,2026-07-06T22:50:10.718686+00:00,22,0,7.97,1
6ad75222f4108b204c61104ef8a33ad5,TXN-F583CB02,0fc954a8903d8d3906c6f655090a2772,6d9b4fa238dde07f567f7dbd00b23fd7,,1276.29,0.0,BILL_PAY,COMPLETED,Bill Pay,Simulated BILL_PAY,False,2026-09-28T18:12:37.718686+00:00,18,0,-0.68,1
946385fd02ff5567bf78b340ff12b8eb,TXN-9F678728,f1d3d9ce7cc465b1935b28bd8972bcdf,7646bcb6920612b5e359b12633365514,,95.72,0.0,RECHARGE,COMPLETED,Recharge,Simulated RECHARGE,False,2026-07-08T01:10:21.718686+00:00,1,1,-1.34,1
9c2a02cd59e829447f61a05e6f9f601c,TXN-8ADCFA4A,0dd188fb9dd3735e1ba71bddcf9b5680,b62a999cc4eeb9376b4dda8f15f3b983,,2228.57,0.0,BILL_PAY,COMPLETED,Bill Pay,Simulated BILL_PAY,False,2026-08-26T20:27:48.718686+00:00,20,0,-0.15,1
e28e3cc379eba21dd54360e7d91c3913,TXN-9355E0C4,39495bec7941dda30d5ffb10dc7835a0,8dec199f53c51c5628944251dda68691,,192.36,0.0,RECHARGE,COMPLETED,Recharge,Simulated RECHARGE,False,2026-07-23T03:26:02.718686+00:00,3,1,-1.28,1
db2f7dba2c9a5d63517b3857f021ad51,TXN-703E2965,cf34c4e00ac75bb140c3d733b7d0acdf,8370e53dac1eee251fae5e9d3383e82d,,1322.94,0.0,BILL_PAY,COMPLETED,Bill Pay,Simulated BILL_PAY,False,2026-07-19T14:31:29.718686+00:00,14,0,-0.65,1
825f5247ed3e55a02dc9d2d1b0309708,TXN-E8040E4F,422286bab6d7b8eea429bfee3894aa7b,cf34c4e00ac75bb140c3d733b7d0acdf,422286bab6d7b8eea429bfee3894aa7b,14907.15,0.0,CASH_IN,COMPLETED,Cash In,Simulated CASH_IN,False,2026-08-30T13:16:10.718686+00:00,13,0,6.89,1
8c6bc2997938376a799997e086b81f0d,TXN-C5DB2106,52431bf282c88707e62fd18b75abcf77,4c78b5ebb63af8ec922f3fa771763324,,2398.5,5.0,SEND_MONEY,COMPLETED,Send Money,Simulated SEND_MONEY,False,2026-09-09T08:55:47.718686+00:00,8,0,-0.06,1
0244424ff9c9e0fedc95407274019446,TXN-D63C6669,b62a999cc4eeb9376b4dda8f15f3b983,ff0283fc6d6fcb75b58eb34c73cfeaeb,ff0283fc6d6fcb75b58eb34c73cfeaeb,10698.19,15.0,CASH_OUT,COMPLETED,Cash Out,Simulated CASH_OUT,False,2026-09-02T03:00:50.718686+00:00,3,1,4.55,1
fc441e2de3486116fea5041d87c58422,TXN-6DBA5CE5,dfcc900c6dbec41542ed1b6650d9edf5,bdd1bcc71ed6717c4a5f4df6a382d2c0,,2270.34,5.0,SEND_MONEY,COMPLETED,Send Money,Simulated SEND_MONEY,False,2026-09-23T14:14:38.718686+00:00,14,0,-0.13,1
360d76669658f3180a2f467d5bcd04b0,TXN-35FB429C,6574d17462a87d1730068b859da056f2,ba62a89e273f83051020288c4d221f17,,2408.67,0.0,MERCHANT_PAY,COMPLETED,Merchant Pay,Simulated MERCHANT_PAY,False,2026-09-11T00:55:51.718686+00:00,0,0,-0.05,1
5a518c2d4d00764c7406105c16ed31d9,TXN-2D1F70CA,0fc954a8903d8d3906c6f655090a2772,fadf4e0aa4e6db699191d450e3cfca90,,2269.67,5.0,SEND_MONEY,COMPLETED,Send Money,Simulated SEND_MONEY,False,2026-08-10T13:15:49.718686+00:00,13,0,-0.13,1
dbd151bef85d816a6af2981c62143931,TXN-6B000BB1,6ab9575a1b7d1060f24d980c1141bfa8,9ca2c035804c1751d9bb84108e46b24b,,758.37,0.0,MERCHANT_PAY,COMPLETED,Merchant Pay,Simulated MERCHANT_PAY,False,2026-09-17T12:48:24.718686+00:00,12,0,-0.97,1
3d9b78b64e83ed1891520f8e8940db17,TXN-5DDF58D5,9ca2c035804c1751d9bb84108e46b24b,56e8207d13bee145b0139e9bb3a77636,,3675.24,5.0,SEND_MONEY,COMPLETED,Send Money,Simulated SEND_MONEY,False,2026-07-13T23:39:10.718686+00:00,23,0,0.65,1
ed34918f9f4ef6809b4aef32eb8ef355,TXN-50CFFD2B,774b058b32fa45e881e3520560698426,f5abc8efbbbec1c7c7a75fac1fbeb42a,f5abc8efbbbec1c7c7a75fac1fbeb42a,5236.26,15.0,CASH_OUT,COMPLETED,Cash Out,Simulated CASH_OUT,False,2026-08-01T01:31:15.718686+00:00,1,1,1.52,2
9f8029ab863c121790646380d541bec3,TXN-231BC0C8,65fc47ce4974867b6829d72772afdcf1,63d8729ad99d6620a0333cebe2d7207a,,20.6,0.0,RECHARGE,COMPLETED,Recharge,Simulated RECHARGE,False,2026-09-02T02:18:08.718686+00:00,2,1,-1.38,1
a7f20382c4e65c4df3768661a1ee9e0e,TXN-86133800,f5abc8efbbbec1c7c7a75fac1fbeb42a,942a55200af93c74d921d93f2beb656e,f5abc8efbbbec1c7c7a75fac1fbeb42a,2292.83,0.0,CASH_IN,COMPLETED,Cash In,Simulated CASH_IN,False,2026-07-05T18:26:00.718686+00:00,18,0,-0.12,1
bdb02d5d78c5a45db29faf39b5775fca,TXN-3F33A73B,a789b4fc165147cd64a864ea50e2f99b,88763c3e84f0d3eb136c4d4e1aeecdaf,88763c3e84f0d3eb136c4d4e1aeecdaf,4828.77,15.0,CASH_OUT,BLOCKED,Cash Out,Simulated CASH_OUT,True,2026-09-02T14:46:47.718686+00:00,14,0,1.29,1
a7e7fbf1839c59a7a60dfc8485751ea7,TXN-FE303F0E,e11d3919fbbacb05b53b3da8bde233d6,b1a66b3f63e51e2a843b9028fcb6ded2,b1a66b3f63e51e2a843b9028fcb6ded2,6999.51,15.0,CASH_OUT,COMPLETED,Cash Out,Simulated CASH_OUT,False,2026-09-12T20:35:01.718686+00:00,20,0,2.5,1
b6dfcf3358ede948510c564ac3159a8e,TXN-C56662BF,d6b3bdced8ec51ba8bfd3d4c8c1cf865,a9471c06d90eef52295526c0ef9c12bf,,3044.12,5.0,SEND_MONEY,COMPLETED,Send Money,Simulated SEND_MONEY,False,2026-07-10T19:26:07.718686+00:00,19,0,0.3,1
a6a20d29aceb4c56135e121ca8abcca0,TXN-FE384C1C,0fc954a8903d8d3906c6f655090a2772,8cefe33bc85b06476d4145b5395ea644,,137.27,0.0,RECHARGE,COMPLETED,Recharge,Simulated RECHARGE,False,2026-07-20T21:06:52.718686+00:00,21,0,-1.31,1
bfecf4264f4621a544b600ed64b72696,TXN-AA2E2697,7e25924565710a7c41b0ba3c9f3bfbe9,92d9cb140eda53d5046b82d656354805,,128.74,0.0,RECHARGE,COMPLETED,Recharge,Simulated RECHARGE,False,2026-07-16T05:10:52.718686+00:00,5,1,-1.32,2
95797a0b229df93285fa242ef19294b9,TXN-5F004DA7,92d9cb140eda53d5046b82d656354805,a0a78b533b925cc977153bb8cccf195f,a0a78b533b925cc977153bb8cccf195f,1918.34,15.0,CASH_OUT,COMPLETED,Cash Out,Simulated CASH_OUT,False,2026-08-13T23:03:18.718686+00:00,23,0,-0.32,1
f88d1e354ba21041185f8bcd0c67e050,TXN-DE224064,2fe489dc20c1708cfa581d796a164a05,1e002e71e6b9a839b69d43969374e33e,,77.9,0.0,RECHARGE,COMPLETED,Recharge,Simulated RECHARGE,False,2026-08-05T03:42:10.718686+00:00,3,1,-1.35,2
f8ca5a470f383b29725b037eba610846,TXN-39F5ADEC,d5ad98674d6c69eab07fbb6c5f6ec434,3e8f0387819d64fd0b03881045eac7c8,,1818.67,0.0,MERCHANT_PAY,COMPLETED,Merchant Pay,Simulated MERCHANT_PAY,False,2026-08-26T09:19:02.718686+00:00,9,0,-0.38,1
05fc3021a78299b7f3113d8b30c32e35,TXN-CB4C2652,39495bec7941dda30d5ffb10dc7835a0,28bad9c9332ec0e5025efc44e6a7a54f,,359.04,0.0,RECHARGE,COMPLETED,Recharge,Simulated RECHARGE,False,2026-09-25T18:10:28.718686+00:00,18,0,-1.19,1
889c2d120e55141d52eb5c12c0847ddf,TXN-1E40FBDE,b9376a572eeedc5c8dfd978d9d452846,48788294ece10d689d0579adc948163a,,2316.68,5.0,SEND_MONEY,COMPLETED,Send Money,Simulated SEND_MONEY,False,2026-07-23T17:21:06.718686+00:00,17,0,-0.1,1
93196c6c10c914b0c50ae552d8db842b,TXN-CCF9F1B7,aab296b6ecffd40138e9dd787dd7c62f,ec39bb7cabcf592c12d346c409defd7e,,1301.91,0.0,MERCHANT_PAY,COMPLETED,Merchant Pay,Simulated MERCHANT_PAY,False,2026-07-23T18:49:01.718686+00:00,18,0,-0.67,1
02d6d6e97ba09ad44ca2fbbc95f352e5,TXN-2CF0566C,3b07bdc1c386d1c7a5047c4d4a4a0ea7,a4363f535992847636e40ad27ccc907f,,4576.8,5.0,SEND_MONEY,COMPLETED,Send Money,Simulated SEND_MONEY,False,2026-07-23T10:36:52.718686+00:00,10,0,1.15,1
74dae96327837f88ff17ff0de0c1a5e6,TXN-CAC2A74E,22c8bad4d62b01cf4e1270d7be143d90,d5ad98674d6c69eab07fbb6c5f6ec434,,1579.1,5.0,SEND_MONEY,COMPLETED,Send Money,Simulated SEND_MONEY,False,2026-08-03T06:07:53.718686+00:00,6,0,-0.51,1
09b11f273f11bca93bc6f9efc580a457,TXN-8CD3844A,f611ce5213887ad5e4699085f1c73845,fd47a55fd1e7be8b66eb4061f0a37bc1,,71.45,0.0,RECHARGE,COMPLETED,Recharge,Simulated RECHARGE,False,2026-07-23T13:40:34.718686+00:00,13,0,-1.35,1
1740a71fa456e31d5410ef953b335556,TXN-34717322,67108e809ac0c87e3f3f926a9e8a9569,f611ce5213887ad5e4699085f1c73845,,23.22,0.0,RECHARGE,COMPLETED,Recharge,Simulated RECHARGE,False,2026-09-24T05:30:35.718686+00:00,5,1,-1.38,1
1b6d3c8f622f53a51563b7e53595aa6f,TXN-B5A62D60,8cefe33bc85b06476d4145b5395ea644,6574d17462a87d1730068b859da056f2,,5305.91,5.0,SEND_MONEY,COMPLETED,Send Money,Simulated SEND_MONEY,False,2026-08-02T19:36:25.718686+00:00,19,0,1.56,1
43c9e381f057df94b783df95d60bbef7,TXN-F71E6099,6574d17462a87d1730068b859da056f2,422286bab6d7b8eea429bfee3894aa7b,422286bab6d7b8eea429bfee3894aa7b,7606.55,15.0,CASH_OUT,COMPLETED,Cash Out,Simulated CASH_OUT,False,2026-09-01T20:44:46.718686+00:00,20,0,2.84,1
8457feee0c985d323f97edd96d8dbd30,TXN-17642213,b1a66b3f63e51e2a843b9028fcb6ded2,4c78b5ebb63af8ec922f3fa771763324,b1a66b3f63e51e2a843b9028fcb6ded2,14251.05,0.0,CASH_IN,COMPLETED,Cash In,Simulated CASH_IN,False,2026-07-09T17:26:01.718686+00:00,17,0,6.53,1
955959983fb99e770f8cb2ff1484dc84,TXN-C5C1AEE4,92d9cb140eda53d5046b82d656354805,f60a322e38c9343ece39f96df2f9dd6e,,370.65,0.0,RECHARGE,COMPLETED,Recharge,Simulated RECHARGE,False,2026-08-16T01:45:38.718686+00:00,1,1,-1.18,2
f14f39e747da08c4b9ed150b7e5ebb84,TXN-D6DEACC1,163b7bf9da2842a111d4d8c94377f29f,fd47a55fd1e7be8b66eb4061f0a37bc1,,849.98,5.0,SEND_MONEY,COMPLETED,Send Money,Simulated SEND_MONEY,False,2026-08-14T17:26:31.718686+00:00,17,0,-0.92,1
1603a1c7b3f2a3d45cbb90d4b94206ef,TXN-6178CF4A,d3c308a1208710510c3bcb610dc42d08,f073b58ca6bf5f68a77b501b3e16b8fa,,32.07,0.0,RECHARGE,COMPLETED,Recharge,Simulated RECHARGE,False,2026-08-13T07:31:43.718686+00:00,7,0,-1.37,1
10604c40aaf763270ccff5f171727ff2,TXN-1D7ED44C,92d9cb140eda53d5046b82d656354805,d0b4cd2df32ef122a0c71b82035e6dc3,,4249.92,5.0,SEND_MONEY,COMPLETED,Send Money,Simulated SEND_MONEY,False,2026-09-24T01:03:11.718686+00:00,1,1,0.97,2
09e679a8564c25051717e28e8ee27597,TXN-97D10887,9e7e17b731d68635812244997dbab941,6574d17462a87d1730068b859da056f2,,1691.57,5.0,SEND_MONEY,COMPLETED,Send Money,Simulated SEND_MONEY,False,2026-09-06T08:30:44.718686+00:00,8,0,-0.45,1
6feab3fad8ccbc65d8e97333cea225e1,TXN-B7093FFC,5fde7da627ef89562f5d2e5138fcc716,fd47a55fd1e7be8b66eb4061f0a37bc1,,109.1,0.0,MERCHANT_PAY,COMPLETED,Merchant Pay,Simulated MERCHANT_PAY,False,2026-07-29T07:56:40.718686+00:00,7,0,-1.33,1
ac0d70a3ab65e95646e97908bf07aa82,TXN-EBE371C4,a9471c06d90eef52295526c0ef9c12bf,cce557b7c5670116283705cc1e96e85a,cce557b7c5670116283705cc1e96e85a,6919.44,15.0,CASH_OUT,COMPLETED,Cash Out,Simulated CASH_OUT,False,2026-08-19T08:09:40.718686+00:00,8,0,2.46,1
dd427dfe56da040ada4af47fb7e7d96d,TXN-81BC15C3,5ea78e239a56f60e7a73667f804942f5,85f0ded8f46c29dac6e1885bc1cd8cb0,,2155.02,0.0,MERCHANT_PAY,COMPLETED,Merchant Pay,Simulated MERCHANT_PAY,False,2026-08-27T13:27:43.718686+00:00,13,0,-0.19,1
20b78c3cd244ba6a42a5060233a7848e,TXN-0D905DA0,a87506818a081f5835a17049b1ca9b41,56e8207d13bee145b0139e9bb3a77636,,2345.16,0.0,BILL_PAY,COMPLETED,Bill Pay,Simulated BILL_PAY,False,2026-09-27T23:24:11.718686+00:00,23,0,-0.09,1
5d773a7e5ae8dcc9148dd25d89e00c49,TXN-797862BC,5c65507c2e3b7c0043daa0a1ffae75d3,9ca2c035804c1751d9bb84108e46b24b,,2893.28,5.0,SEND_MONEY,COMPLETED,Send Money,Simulated SEND_MONEY,False,2026-07-19T12:10:07.718686+00:00,12,0,0.22,1
8cc29cb3ed8ff47b910f675ce4ae3e53,TXN-E2E98B0D,fd47a55fd1e7be8b66eb4061f0a37bc1,955ec133542f6e80c30f4952fee80d33,,75.3,0.0,RECHARGE,COMPLETED,Recharge,Simulated RECHARGE,False,2026-08-09T01:13:03.718686+00:00,1,1,-1.35,1
105a5e1acef3f0265f729c1215b296c9,TXN-F17F604A,c85db54ea070ffe0c9c2c638737e31ca,10331bea5f8789681791495ed9517fe2,,706.67,0.0,MERCHANT_PAY,COMPLETED,Merchant Pay,Simulated MERCHANT_PAY,False,2026-08-18T16:47:25.718686+00:00,16,0,-1.0,1
b021280ba424e6a0104948d979eb13fb,TXN-BCEF0CD9,a9471c06d90eef52295526c0ef9c12bf,a0a78b533b925cc977153bb8cccf195f,a0a78b533b925cc977153bb8cccf195f,5449.44,15.0,CASH_OUT,COMPLETED,Cash Out,Simulated CASH_OUT,False,2026-07-27T18:13:00.718686+00:00,18,0,1.64,1
c83e0a1ccd4d0ba2b2c8500b943b97f4,TXN-EFC441B8,db05a31aa77a8230c08e634a3795fe26,d1e7a9987d0f9ba4aae3ede8a912f4e5,,282.42,0.0,RECHARGE,COMPLETED,Recharge,Simulated RECHARGE,False,2026-09-22T11:32:33.718686+00:00,11,0,-1.23,1
d28a8cfdefda61ec6f3687dc91fccf36,TXN-EA8FF026,b9376a572eeedc5c8dfd978d9d452846,4475a6a8efb7ee576f44e9a1cf97e616,,1242.93,5.0,SEND_MONEY,COMPLETED,Send Money,Simulated SEND_MONEY,False,2026-09-29T09:12:41.718686+00:00,9,0,-0.7,1
b6ab4a80ab127526777958b612d3f5fb,TXN-3AF5A9DE,fd47a55fd1e7be8b66eb4061f0a37bc1,cf34c4e00ac75bb140c3d733b7d0acdf,,765.35,0.0,MERCHANT_PAY,COMPLETED,Merchant Pay,Simulated MERCHANT_PAY,False,2026-07-27T19:56:56.718686+00:00,19,0,-0.96,1
0aff3f58009e6b32859f90cf15a3ba8a,TXN-60042FAA,dfcc900c6dbec41542ed1b6650d9edf5,a0a78b533b925cc977153bb8cccf195f,a0a78b533b925cc977153bb8cccf195f,15615.26,15.0,CASH_OUT,COMPLETED,Cash Out,Simulated CASH_OUT,False,2026-08-07T18:15:23.718686+00:00,18,0,7.29,1
2d8c85af836dc537a993428e99efdad9,TXN-85E5640D,6ab9575a1b7d1060f24d980c1141bfa8,3a288796c66b6cb72b3c765d5f0440db,,1192.69,0.0,BILL_PAY,COMPLETED,Bill Pay,Simulated BILL_PAY,False,2026-08-14T00:43:46.718686+00:00,0,0,-0.73,1
ebd524570e0c0c712e562e8959258231,TXN-05115838,d1e7a9987d0f9ba4aae3ede8a912f4e5,947ad30ee89e026f62bb39e7b8666c6e,,3758.27,5.0,SEND_MONEY,BLOCKED,Send Money,Simulated SEND_MONEY,True,2026-08-25T19:26:46.718686+00:00,19,0,0.7,1
02796874558ee001067515a8f5638970,TXN-79B4A533,c3b37cdf478b5f1365d70e59a9bc7db5,137a8acc36e33a1b4682c358e6592082,c3b37cdf478b5f1365d70e59a9bc7db5,6390.71,0.0,CASH_IN,COMPLETED,Cash In,Simulated CASH_IN,False,2026-07-18T16:57:36.718686+00:00,16,0,2.16,1
dad0ed0fed3424808dae95078df19d50,TXN-9EFA33A9,bdd1bcc71ed6717c4a5f4df6a382d2c0,db05a31aa77a8230c08e634a3795fe26,,2087.37,0.0,MERCHANT_PAY,COMPLETED,Merchant Pay,Simulated MERCHANT_PAY,False,2026-07-19T15:14:32.718686+00:00,15,0,-0.23,1
64c1eed687d4af2fda82b1eec7ca3888,TXN-82DA6C90,fc9c1388504a06a82f25be52c4a6f5a5,2f12019338fde08f7f9d2612b6f5b02b,,15572.79,5.0,SEND_MONEY,COMPLETED,Send Money,Simulated SEND_MONEY,False,2026-07-07T01:13:53.718686+00:00,1,1,7.26,2
97eee2fcd0df065eee5731b03070af96,TXN-F2891DDE,1b99ddafaa28f74dc164af9e24830bad,4c64ccf00086f53c7786ee74543a024a,,3783.69,5.0,SEND_MONEY,COMPLETED,Send Money,Simulated SEND_MONEY,False,2026-09-03T17:20:16.718686+00:00,17,0,0.71,1
953c52abbf30cae26f189a04cba49464,TXN-18CE691E,92d9cb140eda53d5046b82d656354805,ff0283fc6d6fcb75b58eb34c73cfeaeb,ff0283fc6d6fcb75b58eb34c73cfeaeb,5913.19,15.0,CASH_OUT,COMPLETED,Cash Out,Simulated CASH_OUT,False,2026-10-01T16:02:57.718686+00:00,16,0,1.9,1
1e84ccb84638e9a84c9f0f79e617d747,TXN-65BB4FDD,b59d7cf42c5bfc03b00fa5ae8417f581,4c78b5ebb63af8ec922f3fa771763324,,177.76,0.0,RECHARGE,COMPLETED,Recharge,Simulated RECHARGE,False,2026-09-25T10:34:52.718686+00:00,10,0,-1.29,1
abb9690f64f1077d3b3cd19a5035565f,TXN-3451FE51,3db00c6efa2ff90560fd5e189b42a097,b780a4cf9f6267374ca9ca7c3042586f,,115.42,0.0,RECHARGE,COMPLETED,Recharge,Simulated RECHARGE,False,2026-08-31T05:59:46.718686+00:00,5,1,-1.32,2
d61a9fc3c738578af84e0f8cace61910,TXN-35C2B7A2,641575d590fb761036ec5b80cdf1203a,65934a85ba1c9c2d039acb02a4e9f5a7,,108.31,0.0,MERCHANT_PAY,COMPLETED,Merchant Pay,Simulated MERCHANT_PAY,False,2026-09-30T09:44:35.718686+00:00,9,0,-1.33,1
3d0e52b776c64b44bfb0e63460bb93af,TXN-EFE4036C,afcf8f047d02a8cefb9e5053b9802e7a,c93486184196482ee09eeb5394eb3284,,6375.19,5.0,SEND_MONEY,COMPLETED,Send Money,Simulated SEND_MONEY,False,2026-08-04T10:37:41.718686+00:00,10,0,2.15,1
fe5e50de4cd6adae72d020d54555f88d,TXN-373BDC3E,137a8acc36e33a1b4682c358e6592082,9f29423a96953422c38499fabad1f7e2,9f29423a96953422c38499fabad1f7e2,1659.72,15.0,CASH_OUT,COMPLETED,Cash Out,Simulated CASH_OUT,False,2026-09-22T10:42:08.718686+00:00,10,0,-0.47,1
5d0726843494121e94e96af36441099e,TXN-A1EDA30D,fadf4e0aa4e6db699191d450e3cfca90,0fc954a8903d8d3906c6f655090a2772,,2110.0,0.0,MERCHANT_PAY,COMPLETED,Merchant Pay,Simulated MERCHANT_PAY,False,2026-09-12T00:47:54.718686+00:00,0,0,-0.22,1
8ef1bff20b0a4eaee1184774efa28b86,TXN-E8237D0C,56e8207d13bee145b0139e9bb3a77636,e11d3919fbbacb05b53b3da8bde233d6,,1540.96,5.0,SEND_MONEY,COMPLETED,Send Money,Simulated SEND_MONEY,False,2026-07-18T17:50:41.718686+00:00,17,0,-0.53,1
c7285412f3beb6b0c7b014f2fb7c2c15,TXN-F5AD140C,85f0ded8f46c29dac6e1885bc1cd8cb0,3b07bdc1c386d1c7a5047c4d4a4a0ea7,,13698.69,5.0,SEND_MONEY,COMPLETED,Send Money,Simulated SEND_MONEY,False,2026-09-07T18:44:12.718686+00:00,18,0,6.22,1
c9f9009231401e79c5c15c994029f2c1,TXN-98D4FF78,5fde7da627ef89562f5d2e5138fcc716,5aeb81f0b34f243855d547a027205162,,4147.57,5.0,SEND_MONEY,COMPLETED,Send Money,Simulated SEND_MONEY,False,2026-08-25T00:22:15.718686+00:00,0,0,0.92,1
68222c7e7d2437a1cf13ea82bca2ce3b,TXN-F77D0250,92d9cb140eda53d5046b82d656354805,67108e809ac0c87e3f3f926a9e8a9569,,3010.13,0.0,BILL_PAY,COMPLETED,Bill Pay,Simulated BILL_PAY,False,2026-09-21T07:30:52.718686+00:00,7,0,0.28,1
22297b41a1e96e683510fed07616c776,TXN-9CB24F9E,3db00c6efa2ff90560fd5e189b42a097,b7602bda5c16c93cd75c0dbcdd2f6d6c,,3155.76,5.0,SEND_MONEY,COMPLETED,Send Money,Simulated SEND_MONEY,False,2026-08-31T06:34:15.718686+00:00,6,0,0.36,1
2112b59cf16eb9e1e7ce24b7850456e6,TXN-47E7759D,f611ce5213887ad5e4699085f1c73845,6fa7dee9d506c590d0adc559242b754b,,416.36,5.0,SEND_MONEY,COMPLETED,Send Money,Simulated SEND_MONEY,False,2026-08-20T22:45:44.718686+00:00,22,0,-1.16,1
c0e9aa2596fda71ec33047a471b1a067,TXN-CA25540F,6a060089e6f56f9afb27d9b83a2b7c9f,ba62a89e273f83051020288c4d221f17,,4649.56,5.0,SEND_MONEY,COMPLETED,Send Money,Simulated SEND_MONEY,False,2026-08-23T20:14:15.718686+00:00,20,0,1.19,1
dff0400d0b4c3591d6cfff262aac2425,TXN-EE761491,22c8bad4d62b01cf4e1270d7be143d90,920d641d4f1838031412092365b508f9,,448.54,0.0,RECHARGE,COMPLETED,Recharge,Simulated RECHARGE,False,2026-09-27T12:37:15.718686+00:00,12,0,-1.14,1
a37418bdb447c9739aaae669de62c890,TXN-DAB63113,56d3630d48a7c5213076e6c42c8e9cc3,39495bec7941dda30d5ffb10dc7835a0,56d3630d48a7c5213076e6c42c8e9cc3,9090.42,0.0,CASH_IN,COMPLETED,Cash In,Simulated CASH_IN,False,2026-10-01T21:41:13.718686+00:00,21,0,3.66,1
762db48e3cdce257372b46456b39deb4,TXN-BF930FBC,56e8207d13bee145b0139e9bb3a77636,7646bcb6920612b5e359b12633365514,,2890.37,0.0,BILL_PAY,COMPLETED,Bill Pay,Simulated BILL_PAY,False,2026-07-07T04:33:55.718686+00:00,4,1,0.22,1
4f275bf75ec104a6352b84226f3a48f8,TXN-5717731D,e11d3919fbbacb05b53b3da8bde233d6,1b99ddafaa28f74dc164af9e24830bad,,975.35,0.0,MERCHANT_PAY,COMPLETED,Merchant Pay,Simulated MERCHANT_PAY,False,2026-07-15T07:19:08.718686+00:00,7,0,-0.85,1
e1b1fa122e1b988bb4b392fe5bd95247,TXN-6A3E8E2C,a0a78b533b925cc977153bb8cccf195f,28bad9c9332ec0e5025efc44e6a7a54f,a0a78b533b925cc977153bb8cccf195f,4257.42,0.0,CASH_IN,COMPLETED,Cash In,Simulated CASH_IN,False,2026-08-06T02:00:16.718686+00:00,2,1,0.98,1
5a071b22b897312de6f1d13fe2f121a5,TXN-1801B70F,4c64ccf00086f53c7786ee74543a024a,94c1c7dc8088ba9666392ead9b770797,,1944.9,0.0,MERCHANT_PAY,COMPLETED,Merchant Pay,Simulated MERCHANT_PAY,False,2026-08-10T11:44:48.718686+00:00,11,0,-0.31,1
7284d015512e6136b8c0e6cfeb0ef38d,TXN-26EF0956,ab033cdcb66402849ab1b6df20d638bb,d2c0e952054db218612de01b8b401e3d,,1346.89,5.0,SEND_MONEY,COMPLETED,Send Money,Simulated SEND_MONEY,False,2026-08-28T22:02:34.718686+00:00,22,0,-0.64,1
